insert into `access_control`(`id`,`partner_id`,`name`,`system_name`,`description`,`created_at`,`updated_at`,`deleted_at`,`site_restrict_type`,`site_restrict_list`,`country_restrict_type`,`country_restrict_list`,`ks_restrict_privilege`,`prv_restrict_privilege`,`prv_restrict_length`,`kdir_restrict_type`,`custom_data`) values (1,99,'Default','','default access control profile',now(),now(),null,null,null,null,null,null,null,null,null,null);

insert into `conversion_profile_2`(`id`,`partner_id`,`name`,`created_at`,`updated_at`,`deleted_at`,`description`,`system_name`,`tags`,`status`,`default_entry_id`,`crop_left`,`crop_top`,`crop_width`,`crop_height`,`clip_start`,`clip_duration`,`input_tags_map`,`creation_mode`,`custom_data`) values (1,99,'Default',now(),now(),null,'The default set of flavors. If not specified otherwise all media uploaded will be converted based on the definition in this profile','Default','',2,null,-1,-1,-1,-1,-1,-1,'web',1,null);

insert into `entry`(`id`,`kshow_id`,`kuser_id`,`name`,`type`,`media_type`,`data`,`thumbnail`,`views`,`votes`,`comments`,`favorites`,`total_rank`,`rank`,`tags`,`anonymous`,`status`,`source`,`source_id`,`source_link`,`license_type`,`credit`,`length_in_msecs`,`created_at`,`updated_at`,`partner_id`,`display_in_search`,`subp_id`,`custom_data`,`search_text`,`screen_name`,`site_url`,`permissions`,`group_id`,`plays`,`partner_data`,`int_id`,`indexed_custom_data_1`,`description`,`media_date`,`admin_tags`,`moderation_status`,`moderation_count`,`modified_at`,`puser_id`,`access_control_id`,`conversion_profile_id`,`categories`,`categories_ids`,`search_text_discrete`,`flavor_params_ids`,`start_date`,`end_date`,`available_from`) values 
('_KMCLOGO','_KMCLOGO',1,'Kaltura Logo For KMC',1,1,'&kmc_logo.flv','100000.jpg',0,0,0,0,0,0,'logo, animated, demo',null,2,null,null,null,null,null,2700,now(),now(),0,2,0,null,null,null,null,1,null,0,null,1,null,'A black version of the Kaltura animated logo',null,null,2,0,null,null,null,null,null,null,null,null,null,null,now()),
('_KMCLOGO1','_KMCLOGO1',1,'Kaltura Logo For KMC (Black)',1,1,'&kaltura_logo_animated_black.flv','100000.jpg',0,0,0,0,0,0,'logo, animated, demo',null,2,null,null,null,null,null,2700,now(),now(),0,2,0,null,null,null,null,1,null,0,null,2,null,'A black version of the Kaltura animated logo',null,null,2,0,null,null,null,null,null,null,null,null,null,null,now()),
('_KMCLOGO2','_KMCLOGO2',1,'Kaltura Logo For KMC (Blue)',1,1,'&kaltura_logo_animated_blue.flv','100000.jpg',0,0,0,0,0,0,'logo, animated, demo',null,2,null,null,null,null,null,2700,now(),now(),0,2,0,null,null,null,null,1,null,0,null,3,null,'A blue version of the Kaltura animated logo',null,null,2,0,null,null,null,null,null,null,null,null,null,null,now()),
('_KMCLOGO3','_KMCLOGO3',1,'Kaltura Logo For KMC (Green)',1,1,'&kaltura_logo_animated_green.flv','100000.jpg',0,0,0,0,0,0,'logo, animated, demo',null,2,null,null,null,null,null,2700,now(),now(),0,2,0,null,null,null,null,1,null,0,null,4,null,'A green version of the Kaltura animated logo',null,null,2,0,null,null,null,null,null,null,null,null,null,null,now()),
('_KMCLOGO4','_KMCLOGO4',1,'Kaltura Logo For KMC (Pink)',1,1,'&kaltura_logo_animated_pink.flv','100000.jpg',0,0,0,0,0,0,'logo, animated, demo',null,2,null,null,null,null,null,2700,now(),now(),0,2,0,null,null,null,null,1,null,0,null,5,null,'A purple version of the Kaltura animated logo',null,null,2,0,null,null,null,null,null,null,null,null,null,null,now()),
('_KMCLOGO5','_KMCLOGO5',1,'Kaltura Logo For KMC (Red)',1,1,'&kaltura_logo_animated_red.flv','100000.jpg',0,0,0,0,0,0,'logo, animated, demo',null,2,null,null,null,null,null,2700,now(),now(),0,2,0,null,null,null,null,1,null,0,null,6,null,'A red version of the Kaltura animated logo',null,null,2,0,null,null,null,null,null,null,null,null,null,null,now()),
('_KMCSPL1',null,1,'PlaylistDemo1',5,3,'100000.txt',null,0,0,0,0,0,0,'demo 1 for app studio',null,2,null,null,null,-1,null,0,now(),now(),0,2,0,null,null,null,null,1,null,0,null,7,null,null,null,null,2,0,now(),null,null,null,null,null,null,null,null,null,now()),
('_KMCSPL2',null,1,'PlaylistDemo2',5,3,'100000.txt',null,0,0,0,0,0,0,'demo 2 for app studio',null,2,null,null,null,-1,null,0,now(),now(),0,2,0,null,null,null,null,1,null,0,null,8,null,null,null,null,2,0,now(),null,null,null,null,null,null,null,null,null,now()),
('_TPNWQV400','a2w4knohjw',99,'Normal web quality video (400kbps)',1,1,'100000.flv','100000.jpg',9,0,0,0,0,0,'fish',null,2,5,null,null,-1,null,29780,now(),now(),99,2,9900,'a:5:{s:18:"conversion_quality";s:6:"101446";s:7:"puserId";N;s:6:"height";s:3:"480";s:5:"width";s:3:"640";s:12:"storage_size";i:1867662;}','_KAL_NET_ _99_ _MEDIA_TYPE_1|  Normal web quality video (400kbps) fish fish',null,null,1,null,3,null,4267710,null,'',null,'fish',6,0,now(),'1',1,null,'fish','4','_CAT_4 _DURATION_short _FLAVOR_',null,null,null,now()),
('_TPEWQ1200','p5okv2jqyu',99,'Excellent web quality video (1200kbps)',1,1,'100000.flv','100000.jpg',4,0,0,0,0,0,'fish',null,2,5,null,null,-1,null,29780,now(),now(),99,2,9900,'a:5:{s:18:"conversion_quality";s:6:"101447";s:7:"puserId";N;s:6:"height";s:3:"480";s:5:"width";s:3:"640";s:12:"storage_size";i:4825651;}','_KAL_NET_ _99_ _MEDIA_TYPE_1|  Excellent web quality video (1200kbps) fish fish',null,null,1,null,4,null,4267712,null,'',null,'fish',6,0,now(),'1',1,null,'fish','4','_CAT_4 _DURATION_short _FLAVOR_',null,null,null,now()),
('_TPSKL_PIC','t60g67o1g8',99,'Sample Kaltura Logo',1,2,'100000.png','100000.jpg',1,0,0,0,0,0,'logo, kaltura, image',null,2,1,null,null,null,null,0,now(),now(),99,2,9900,'a:5:{s:18:"conversion_quality";s:6:"101444";s:7:"puserId";N;s:6:"height";i:260;s:5:"width";i:350;s:12:"storage_size";i:21236;}','_KAL_NET_ _99_ _MEDIA_TYPE_2|  Sample Kaltura Logo logo, kaltura, image Kaltura logo image',null,null,1,null,1,'conversionQuality:101444;',4267713,null,'Kaltura logo',null,'image',2,0,now(),'1',1,null,'image','3','_CAT_3 _DURATION_short _FLAVOR_',null,null,null,now()),
('_TPSKALVID','hmuuutws7k',99,'Sample Kaltura Animated Logo',1,1,'100000.flv','100000.jpg',2,0,0,0,0,0,'kaltura, logo, anmated, video',null,2,1,null,null,null,null,5068,now(),now(),99,2,9900,'a:5:{s:18:"conversion_quality";s:6:"101445";s:7:"puserId";N;s:6:"height";s:3:"300";s:5:"width";s:3:"400";s:12:"storage_size";i:335684;}','_KAL_NET_ _99_ _MEDIA_TYPE_1|  Sample Kaltura Animated Logo kaltura, logo, anmated, video Kaltura animated logo video',null,null,1,null,2,'conversionQuality:101445;',4267715,null,'Kaltura animated logo',null,'video',6,0,now(),'1',1,null,'video','2','_CAT_2 _DURATION_short _FLAVOR_',null,null,null,now()),
('_TPSBBBTHD','corx3i318g',99,'Sample Big Buck Bunny Trailer (HD)',1,1,'100000.flv','100000.jpg',3,0,0,0,0,0,'hd content, video, bunny',null,2,5,null,'http://mirror.cs.umn.edu/blender.org/peach/trailer/trailer_720p.mov',-1,null,33023,now(),now(),99,2,9900,'a:5:{s:18:"conversion_quality";s:1:"4";s:7:"puserId";N;s:6:"height";s:3:"720";s:5:"width";s:4:"1280";s:12:"storage_size";i:11582028;}','_KAL_NET_ _99_ _MEDIA_TYPE_1|  Sample Big Buck Bunny Trailer (HD) hd content, video, bunny Big buck bunny trailer in HD hd content,video',null,null,1,null,3,null,4267716,null,'Big buck bunny trailer in HD',null,'hd content,video',6,0,now(),'1',1,null,'hd content,video','1,2','_CAT_1 _CAT_2 _DURATION_short _FLAVOR_',null,null,null,now()),
('_TPRSVLIST','-1',99,'Recent Sea Videos',5,10,'100000.xml',null,0,0,0,0,0,0,'',null,2,null,null,null,null,null,0,now(),now(),99,2,9900,'a:1:{s:7:"puserId";N;}',null,null,null,1,null,0,null,4267718,null,'',null,'',2,0,now(),'1',1,null,'','','_DURATION_short _FLAVOR_',null,null,null,now()),
('_TPMYIMGPL','-1',99,'My images',5,10,'100000.xml',null,0,0,0,0,0,0,'',null,2,null,null,null,null,null,0,now(),now(),99,2,9900,'a:1:{s:7:"puserId";N;}',null,null,null,1,null,0,null,4267720,null,'All my images 2',null,'',2,0,now(),'1',1,null,'','','_DURATION_short _FLAVOR_',null,null,null,now()),
('_TPMRVLIST','-1',99,'Most recent videos',5,10,'100000.xml',null,0,0,0,0,0,0,'',null,2,null,null,null,null,null,0,now(),now(),99,2,9900,'a:1:{s:7:"puserId";N;}',null,null,null,1,null,0,null,4267721,null,'10 most  recent videos',null,'',2,0,now(),'1',1,null,'','','_DURATION_short _FLAVOR_',null,null,null,now()),
('_TPMPVLIST','-1',99,'Most popular videos',5,10,'100000.xml',null,0,0,0,0,0,0,'',null,2,null,null,null,null,null,0,now(),now(),99,2,9900,'a:1:{s:7:"puserId";N;}',null,null,null,1,null,0,null,4267723,null,'Most Popular videos (top 30)',null,'',2,0,now(),'1',1,null,'','','_DURATION_short _FLAVOR_',null,null,null,now());

insert into `file_sync`(`id`,`partner_id`,`object_type`,`object_id`,`version`,`object_sub_type`,`dc`,`original`,`created_at`,`updated_at`,`ready_at`,`sync_time`,`status`,`file_type`,`linked_id`,`link_count`,`file_root`,`file_path`,`file_size`) values 
(1,0,4,'_KMCLOGO','1',1,0,1,now(),now(),now(),null,2,null,null,null,'@WEB_DIR@/','/content/templates/entry/data/kmc_logo.flv',277975),
(2,0,4,'_KMCLOGO2','1',1,0,1,now(),now(),now(),null,2,null,null,null,'@WEB_DIR@/','/content/templates/entry/data/kaltura_logo_animated_blue.flv',2743980),
(3,0,4,'_KMCLOGO3','1',1,0,1,now(),now(),now(),null,2,null,null,null,'@WEB_DIR@/','/content/templates/entry/data/kaltura_logo_animated_green.flv',2615388),
(4,0,4,'_KMCLOGO4','1',1,0,1,now(),now(),now(),null,2,null,null,null,'@WEB_DIR@/','/content/templates/entry/data/kaltura_logo_animated_pink.flv',2490304),
(5,0,4,'_KMCLOGO5','1',1,0,1,now(),now(),now(),null,2,null,null,null,'@WEB_DIR@/','/content/templates/entry/data/kaltura_logo_animated_red.flv',2966138),
(6,0,4,'_KMCLOGO1','1',1,0,1,now(),now(),now(),null,2,null,null,null,'@WEB_DIR@/','/content/templates/entry/data/kaltura_logo_animated_black.flv',2898373),
(7,0,1,'_KMCLOGO','100000',3,0,1,now(),now(),now(),null,2,null,null,null,'@WEB_DIR@/','/content/templates/entry/thumbnail/kmc_logo.jpg',36676),
(8,0,1,'_KMCLOGO2','100000',3,0,1,now(),now(),now(),null,2,null,null,null,'@WEB_DIR@/','/content/templates/entry/thumbnail/kaltura_logo_animated_blue.jpg',18463),
(9,0,1,'_KMCLOGO3','100000',3,0,1,now(),now(),now(),null,2,null,null,null,'@WEB_DIR@/','/content/templates/entry/thumbnail/kaltura_logo_animated_green.jpg',17572),
(10,0,1,'_KMCLOGO4','100000',3,0,1,now(),now(),now(),null,2,null,null,null,'@WEB_DIR@/','/content/templates/entry/thumbnail/kaltura_logo_animated_pink.jpg',16985),
(11,0,1,'_KMCLOGO5','100000',3,0,1,now(),now(),now(),null,2,null,null,null,'@WEB_DIR@/','/content/templates/entry/thumbnail/kaltura_logo_animated_red.jpg',19930),
(12,0,1,'_KMCLOGO1','100000',3,0,1,now(),now(),now(),null,2,null,null,null,'@WEB_DIR@/','/content/templates/entry/thumbnail/kaltura_logo_animated_black.jpg',19521),
(13,0,1,'_KMCSPL1','100000',1,0,1,now(),now(),now(),null,2,1,null,null,'@WEB_DIR@/','/content/templates/entry/data/kmc_template_playlist1.txt',49),
(14,0,1,'_KMCSPL1','100000',1,1,0,now(),now(),null,null,1,null,null,null,null,null,null),
(15,0,1,'_KMCSPL2','100000',1,0,1,now(),now(),now(),null,2,1,null,null,'@WEB_DIR@/','/content/templates/entry/data/kmc_template_playlist2.txt',49),
(16,0,1,'_KMCSPL2','100000',1,1,0,now(),now(),null,null,1,null,null,null,null,null,null),
(17,0,2,'199',null,1,0,1,now(),now(),now(),null,2,1,null,null,'@WEB_DIR@/','content/uiconf/kaltura/generic/kdp/kdp_regular.xml',14603),
(18,0,2,'200',null,1,0,1,now(),now(),now(),null,2,1,null,null,'@WEB_DIR@/','content/uiconf/kaltura/kmc/embedplayers/player_dark_400_335.xml',11638),
(19,0,2,'47400',null,1,0,1,now(),now(),now(),null,2,1,null,null,'@WEB_DIR@/','content/uiconf/kaltura/generic/kae_1.0.10/kae_generic_generic.xml',4405),
(20,0,2,'48304',null,1,0,1,now(),now(),now(),null,2,1,null,null,'@WEB_DIR@/','content/uiconf/kaltura/kmc/embedplayers/playlist_vertical_white_400_600.xml',14503),
(21,0,2,'48305',null,1,0,1,now(),now(),now(),null,2,1,null,null,'@WEB_DIR@/','content/uiconf/kaltura/kmc/embedplayers/playlist_vertical_dark_400_600.xml',14502),
(22,0,2,'48306',null,1,0,1,now(),now(),now(),null,2,1,null,null,'@WEB_DIR@/','content/uiconf/kaltura/kmc/embedplayers/playlist_horizontal_white_740_335.xml',14516),
(23,0,2,'48307',null,1,0,1,now(),now(),now(),null,2,1,null,null,'@WEB_DIR@/','content/uiconf/kaltura/kmc/embedplayers/playlist_horizontal_dark_740_335.xml',14502),
(24,0,2,'501',null,1,0,1,now(),now(),now(),null,2,1,null,null,'@WEB_DIR@/','content/uiconf/kaltura/wordpress/cw_wordpress.xml',4606),
(25,0,2,'502',null,1,0,1,now(),now(),now(),null,2,1,null,null,'@WEB_DIR@/','content/uiconf/kaltura/wordpress/se_wordpress.xml',482),
(26,0,2,'503',null,1,0,1,now(),now(),now(),null,2,1,null,null,'@WEB_DIR@/','content/uiconf/kaltura/wordpress/cw_wordpress_comments.xml',3822),
(27,0,2,'504',null,1,0,1,now(),now(),now(),null,2,1,null,null,'@WEB_DIR@/','content/uiconf/kaltura/wordpress/cw_wordpress_in_se.xml',4614),
(28,0,2,'520',null,1,0,1,now(),now(),now(),null,2,1,null,null,'@WEB_DIR@/','content/uiconf/kaltura/wordpress/kdp_1.1.11/kdp_wordpress_v2.1_whiteblue.xml',19830),
(29,0,2,'521',null,1,0,1,now(),now(),now(),null,2,1,null,null,'@WEB_DIR@/','content/uiconf/kaltura/wordpress/kdp_1.1.11/kdp_wordpress_v2.1_dark.xml',29950),
(30,0,2,'522',null,1,0,1,now(),now(),now(),null,2,1,null,null,'@WEB_DIR@/','content/uiconf/kaltura/wordpress/kdp_1.1.11/kdp_wordpress_v2.1_gray.xml',19810),
(31,0,2,'523',null,1,0,1,now(),now(),now(),null,2,1,null,null,'@WEB_DIR@/','content//uiconf/kaltura/wordpress/kdp_1.1.11/kdp_wordpress_thumb_v2.1_gray.xml',4959),
(32,0,2,'530',null,1,0,1,now(),now(),now(),null,2,1,null,null,'@WEB_DIR@/','content/uiconf/kaltura/wordpress/kdp_2.0.12/kdp_wordpress_v2_blue.xml',34037),
(33,0,2,'531',null,1,0,1,now(),now(),now(),null,2,1,null,null,'@WEB_DIR@/','content/uiconf/kaltura/wordpress/kdp_2.0.12/kdp_wordpress_v2_dark.xml',34003),
(34,0,2,'532',null,1,0,1,now(),now(),now(),null,2,1,null,null,'@WEB_DIR@/','content/uiconf/kaltura/wordpress/kdp_2.0.12/kdp_wordpress_v2_light.xml',34045),
(35,0,2,'600',null,1,0,1,now(),now(),now(),null,2,1,null,null,'@WEB_DIR@/','content/uiconf/kaltura/drupal/kdp_drupal.xml',3101),
(36,0,2,'601',null,1,0,1,now(),now(),now(),null,2,1,null,null,'@WEB_DIR@/','content/uiconf/kaltura/drupal/cw_drupal.xml',4123),
(37,0,2,'602',null,1,0,1,now(),now(),now(),null,2,1,null,null,'@WEB_DIR@/','content/uiconf/kaltura/drupal/cw_drupal_in_se.xml',4131),
(38,0,2,'603',null,1,0,1,now(),now(),now(),null,2,1,null,null,'@WEB_DIR@/','content/uiconf/kaltura/drupal/se_drupal.xml',719),
(39,0,2,'604',null,1,0,1,now(),now(),now(),null,2,1,null,null,'@WEB_DIR@/','content/uiconf/kaltura/drupal/kdp_1.1.11/kdp_drupal_v2.1_dark_remix.xml',7413),
(40,0,2,'605',null,1,0,1,now(),now(),now(),null,2,1,null,null,'@WEB_DIR@/','content/uiconf/kaltura/drupal/kdp_1.1.11/kdp_drupal_v2.1_dark_view.xml',7149),
(41,0,2,'606',null,1,0,1,now(),now(),now(),null,2,1,null,null,'@WEB_DIR@/','content/uiconf/kaltura/drupal/kdp_1.1.11/kdp_drupal_v2.1_gray_remix.xml',4878),
(42,0,2,'607',null,1,0,1,now(),now(),now(),null,2,1,null,null,'@WEB_DIR@/','content/uiconf/kaltura/drupal/kdp_1.1.11/kdp_drupal_v2.1_gray_view.xml',4605),
(43,0,2,'608',null,1,0,1,now(),now(),now(),null,2,1,null,null,'@WEB_DIR@/','content/uiconf/kaltura/drupal/kdp_1.1.11/kdp_drupal_v2.1_whiteblue_remix.xml',4884),
(44,0,2,'609',null,1,0,1,now(),now(),now(),null,2,1,null,null,'@WEB_DIR@/','content/uiconf/kaltura/drupal/kdp_1.1.11/kdp_drupal_v2.1_whiteblue_view.xml',4610),
(45,0,2,'610',null,1,0,1,now(),now(),now(),null,2,1,null,null,'@WEB_DIR@/','content/uiconf/kaltura/drupal/cw_drupal_comments.xml',996),
(46,0,2,'48506',null,1,0,1,now(),now(),now(),null,2,1,null,null,'@WEB_DIR@/','content/uiconf/kaltura/kmc/content/kdp_kmc_content_moderation.xml',5403),
(47,0,2,'31008',null,1,0,1,now(),now(),now(),null,2,1,null,null,'@WEB_DIR@/','content/uiconf/kaltura/kmc/appstudio/kdp3/player_30_ui.xml',37374),
(48,0,2,'31008',null,2,0,1,now(),now(),now(),null,2,1,null,null,'@WEB_DIR@/','content/uiconf/kaltura/kmc/appstudio/kdp3/player_30_ui.features.xml',63329),
(49,0,2,'31009',null,1,0,1,now(),now(),now(),null,2,1,null,null,'@WEB_DIR@/','content/uiconf/kaltura/kmc/appstudio/kdp3/playlist_30_ui.xml',37368),
(50,0,2,'31009',null,2,0,1,now(),now(),now(),null,2,1,null,null,'@WEB_DIR@/','content/uiconf/kaltura/kmc/appstudio/kdp3/playlist_30_ui.features.xml',66924),
(51,0,2,'48501',null,1,0,1,now(),now(),now(),null,2,1,null,null,'@WEB_DIR@/','content/uiconf/kaltura/kmc/content/kdp_kmc_content_light.xml',6173),
(52,0,2,'48502',null,1,0,1,now(),now(),now(),null,2,1,null,null,'@WEB_DIR@/','content/uiconf/kaltura/kmc/content/kdp_kmc_content_dark.xml',10611),
(53,0,2,'1000005','1',1,0,1,now(),now(),now(),null,2,1,null,null,'@WEB_DIR@/','content/templates/uiconf/kdp3/widescreenLightskin.xml',12792),
(54,0,2,'1000005','1',2,0,1,now(),now(),now(),null,2,1,null,null,'@WEB_DIR@/','content/templates/uiconf/kdp3/widescreenLightskin.features.xml',12561),
(55,0,2,'1000006','1',1,0,1,now(),now(),now(),null,2,1,null,null,'@WEB_DIR@/','content/templates/uiconf/kdp3/widescreenPlaylistDark.xml',14431),
(56,0,2,'1000006','1',2,0,1,now(),now(),now(),null,2,1,null,null,'@WEB_DIR@/','content/templates/uiconf/kdp3/widescreenPlaylistDark.features.xml',15946),
(57,0,2,'1000007','1',1,0,1,now(),now(),now(),null,2,1,null,null,'@WEB_DIR@/','content/templates/uiconf/kdp3/playerNoShare.xml',11215),
(58,0,2,'1000007','1',2,0,1,now(),now(),now(),null,2,1,null,null,'@WEB_DIR@/','content/templates/uiconf/kdp3/playerNoShare.features.xml',12586),
(59,0,2,'1000008','1',1,0,1,now(),now(),now(),null,2,1,null,null,'@WEB_DIR@/','content/templates/uiconf/kdp3/WatermarkPlayer.xml',12725),
(60,0,2,'1000008','1',2,0,1,now(),now(),now(),null,2,1,null,null,'@WEB_DIR@/','content/templates/uiconf/kdp3/WatermarkPlayer.features.xml',12585),
(61,0,2,'1000009','1',1,0,1,now(),now(),now(),null,2,1,null,null,'@WEB_DIR@/','content/templates/uiconf/kdp3/MultiPlaylists.xml',15150),
(62,0,2,'1000009','1',2,0,1,now(),now(),now(),null,2,1,null,null,'@WEB_DIR@/','content/templates/uiconf/kdp3/MultiPlaylists.features.xml',15919),
(63,99,4,'FA_SBBBTHD','100000',1,0,1,now(),now(),now(),null,2,1,null,497,'@WEB_DIR@/','content/templates/entry/data/SampleBigBuckBunnyTrailer.flv',11582028),
(64,99,4,'FA_NWQV400','100000',1,0,1,now(),now(),now(),null,2,1,null,502,'@WEB_DIR@/','content/templates/entry/data/NormalWebQualityVideo.flv',1867662),
(65,99,4,'FA_EWQ1200','100000',1,0,1,now(),now(),now(),null,2,1,null,500,'@WEB_DIR@/','content/templates/entry/data/ExcellentWebQualityVideo.flv',4825651),
(66,99,4,'FA_SKALVID','100000',1,0,1,now(),now(),now(),null,2,1,null,501,'@WEB_DIR@/','content/templates/entry/data/SampleKalturaAnimatedLogo.flv',335684),
(67,99,1,'_TPMRVLIST','100000',1,0,1,now(),now(),now(),null,2,1,null,498,'@WEB_DIR@/','content/templates/entry/data/MostRecentVideos.xml',276),
(68,99,1,'_TPSKL_PIC','100000',1,0,1,now(),now(),now(),null,2,1,null,500,'@WEB_DIR@/','content/templates/entry/data/SampleKalturaLogo.png',10618),
(69,99,1,'_TPMPVLIST','100000',1,0,1,now(),now(),now(),null,2,1,null,499,'@WEB_DIR@/','content/templates/entry/data/MostPopularVideos.xml',271),
(70,99,1,'_TPMYIMGPL','100000',1,0,1,now(),now(),now(),null,2,1,null,499,'@WEB_DIR@/','content/templates/entry/data/MyImages.xml',286),
(71,99,1,'_TPSBBBTHD','100000',3,0,1,now(),now(),now(),null,2,1,null,499,'@WEB_DIR@/','content/templates/entry/thumbnail/SampleBigBuckBunnyThumb.jpg',270089),
(72,99,1,'_TPEWQ1200','100000',3,0,1,now(),now(),now(),null,2,1,null,504,'@WEB_DIR@/','content/templates/entry/thumbnail/ExcellentWebQualityVideoThumb.jpg',45457),
(73,99,1,'_TPSKALVID','100000',3,0,1,now(),now(),now(),null,2,1,null,500,'@WEB_DIR@/','content/templates/entry/thumbnail/SampleKalturaAnimatedLogoThumb.jpg',13617),
(74,99,1,'_TPSKL_PIC','100000',3,0,1,now(),now(),now(),null,2,1,null,null,'@WEB_DIR@/','content/templates/entry/thumbnail/SampleKalturaLogoThumb.jpg',1667),
(75,99,1,'_TPNWQV400','100000',3,0,1,now(),now(),now(),null,2,1,null,511,'@WEB_DIR@/','content/templates/entry/thumbnail/NormalWebQualityVideoThumb.jpg',42262),
(76,99,1,'_TPRSVLIST','100000',1,0,1,now(),now(),now(),null,2,1,null,498,'@WEB_DIR@/','content/templates/entry/data/RecentSeaVideos.xml',280),
(77,0,2,'1002217',null,1,0,1,now(),now(),null,null,2,1,null,null,'@WEB_DIR@/','content/uiconf/special/1002217.xml',2765),
(78,0,2,'1002225',null,1,0,1,now(),now(),null,null,2,1,null,null,'@WEB_DIR@/','content/uiconf/special/1002225.xml',5018),
(79,0,2,'1002226',null,1,0,1,now(),now(),null,null,2,1,null,null,'@WEB_DIR@/','content/uiconf/special/1002226.xml',774),
(80,0,2,'1003069',null,1,0,1,now(),now(),null,null,2,1,null,null,'@WEB_DIR@/','content/uiconf/special/1003069.xml',0),
(81,0,2,'611',null,1,0,1,now(),now(),null,null,2,1,null,null,'@WEB_DIR@/','content/uiconf/kaltura/drupal/cw_drupal_2.0_video_only.xml',3630),
(82,0,2,'612',null,1,0,1,now(),now(),null,null,2,1,null,null,'@WEB_DIR@/','content/uiconf/kaltura/drupal/cw_drupal_2.0_image_only.xml',3017),
(83,0,2,'613',null,1,0,1,now(),now(),null,null,2,1,null,null,'@WEB_DIR@/','content/uiconf/kaltura/drupal/cw_drupal_2.0_audio_only.xml',2783),
(84,0,2,'614',null,1,0,1,now(),now(),null,null,2,1,null,null,'@WEB_DIR@/','content/uiconf/kaltura/drupal/cw_drupal_2.0_all.xml',6464),
(85,0,2,'1000865',null,1,0,1,now(),now(),null,null,2,1,null,null,'@WEB_DIR@/','content/uiconf/kaltura/generic/kae_1.0.15/kae_generic_generic.xml',5097),
(86,0,2,'1638692',null,1,0,1,now(),now(),null,null,2,1,null,null,'@WEB_DIR@/','content/uiconf/special/1638692.xml',1905),
(87,0,2,'1466342',null,1,0,1,now(),now(),null,null,2,1,null,null,'@WEB_DIR@/','content/uiconf/special/1466342.xml',13246),
(88,0,2,'1466432',null,1,0,1,now(),now(),null,null,2,1,null,null,'@WEB_DIR@/','content/uiconf/special/1466432.xml',13241),
(89,0,2,'1466482',null,1,0,1,now(),now(),null,null,2,1,null,null,'@WEB_DIR@/','content/uiconf/special/1466482.xml',13242),
(90,0,2,'1496582',null,1,0,1,now(),now(),null,null,2,1,null,null,'@WEB_DIR@/','content/uiconf/special/1496582.xml',13243),
(91,0,2,'1347302',null,1,0,1,now(),now(),null,null,2,1,null,null,'@WEB_DIR@/','content/uiconf/special/1347302.xml',13277),
(92,0,2,'1347352',null,1,0,1,now(),now(),null,null,2,1,null,null,'@WEB_DIR@/','content/uiconf/special/1347352.xml',13284),
(93,0,2,'1676202',null,1,0,1,now(),now(),null,null,2,1,null,null,'@WEB_DIR@/','content/uiconf/special/1676202.xml',13259),
(94,0,2,'1347462',null,1,0,1,now(),now(),null,null,2,1,null,null,'@WEB_DIR@/','content/uiconf/special/1347462.xml',13284),
(95,0,2,'1433562',null,1,0,1,now(),now(),null,null,2,1,null,null,'@WEB_DIR@/','content/uiconf/special/1433562.xml',13275),
(96,0,2,'1435082',null,1,0,1,now(),now(),null,null,2,1,null,null,'@WEB_DIR@/','content/uiconf/special/1435082.xml',13283),
(97,0,2,'1435152',null,1,0,1,now(),now(),null,null,2,1,null,null,'@WEB_DIR@/','content/uiconf/special/1435152.xml',13258),
(98,0,2,'1435202',null,1,0,1,now(),now(),null,null,2,1,null,null,'@WEB_DIR@/','content/uiconf/special/1435202.xml',13283),
(99,0,2,'1013682',null,1,0,1,now(),now(),null,null,2,1,null,null,'@WEB_DIR@/','content/uiconf/special/1013682.xml',2883),
(100,0,2,'1013692',null,1,0,1,now(),now(),null,null,2,1,null,null,'@WEB_DIR@/','content/uiconf/special/1013692.xml',4680),
(101,0,2,'1292302',null,1,0,1,now(),now(),null,null,2,1,null,null,'@WEB_DIR@/','content/uiconf/special/1292302.xml',13271),
(102,0,2,'1103',null,1,0,1,now(),now(),null,null,2,1,null,null,'@WEB_DIR@/','content/uiconf/special/1103.xml',1959),
(103,0,2,'1002613',null,1,0,1,now(),now(),null,null,2,1,null,null,'@WEB_DIR@/','content/uiconf/moodle/kuploader/kuploader_all.xml',453),
(104,0,2,'1000973',null,1,0,1,now(),now(),null,null,2,1,null,null,'@WEB_DIR@/','content/uiconf/kaltura/generic/kcw_1.6.5/dark/kcw_noclose.xml',4575),
(105,0,2,'1727872',null,1,0,1,now(),now(),null,null,2,1,null,null,'@WEB_DIR@/','content/uiconf/special/1727872.xml',5197),
(106,0,2,'533',null,1,0,1,now(),now(),null,null,2,1,null,null,'@WEB_DIR@/','content/uiconf/kaltura/wordpress/kdp_2.0.12/kdp_wordpress_v2_thumbnail.xml',5787),
(107,0,2,'534',null,1,0,1,now(),now(),null,null,2,1,null,null,'@WEB_DIR@/','content/uiconf/kaltura/wordpress/wordpress_2.5/kdp3_light.xml',19286),
(108,0,2,'535',null,1,0,1,now(),now(),null,null,2,1,null,null,'@WEB_DIR@/','content/uiconf/special/1466342.xml',14088),
(109,0,2,'540',null,1,0,1,now(),now(),null,null,2,1,null,null,'@WEB_DIR@/','content/uiconf/kaltura/wordpress/wordpress_2.5/kse.xml',482),
(110,0,2,'541',null,1,0,1,now(),now(),null,null,2,1,null,null,'@WEB_DIR@/','content/uiconf/kaltura/wordpress/wordpress_2.5/kcw_for_kse.xml',5847),
(111,0,2,'542',null,1,0,1,now(),now(),null,null,2,1,null,null,'@WEB_DIR@/','content/uiconf/kaltura/wordpress/wordpress_2.5/kcw.xml',4738),
(112,0,2,'543',null,1,0,1,now(),now(),null,null,2,1,null,null,'@WEB_DIR@/','content/uiconf/kaltura/wordpress/wordpress_2.5/kcw_admin.xml',5865),
(113,0,2,'544',null,1,0,1,now(),now(),null,null,2,1,null,null,'@WEB_DIR@/','content/uiconf/kaltura/wordpress/wordpress_2.5/kcw_comments.xml',3925),
(114,0,2,'4396041',null,1,0,1,now(),now(),null,null,2,1,null,null,'@WEB_DIR@/','content/uiconf/special/4396041.xml',2700),
(115,0,2,'4396051',null,1,0,1,now(),now(),null,null,2,1,null,null,'@WEB_DIR@/','content/uiconf/special/4396051.xml',2430),
(116,0,2,'4396061',null,1,0,1,now(),now(),null,null,2,1,null,null,'@WEB_DIR@/','content/uiconf/special/4396061.xml',2620),
(117,0,2,'4396231',null,1,0,1,now(),now(),null,null,2,1,null,null,'@WEB_DIR@/','content/uiconf/special/4396231.xml',2120),
(118,0,2,'4396241',null,1,0,1,now(),now(),null,null,2,1,null,null,'@WEB_DIR@/','content/uiconf/special/4396241.xml',4200),
(119,0,2,'1426232',null,1,0,1,now(),now(),null,null,2,1,null,null,'@WEB_DIR@/','content/uiconf/special/1426232.xml',10912),
(120,0,2,'1426232',null,2,0,1,now(),now(),null,null,2,1,null,null,'@WEB_DIR@/','content/uiconf/special/1426232.features.xml',12851),
(121,0,2,'1426242',null,1,0,1,now(),now(),null,null,2,1,null,null,'@WEB_DIR@/','content/uiconf/special/1426242.xml',15012),
(122,0,2,'1426242',null,2,0,1,now(),now(),null,null,2,1,null,null,'@WEB_DIR@/','content/uiconf/special/1426242.features.xml',12849),
(123,0,2,'1798342',null,1,0,1,now(),now(),null,null,2,1,null,null,'@WEB_DIR@/','content/uiconf/special/1798342.xml',797),
(124,0,2,'4421301',null,1,0,1,now(),now(),null,null,2,1,null,null,'@WEB_DIR@/','content/uiconf/special/4421301.xml',null),
(125,0,2,'4421471',null,1,0,1,now(),now(),null,null,2,1,null,null,'@WEB_DIR@/','content/uiconf/special/4421471.xml',null),
(126,0,2,'1522202',null,1,0,1,now(),now(),null,null,2,1,null,null,'@WEB_DIR@/','content/uiconf/special/1522202.xml',15268),
(127,0,2,'1522202',null,2,0,1,now(),now(),null,null,2,1,null,null,'@WEB_DIR@/','content/uiconf/special/1522202.features.xml',13143),
(128,0,2,'1522362',null,1,0,1,now(),now(),null,null,2,1,null,null,'@WEB_DIR@/','content/uiconf/special/1522362.xml',14943),
(129,0,2,'1522362',null,2,0,1,now(),now(),null,null,2,1,null,null,'@WEB_DIR@/','content/uiconf/special/1522362.features.xml',13257),
(130,0,2,'2011401',null,1,0,1,now(),now(),null,null,2,1,null,null,'@WEB_DIR@/','content/uiconf/special/2011401.xml',5221),
(131,0,2,'2158531',null,1,0,1,now(),now(),null,null,2,1,null,null,'@WEB_DIR@/','content/uiconf/special/2158531.xml',10186),
(132,0,2,'2162571',null,1,0,1,now(),now(),null,null,2,1,null,null,'@WEB_DIR@/','content/uiconf/special/2162571.xml',8867),
(133,0,2,'2162571',null,2,0,1,now(),now(),null,null,2,1,null,null,'@WEB_DIR@/','content/uiconf/special/2162571.features.xml',15903),
(134,0,2,'2733871',null,1,0,1,now(),now(),null,null,2,1,null,null,'@WEB_DIR@/','content/uiconf/special/2733871.xml',4974);

insert into `flavor_asset`(`id`,`int_id`,`partner_id`,`tags`,`created_at`,`updated_at`,`deleted_at`,`entry_id`,`flavor_params_id`,`status`,`version`,`description`,`width`,`height`,`bitrate`,`frame_rate`,`size`,`is_original`,`file_ext`,`container_format`,`video_codec_id`,`type`,`custom_data`,`partner_data`) values 
('_KMCLOGO',1,0,'web,mbr',now(),now(),null,'_KMCLOGO',0,2,'1','',0,0,0,0,0,0,null,null,null,1,'a:3:{s:13:"FlavorBitrate";i:0;s:15:"FlavorFrameRate";d:0;s:18:"FlavorVideoCodecId";N;}',null),
('_KMCLOGO1',2,0,'web,mbr',now(),now(),null,'_KMCLOGO1',0,2,'1','',0,0,0,0,0,0,null,null,null,1,'a:3:{s:13:"FlavorBitrate";i:0;s:15:"FlavorFrameRate";d:0;s:18:"FlavorVideoCodecId";N;}',null),
('_KMCLOGO2',3,0,'web,mbr',now(),now(),null,'_KMCLOGO2',0,2,'1','',0,0,0,0,0,0,null,null,null,1,'a:3:{s:13:"FlavorBitrate";i:0;s:15:"FlavorFrameRate";d:0;s:18:"FlavorVideoCodecId";N;}',null),
('_KMCLOGO3',4,0,'web,mbr',now(),now(),null,'_KMCLOGO3',0,2,'1','',0,0,0,0,0,0,null,null,null,1,'a:3:{s:13:"FlavorBitrate";i:0;s:15:"FlavorFrameRate";d:0;s:18:"FlavorVideoCodecId";N;}',null),
('_KMCLOGO4',5,0,'web,mbr',now(),now(),null,'_KMCLOGO4',0,2,'1','',0,0,0,0,0,0,null,null,null,1,'a:3:{s:13:"FlavorBitrate";i:0;s:15:"FlavorFrameRate";d:0;s:18:"FlavorVideoCodecId";N;}',null),
('_KMCLOGO5',6,0,'web,mbr',now(),now(),null,'_KMCLOGO5',0,2,'1','',0,0,0,0,0,0,null,null,null,1,'a:3:{s:13:"FlavorBitrate";i:0;s:15:"FlavorFrameRate";d:0;s:18:"FlavorVideoCodecId";N;}',null),
('FA_SBBBTHD',7,99,'mbr,web',now(),now(),null,'_TPSBBBTHD',0,2,'100000','',1280,720,2721,25,11264,0,'flv','flash video','vp6',1,'a:3:{s:13:"FlavorBitrate";i:2721;s:15:"FlavorFrameRate";d:25;s:18:"FlavorVideoCodecId";s:3:"vp6";}',null),
('FA_EWQ1200',8,99,'mbr,web',now(),now(),null,'_TPEWQ1200',0,2,'100000','',640,480,1172,25,4710,0,'flv','flash video','h.263',1,'a:3:{s:13:"FlavorBitrate";i:1172;s:15:"FlavorFrameRate";d:25;s:18:"FlavorVideoCodecId";s:5:"h.263";}',null),
('FA_SKALVID',9,99,'mbr,web',now(),now(),null,'_TPSKALVID',0,2,'100000','',400,300,391,25,328,0,'flv','flash video','h.263',1,'a:3:{s:13:"FlavorBitrate";i:391;s:15:"FlavorFrameRate";d:25;s:18:"FlavorVideoCodecId";s:5:"h.263";}',null),
('FA_NWQV400',10,99,'mbr,web',now(),now(),null,'_TPNWQV400',0,2,'100000','',640,480,391,25,1822,0,'flv','flash video','h.263',1,'a:3:{s:13:"FlavorBitrate";i:391;s:15:"FlavorFrameRate";d:25;s:18:"FlavorVideoCodecId";s:5:"h.263";}',null);


insert into `flavor_params`(`id`,`version`,`partner_id`,`name`,`system_name`,`tags`,`description`,`ready_behavior`,`created_at`,`updated_at`,`deleted_at`,`is_default`,`format`,`video_codec`,`video_bitrate`,`audio_codec`,`audio_bitrate`,`audio_channels`,`audio_sample_rate`,`audio_resolution`,`width`,`height`,`frame_rate`,`gop_size`,`two_pass`,`conversion_engines`,`conversion_engines_extra_params`,`custom_data`,`view_order`,`bypass_by_extension`,`creation_mode`,`deinterlice`,`rotate`,`operators`,`engine_version`,`type`) values 
(0,0,0,'Source','Source','source','Maintains the original format and settings of the file - duplicate of the source file',0,now(),now(),null,1,'','',0,'',0,0,0,0,0,0,0,0,0,'','','a:12:{s:16:"FlavorVideoCodec";s:0:"";s:18:"FlavorVideoBitrate";i:0;s:16:"FlavorAudioCodec";s:0:"";s:18:"FlavorAudioBitrate";i:0;s:19:"FlavorAudioChannels";i:0;s:21:"FlavorAudioSampleRate";i:0;s:21:"FlavorAudioResolution";i:0;s:15:"FlavorFrameRate";d:0;s:13:"FlavorGopSize";i:0;s:13:"FlavorTwoPass";b:0;s:17:"FlavorDeinterlice";i:0;s:12:"FlavorRotate";i:0;}',0,null,1,0,0,null,null,1);
update flavor_params set id = 0 where id = 1;
ALTER TABLE flavor_params AUTO_INCREMENT = 1;

insert into `flavor_params`(`id`,`version`,`partner_id`,`name`,`system_name`,`tags`,`description`,`ready_behavior`,`created_at`,`updated_at`,`deleted_at`,`is_default`,`format`,`video_codec`,`video_bitrate`,`audio_codec`,`audio_bitrate`,`audio_channels`,`audio_sample_rate`,`audio_resolution`,`width`,`height`,`frame_rate`,`gop_size`,`two_pass`,`conversion_engines`,`conversion_engines_extra_params`,`custom_data`,`view_order`,`bypass_by_extension`,`creation_mode`,`deinterlice`,`rotate`,`operators`,`engine_version`,`type`) values 
(1,0,0,'HD','HD','web,mbr','High Definition',2,now(),now(),null,1,'flv','vp6',4000,'mp3',192,0,0,0,0,1080,0,0,0,'2,99,3','','a:12:{s:16:"FlavorVideoCodec";s:3:"vp6";s:18:"FlavorVideoBitrate";i:4000;s:16:"FlavorAudioCodec";s:3:"mp3";s:18:"FlavorAudioBitrate";i:192;s:19:"FlavorAudioChannels";i:0;s:21:"FlavorAudioSampleRate";i:0;s:21:"FlavorAudioResolution";i:0;s:15:"FlavorFrameRate";d:0;s:13:"FlavorGopSize";i:0;s:13:"FlavorTwoPass";b:0;s:17:"FlavorDeinterlice";i:0;s:12:"FlavorRotate";i:0;}',0,null,1,0,0,null,null,1),
(2,0,0,'High - Large','High-Large','web,mbr','High web quality, large frame',2,now(),now(),null,1,'flv','vp6',2500,'mp3',128,0,0,0,0,720,0,0,0,'2,99,3','','a:12:{s:16:"FlavorVideoCodec";s:3:"vp6";s:18:"FlavorVideoBitrate";i:2500;s:16:"FlavorAudioCodec";s:3:"mp3";s:18:"FlavorAudioBitrate";i:128;s:19:"FlavorAudioChannels";i:0;s:21:"FlavorAudioSampleRate";i:0;s:21:"FlavorAudioResolution";i:0;s:15:"FlavorFrameRate";d:0;s:13:"FlavorGopSize";i:0;s:13:"FlavorTwoPass";b:0;s:17:"FlavorDeinterlice";i:0;s:12:"FlavorRotate";i:0;}',0,null,1,0,0,null,null,1),
(3,0,0,'Standard - Large','Standard-Large','web,mbr','Standard web quality, large frame',2,now(),now(),null,1,'flv','vp6',1350,'mp3',96,0,0,0,0,720,0,0,0,'2,99,3','','a:12:{s:16:"FlavorVideoCodec";s:3:"vp6";s:18:"FlavorVideoBitrate";i:1350;s:16:"FlavorAudioCodec";s:3:"mp3";s:18:"FlavorAudioBitrate";i:96;s:19:"FlavorAudioChannels";i:0;s:21:"FlavorAudioSampleRate";i:0;s:21:"FlavorAudioResolution";i:0;s:15:"FlavorFrameRate";d:0;s:13:"FlavorGopSize";i:0;s:13:"FlavorTwoPass";b:0;s:17:"FlavorDeinterlice";i:0;s:12:"FlavorRotate";i:0;}',0,null,1,0,0,null,null,1),
(4,0,0,'Standard - Small','Standard-Small','web,mbr','Standard web quality, small frame',2,now(),now(),null,1,'flv','vp6',750,'mp3',96,0,0,0,0,352,0,0,0,'2,99,3','','a:12:{s:16:"FlavorVideoCodec";s:3:"vp6";s:18:"FlavorVideoBitrate";i:750;s:16:"FlavorAudioCodec";s:3:"mp3";s:18:"FlavorAudioBitrate";i:96;s:19:"FlavorAudioChannels";i:0;s:21:"FlavorAudioSampleRate";i:0;s:21:"FlavorAudioResolution";i:0;s:15:"FlavorFrameRate";d:0;s:13:"FlavorGopSize";i:0;s:13:"FlavorTwoPass";b:0;s:17:"FlavorDeinterlice";i:0;s:12:"FlavorRotate";i:0;}',0,null,1,0,0,null,null,1),
(5,0,0,'Basic - Small','Basic-Small','web,mbr','Basic web quality, small frame. To be used for low resource environments.',2,now(),now(),null,1,'flv','vp6',400,'mp3',96,0,0,0,0,352,0,0,0,'2,99,3','','a:12:{s:16:"FlavorVideoCodec";s:3:"vp6";s:18:"FlavorVideoBitrate";i:400;s:16:"FlavorAudioCodec";s:3:"mp3";s:18:"FlavorAudioBitrate";i:96;s:19:"FlavorAudioChannels";i:0;s:21:"FlavorAudioSampleRate";i:0;s:21:"FlavorAudioResolution";i:0;s:15:"FlavorFrameRate";d:0;s:13:"FlavorGopSize";i:0;s:13:"FlavorTwoPass";b:0;s:17:"FlavorDeinterlice";i:0;s:12:"FlavorRotate";i:0;}',0,null,1,0,0,null,null,1),
(6,0,0,'HQ MP4 for Export','HQMP4forExport','mp4_export,web','High web quality in MP4 format, to be used for download or syndication',0,now(),now(),null,1,'mp4','h264',2500,'aac',128,0,0,0,0,720,0,0,0,'2','','a:12:{s:16:"FlavorVideoCodec";s:4:"h264";s:18:"FlavorVideoBitrate";i:2500;s:16:"FlavorAudioCodec";s:3:"aac";s:18:"FlavorAudioBitrate";i:128;s:19:"FlavorAudioChannels";i:0;s:21:"FlavorAudioSampleRate";i:0;s:21:"FlavorAudioResolution";i:0;s:15:"FlavorFrameRate";d:0;s:13:"FlavorGopSize";i:0;s:13:"FlavorTwoPass";b:0;s:17:"FlavorDeinterlice";i:0;s:12:"FlavorRotate";i:0;}',0,null,1,0,0,null,null,1),
(7,0,0,'Editable','Editable','edit,web','Good web quality, to be used for editable content',0,now(),now(),null,1,'flv','vp6',700,'mp3',64,0,0,0,0,480,0,5,0,'2,99,3','','a:12:{s:16:"FlavorVideoCodec";s:3:"vp6";s:18:"FlavorVideoBitrate";i:700;s:16:"FlavorAudioCodec";s:3:"mp3";s:18:"FlavorAudioBitrate";i:64;s:19:"FlavorAudioChannels";i:0;s:21:"FlavorAudioSampleRate";i:0;s:21:"FlavorAudioResolution";i:0;s:15:"FlavorFrameRate";d:0;s:13:"FlavorGopSize";i:5;s:13:"FlavorTwoPass";b:0;s:17:"FlavorDeinterlice";i:0;s:12:"FlavorRotate";i:0;}',0,null,1,0,0,null,null,1),
(8,0,0,'Basic - Small (H264)','Basic-Small(H264)','web,mbr','',2,now(),now(),null,1,'mp4','h264',400,'aac',96,0,0,0,0,352,0,0,0,'2','','a:12:{s:16:"FlavorVideoCodec";s:4:"h264";s:18:"FlavorVideoBitrate";i:400;s:16:"FlavorAudioCodec";s:3:"aac";s:18:"FlavorAudioBitrate";i:96;s:19:"FlavorAudioChannels";i:0;s:21:"FlavorAudioSampleRate";i:0;s:21:"FlavorAudioResolution";i:0;s:15:"FlavorFrameRate";d:0;s:13:"FlavorGopSize";i:0;s:13:"FlavorTwoPass";b:0;s:17:"FlavorDeinterlice";i:0;s:12:"FlavorRotate";i:0;}',0,null,1,0,0,null,null,1),
(9,0,0,'Standard - Small (H264)','Standard-Small(H264)','web,mbr','',2,now(),now(),null,1,'mp4','h264',750,'aac',96,0,0,0,0,352,0,0,0,'2','','a:12:{s:16:"FlavorVideoCodec";s:4:"h264";s:18:"FlavorVideoBitrate";i:750;s:16:"FlavorAudioCodec";s:3:"aac";s:18:"FlavorAudioBitrate";i:96;s:19:"FlavorAudioChannels";i:0;s:21:"FlavorAudioSampleRate";i:0;s:21:"FlavorAudioResolution";i:0;s:15:"FlavorFrameRate";d:0;s:13:"FlavorGopSize";i:0;s:13:"FlavorTwoPass";b:0;s:17:"FlavorDeinterlice";i:0;s:12:"FlavorRotate";i:0;}',0,null,1,0,0,null,null,1),
(10,0,0,'Standard - Large (H264)','Standard-Large(H264)','web,mbr','',2,now(),now(),null,1,'mp4','h264',1350,'aac',96,0,0,0,0,720,0,0,0,'2','','a:12:{s:16:"FlavorVideoCodec";s:4:"h264";s:18:"FlavorVideoBitrate";i:1350;s:16:"FlavorAudioCodec";s:3:"aac";s:18:"FlavorAudioBitrate";i:96;s:19:"FlavorAudioChannels";i:0;s:21:"FlavorAudioSampleRate";i:0;s:21:"FlavorAudioResolution";i:0;s:15:"FlavorFrameRate";d:0;s:13:"FlavorGopSize";i:0;s:13:"FlavorTwoPass";b:0;s:17:"FlavorDeinterlice";i:0;s:12:"FlavorRotate";i:0;}',0,null,1,0,0,null,null,1),
(11,0,0,'High - Large (H264)','High-Large(H264)','web,mbr','',2,now(),now(),null,1,'mp4','h264',2500,'aac',128,0,0,0,0,720,0,0,0,'2','','a:12:{s:16:"FlavorVideoCodec";s:4:"h264";s:18:"FlavorVideoBitrate";i:2500;s:16:"FlavorAudioCodec";s:3:"aac";s:18:"FlavorAudioBitrate";i:128;s:19:"FlavorAudioChannels";i:0;s:21:"FlavorAudioSampleRate";i:0;s:21:"FlavorAudioResolution";i:0;s:15:"FlavorFrameRate";d:0;s:13:"FlavorGopSize";i:0;s:13:"FlavorTwoPass";b:0;s:17:"FlavorDeinterlice";i:0;s:12:"FlavorRotate";i:0;}',0,null,1,0,0,null,null,1),
(12,0,0,'HD (H264)','HD(H264)','web,mbr','',2,now(),now(),null,1,'mp4','h264',4000,'aac',192,0,0,0,0,1080,0,0,0,'2','','a:12:{s:16:"FlavorVideoCodec";s:4:"h264";s:18:"FlavorVideoBitrate";i:4000;s:16:"FlavorAudioCodec";s:3:"aac";s:18:"FlavorAudioBitrate";i:192;s:19:"FlavorAudioChannels";i:0;s:21:"FlavorAudioSampleRate";i:0;s:21:"FlavorAudioResolution";i:0;s:15:"FlavorFrameRate";d:0;s:13:"FlavorGopSize";i:0;s:13:"FlavorTwoPass";b:0;s:17:"FlavorDeinterlice";i:0;s:12:"FlavorRotate";i:0;}',0,null,1,0,0,null,null,1),
(13,0,0,'iPad','iPad','web,ipad,ipadnew','iPad',2,now(),now(),null,1,'mp4','h264',1500,'aac',160,2,48000,0,1024,0,25,50,0,'2,99','-flags +loop+mv4 -cmp 256 -partitions +parti4x4+partp8x8+partb8x8 -trellis 1 -refs 1 -me_range 16 -keyint_min 20 -sc_threshold 40 -i_qfactor 0.71 -bt 800k -maxrate 1200k -bufsize 1200k -rc_eq ''blurCplx^(1-qComp)'' -level 30 -async 2  -vsync 2 | -flags +loop+mv4 -cmp 256 -partitions +parti4x4+partp8x8+partb8x8 -trellis 1 -refs 1 -me_range 16 -keyint_min 20 -sc_threshold 40 -i_qfactor 0.71 -bt 800k -maxrate 1200k -bufsize 1200k -rc_eq ''blurCplx^(1-qComp)'' -level 30 -async 2 -vsync 2','a:13:{s:16:"FlavorVideoCodec";s:5:"h264m";s:18:"FlavorVideoBitrate";s:4:"1500";s:16:"FlavorAudioCodec";s:3:"aac";s:18:"FlavorAudioBitrate";s:3:"160";s:19:"FlavorAudioChannels";s:1:"2";s:21:"FlavorAudioSampleRate";s:5:"48000";s:21:"FlavorAudioResolution";s:1:"0";s:15:"FlavorFrameRate";s:2:"25";s:13:"FlavorGopSize";s:2:"50";s:13:"FlavorTwoPass";b:0;s:17:"FlavorDeinterlice";i:0;s:12:"FlavorRotate";i:0;s:19:"requiredPermissions";a:1:{i:0;s:22:"FEATURE_MOBILE_FLAVORS";}}}',0,null,1,0,0,null,0,1),
(14,0,0,'Mobile (3GP)','Mobile(3GP)','mobile,mpeg4','Nokia/Blackberry',0,now(),now(),null,1,'3gp','mpeg4',800,'aac',64,0,0,0,480,0,0,300,0,'2,4','','a:13:{s:16:"FlavorVideoCodec";s:5:"mpeg4";s:18:"FlavorVideoBitrate";s:3:"800";s:16:"FlavorAudioCodec";s:3:"aac";s:18:"FlavorAudioBitrate";s:2:"64";s:19:"FlavorAudioChannels";s:1:"0";s:21:"FlavorAudioSampleRate";s:1:"0";s:21:"FlavorAudioResolution";s:1:"0";s:15:"FlavorFrameRate";s:1:"0";s:13:"FlavorGopSize";s:3:"300";s:13:"FlavorTwoPass";b:0;s:17:"FlavorDeinterlice";i:0;s:12:"FlavorRotate";i:0;s:19:"requiredPermissions";a:1:{i:0;s:22:"FEATURE_MOBILE_FLAVORS";}}}}',0,null,1,0,0,null,0,1),
(15,0,0,'Mobile (H264) - Basic','Mobile(H264)-Basic','mobile,iphone,h264,web,iphonenew','iPhone,android',0,now(),now(),null,1,'mp4','h264b',400,'aac',64,2,22050,0,480,0,25,50,0,'2,99','-flags +loop+mv4 -cmp 256 -partitions +parti4x4+partp8x8+partb8x8 -trellis 1 -refs 1 -me_range 16 -keyint_min 20 -sc_threshold 40 -i_qfactor 0.71 -bt 400k -maxrate 1200k -bufsize 1200k -rc_eq ''blurCplx^(1-qComp)'' -level 30 -async 2  -vsync 2 | -flags +loop+mv4 -cmp 256 -partitions +parti4x4+partp8x8+partb8x8 -trellis 1 -refs 1 -me_range 16 -keyint_min 20 -sc_threshold 40 -i_qfactor 0.71 -bt 400k -maxrate 1200k -bufsize 1200k -rc_eq ''blurCplx^(1-qComp)'' -level 30 -async 2 -vsync 2','a:13:{s:16:"FlavorVideoCodec";s:5:"h264b";s:18:"FlavorVideoBitrate";s:3:"400";s:16:"FlavorAudioCodec";s:3:"aac";s:18:"FlavorAudioBitrate";s:2:"64";s:19:"FlavorAudioChannels";s:1:"2";s:21:"FlavorAudioSampleRate";s:5:"22050";s:21:"FlavorAudioResolution";s:1:"0";s:15:"FlavorFrameRate";s:2:"25";s:13:"FlavorGopSize";s:2:"50";s:13:"FlavorTwoPass";b:0;s:17:"FlavorDeinterlice";i:0;s:12:"FlavorRotate";i:0;s:19:"requiredPermissions";a:1:{i:0;s:22:"FEATURE_MOBILE_FLAVORS";}}}}',0,null,1,0,0,null,0,1),
(16,0,0,'Mobile (H264) - Standard','Mobile(H264)-Standard','mobile,iphone,h264,web,iphonenew','Mobile (H264) - Standard',2,now(),now(),null,1,'mp4','h264b',800,'aac',64,2,22050,0,480,0,25,50,0,'2,99','-flags +loop+mv4 -cmp 256 -partitions +parti4x4+partp8x8+partb8x8 -trellis 1 -refs 1 -me_range 16 -keyint_min 20 -sc_threshold 40 -i_qfactor 0.71 -bt 800k -maxrate 1200k -bufsize 1200k -rc_eq ''blurCplx^(1-qComp)'' -level 30 -async 2  -vsync 2 | -flags +loop+mv4 -cmp 256 -partitions +parti4x4+partp8x8+partb8x8 -trellis 1 -refs 1 -me_range 16 -keyint_min 20 -sc_threshold 40 -i_qfactor 0.71 -bt 800k -maxrate 1200k -bufsize 1200k -rc_eq ''blurCplx^(1-qComp)'' -level 30 -async 2 -vsync 2','a:13:{s:16:"FlavorVideoCodec";s:5:"h264b";s:18:"FlavorVideoBitrate";s:3:"800";s:16:"FlavorAudioCodec";s:3:"aac";s:18:"FlavorAudioBitrate";s:2:"64";s:19:"FlavorAudioChannels";s:1:"2";s:21:"FlavorAudioSampleRate";s:5:"22050";s:21:"FlavorAudioResolution";s:1:"0";s:15:"FlavorFrameRate";s:2:"25";s:13:"FlavorGopSize";s:2:"50";s:13:"FlavorTwoPass";b:0;s:17:"FlavorDeinterlice";i:0;s:12:"FlavorRotate";i:0;s:19:"requiredPermissions";a:1:{i:0;s:22:"FEATURE_MOBILE_FLAVORS";}}}}',0,null,1,0,0,null,0,1),
(17,0,0,'Apple streaming - Med','Apple streaming-Med','applembr','Apple streaming - Med',2,now(),now(),null,0,'applehttp','h264b',800,'aac',64,2,22050,0,480,0,25,50,0,'','','a:12:{s:16:"FlavorVideoCodec";s:5:"h264b";s:18:"FlavorVideoBitrate";s:3:"800";s:16:"FlavorAudioCodec";s:3:"aac";s:18:"FlavorAudioBitrate";s:2:"64";s:19:"FlavorAudioChannels";s:1:"2";s:21:"FlavorAudioSampleRate";s:5:"22050";s:21:"FlavorAudioResolution";s:1:"0";s:15:"FlavorFrameRate";s:2:"25";s:13:"FlavorGopSize";s:2:"50";s:13:"FlavorTwoPass";b:0;s:17:"FlavorDeinterlice";i:0;s:12:"FlavorRotate";i:0;}',0,null,1,0,0,'[[{"id":2,"extra":"-flags +loop+mv4 -cmp 256 -partitions +parti4x4+partp8x8+partb8x8 -trellis 1 -refs 1 -me_range 16 -keyint_min 20 -sc_threshold 40 -i_qfactor 0.71 -bt 400k -maxrate 1200k -bufsize 1200k -rc_eq ''blurCplx^(1-qComp)'' -level 30 -async 2 -vsync 2 ","command":null},{"id":"segmenter.Segmenter","extra":null,"command":null}],[{"id":99,"extra":"-flags +loop+mv4 -cmp 256 -partitions +parti4x4+partp8x8+partb8x8 -trellis 1 -refs 1 -me_range 16 -keyint_min 20 -sc_threshold 40 -i_qfactor 0.71 -bt 400k -maxrate 1200k -bufsize 1200k -rc_eq ''blurCplx^(1-qComp)'' -level 30 -async 2 -vsync 2 ","command":null},{"id":"segmenter.Segmenter","extra":null,"command":null}]]',1,1),
(18,0,0,'Apple streaming - Basic','Apple streaming-Basic','applembr','Apple streaming',0,now(),now(),null,0,'applehttp','h264b',400,'aac',64,2,22050,0,480,0,25,50,0,'','','a:12:{s:16:"FlavorVideoCodec";s:5:"h264b";s:18:"FlavorVideoBitrate";s:3:"400";s:16:"FlavorAudioCodec";s:3:"aac";s:18:"FlavorAudioBitrate";s:2:"64";s:19:"FlavorAudioChannels";s:1:"2";s:21:"FlavorAudioSampleRate";s:5:"22050";s:21:"FlavorAudioResolution";s:1:"0";s:15:"FlavorFrameRate";s:2:"25";s:13:"FlavorGopSize";s:2:"50";s:13:"FlavorTwoPass";b:0;s:17:"FlavorDeinterlice";i:0;s:12:"FlavorRotate";i:0;}',0,null,1,0,0,'[[{"id":2,"extra":"-flags +loop+mv4 -cmp 256 -partitions +parti4x4+partp8x8+partb8x8 -trellis 1 -refs 1 -me_range 16 -keyint_min 20 -sc_threshold 40 -i_qfactor 0.71 -bt 400k -maxrate 1200k -bufsize 1200k -rc_eq ''blurCplx^(1-qComp)'' -level 30 -async 2 -vsync 2 ","command":null},{"id":"segmenter.Segmenter","extra":null,"command":null}],[{"id":99,"extra":"-flags +loop+mv4 -cmp 256 -partitions +parti4x4+partp8x8+partb8x8 -trellis 1 -refs 1 -me_range 16 -keyint_min 20 -sc_threshold 40 -i_qfactor 0.71 -bt 400k -maxrate 1200k -bufsize 1200k -rc_eq ''blurCplx^(1-qComp)'' -level 30 -async 2 -vsync 2 ","command":null},{"id":"segmenter.Segmenter","extra":null,"command":null}]]',1,1),
(19,0,0,'Default Thumbnail','Default Thumbnail','default_thumb','Default Thumbnail',0,now(),now(),null,1,'jpg','',0,'',0,0,0,0,0,0,0,0,0,null,null,'a:11:{s:13:"ThumbCropType";i:1;s:12:"ThumbQuality";i:100;s:10:"ThumbCropX";i:0;s:10:"ThumbCropY";i:0;s:14:"ThumbCropWidth";i:0;s:15:"ThumbCropHeight";i:0;s:16:"ThumbVideoOffset";i:3;s:15:"ThumbScaleWidth";i:0;s:16:"ThumbScaleHeight";i:0;s:20:"ThumbBackgroundColor";i:0;s:19:"ThumbSourceParamsId";i:0;}',0,null,1,0,0,null,null,2),
(-1,0,0,'Generic (H264)','Generic(H264)','','High Definition',2,now(),now(),null,0,'mp4','h264m',4000,'aac',192,0,0,0,0,1080,0,0,0,'2,1,99,3','',null,0,null,1,0,0,'',0,1);

insert into `flavor_params_conversion_profile`(`conversion_profile_id`,`flavor_params_id`,`system_name`,`origin`,`ready_behavior`,`force_none_complied`,`created_at`,`updated_at`,`id`) values 
(1,0,'Source',1,0,null,now(),now(),1),
(1,5,'',0,2,null,now(),now(),2),
(1,7,'',0,2,null,now(),now(),3),
(1,9,'',0,2,null,now(),now(),4),
(1,10,'',0,2,null,now(),now(),5),
(1,11,'',0,2,null,now(),now(),6),
(1,12,'',0,2,null,now(),now(),7),
(1,19,'',0,0,null,now(),now(),8);

insert into `kuser`(`id`,`login_data_id`,`is_admin`,`screen_name`,`first_name`,`last_name`,`full_name`,`email`,`sha1_password`,`salt`,`date_of_birth`,`country`,`state`,`city`,`zip`,`url_list`,`picture`,`icon`,`about_me`,`tags`,`tagline`,`network_highschool`,`network_college`,`network_other`,`mobile_num`,`mature_content`,`gender`,`registration_ip`,`registration_cookie`,`im_list`,`views`,`fans`,`entries`,`produced_kshows`,`status`,`created_at`,`updated_at`,`partner_id`,`display_in_search`,`search_text`,`partner_data`,`storage_size`,`puser_id`,`admin_tags`,`indexed_partner_data_int`,`indexed_partner_data_string`,`custom_data`) values
(1,null,null,'user for template en',null,null,'user for template entries',null,null,null,null,null,null,null,null,null,null,null,null,null,null,null,null,null,null,null,null,null,null,null,0,0,0,0,null,null,null,0,1,null,null,0,'999999',null,null,null,null),
(99,null,0,'template kuser','template','kuser','template kuser','@TEMPLATE_KUSER_MAIL@',null,null,null,null,null,null,null,null,null,null,null,null,null,null,null,null,null,null,null,null,null,null,0,0,0,0,1,null,now(),99,1,'_PAR_ONLY_ _99_ |  template kuser template kuser ',null,0,'1',null,null,null,null),
(100,1,1,'Template','Template',null,null,'@TEMPLATE_PARTNER_MAIL@',null,null,null,null,null,null,null,null,null,null,null,null,null,null,null,null,null,null,null,null,null,null,0,0,0,0,1,now(),now(),99,2,'_KAL_NET_ _99_ |  Template Template ',null,0,'__ADMIN__36734',null,null,null,'a:1:{s:17:"status_updated_at";s:19:"2011-02-23 09:45:44";}'),
(101,2,1,null,'batch','admin',null,'@BATCH_KUSER_MAIL@',null,null,null,null,null,null,null,null,null,null,null,null,null,null,null,null,null,null,null,null,null,null,0,0,0,0,1,now(),now(),-1,0,'_NONE_ _-1_ |  batch admin ',null,0,'__ADMIN__99998',null,null,null,'a:1:{s:17:"status_updated_at";s:19:"2011-02-23 09:45:44";}'),
(102,4,1,'admin admin','admin','admin',null,'@SYSTEM_USER_ADMIN_EMAIL@',null,null,null,null,null,null,null,null,null,null,null,null,null,null,null,null,null,null,null,null,null,null,0,0,0,0,1,now(),now(),-2,0,'_NONE_ _-2_ |  admin admin admin admin ','O:35:"Kaltura_AdminConsoleUserPartnerData":2:{s:9:"isPrimary";b:1;s:4:"role";s:5:"admin";}',0,'@SYSTEM_USER_ADMIN_EMAIL@',null,null,null,'a:3:{s:17:"status_updated_at";s:19:"2011-02-23 09:46:01";s:15:"last_login_time";i:1313098479;s:19:"allowed_partner_ids";s:1:"*";}');

insert into `kuser_to_user_role`(`id`,`kuser_id`,`user_role_id`,`created_at`,`updated_at`) values 
(1,100,2,now(),now()),
(2,101,2,now(),now()),
(3,102,7,now(),now());

insert into `partner`(`id`,`partner_name`,`url1`,`url2`,`secret`,`admin_secret`,`max_number_of_hits_per_day`,`appear_in_search`,`debug_level`,`invalid_login_count`,`created_at`,`updated_at`,`partner_alias`,`ANONYMOUS_KUSER_ID`,`ks_max_expiry_in_seconds`,`create_user_on_demand`,`prefix`,`admin_name`,`admin_email`,`description`,`commercial_use`,`moderate_content`,`notify`,`custom_data`,`service_config_id`,`status`,`content_categories`,`type`,`phone`,`describe_yourself`,`adult_content`,`partner_package`,`usage_percent`,`storage_usage`,`eighty_percent_warning`,`usage_limit_warning`,`monitor_usage`,`priority_group_id`,`work_group_id`,`partner_group_type`,`partner_parent_id`,`kmc_version`) values
(0,'partner 0','',null,'@PARTNER_ZERO_SECRET@','@PARTNER_ZERO_ADMIN_SECRET@',-1,0,0,null,now(),now(),'@PARTNER_ZERO_PARTNER_ALIAS@',null,86400,1,'kal','','partner0@kalturace.com','',0,0,0,'a:1:{s:12:"isFirstLogin";b:1;}',null,1,'',1,null,null,0,1,266,547,null,1274091814,0,null,null,1,null,'4');
UPDATE `partner` SET id = 0 where partner_name = 'partner 0';

insert into `partner`(`id`,`partner_name`,`url1`,`url2`,`secret`,`admin_secret`,`max_number_of_hits_per_day`,`appear_in_search`,`debug_level`,`invalid_login_count`,`created_at`,`updated_at`,`partner_alias`,`ANONYMOUS_KUSER_ID`,`ks_max_expiry_in_seconds`,`create_user_on_demand`,`prefix`,`admin_name`,`admin_email`,`description`,`commercial_use`,`moderate_content`,`notify`,`custom_data`,`service_config_id`,`status`,`content_categories`,`type`,`phone`,`describe_yourself`,`adult_content`,`partner_package`,`usage_percent`,`storage_usage`,`eighty_percent_warning`,`usage_limit_warning`,`monitor_usage`,`priority_group_id`,`work_group_id`,`partner_group_type`,`partner_parent_id`,`kmc_version`) values
(-1,'batch partner','',null,'@BATCH_PARTNER_SECRET@','@BATCH_PARTNER_ADMIN_SECRET@',-1,0,0,null,now(),now(),'@BATCH_PARTNER_PARTNER_ALIAS@',null,86400,1,'-10','batch admin','@BATCH_ADMIN_MAIL@','Build-in partner - used for batch operations',0,0,0,'a:4:{s:12:"isFirstLogin";b:1;s:23:"admin_login_users_quota";i:3;s:22:"account_owner_kuser_id";i:101;s:19:"role_cache_dirty_at";i:1313097510;}','services_batch.ct',1,null,0,null,null,0,1,0,0,null,null,1,null,null,1,null,'4'),
(-2,'admin console','',null,'@ADMIN_CONSOLE_PARTNER_SECRET@','@ADMIN_CONSOLE_PARTNER_ADMIN_SECRET@',-1,0,0,null,now(),now(),'@ADMIN_CONSOLE_PARTNER_ALIAS@',null,86400,1,'-10','console admin','@ADMIN_CONSOLE_ADMIN_MAIL@','Build-in partner - used for admin console',0,0,0,'a:6:{s:12:"isFirstLogin";b:1;s:23:"admin_login_users_quota";i:-1;s:22:"account_owner_kuser_id";i:103;s:21:"admin_session_role_id";i:7;s:26:"pass_reset_url_prefix_name";s:13:"admin_console";s:19:"role_cache_dirty_at";i:1313097508;}','services_console.ct',1,null,0,null,null,0,1,0,0,null,null,1,null,null,1,null,'4'),
(99,'Template KMC account',null,null,'8e81fdce8808cbf71b8dc6c8ee258842','a5c1cb2c9bcd66b825db68533c3ec792',-1,2,0,null,now(),now(),'@TEMPLATE_PARTNER_ALIAS@',null,86400,1,'17','Template KMC account','@TEMPLATE_PARTNER_MAIL@','Template KMC account is used to load the default content, players & playlists for a new partner',1,0,0,'a:8:{s:24:"defConversionProfileType";s:3:"med";s:22:"defaultAccessControlId";i:1;s:26:"defaultConversionProfileId";i:1;s:14:"enabledPlugins";a:2:{s:5:"audit";b:0;s:8:"metadata";b:1;}s:10:"enableVast";b:1;s:11:"liveEnabled";b:1;s:23:"admin_login_users_quota";i:3;s:22:"account_owner_kuser_id";i:100;}',null,1,null,1,null,null,0,1,0,0,null,null,1,null,null,1,null,'4');

insert into `permission`(`id`,`type`,`name`,`friendly_name`,`description`,`partner_id`,`status`,`depends_on_permission_names`,`tags`,`created_at`,`updated_at`,`custom_data`) values 
(1,3,'METADATA_PLUGIN_PERMISSION','metadata Plugin','Permission to use metadata plugin',99,1,null,null,now(),now(),'a:1:{s:13:"partner_group";s:0:"";}'),
(2,2,'FEATURE_VAST','Advertising','Permission to Advertising',99,1,null,null,now(),now(),'a:1:{s:13:"partner_group";s:0:"";}'),
(3,2,'FEATURE_LIVE_STREAM','Live stream feature','Permission to use live stream',99,1,null,null,now(),now(),null),
(4,1,'BATCH_BASE','Batch system permission',null,-1,1,null,null,now(),now(),null),
(5,1,'BASE_USER_SESSION_PERMISSION','User session permission',null,0,1,null,null,now(),now(),null),
(6,1,'ALWAYS_ALLOWED_ACTIONS','No session permission',null,0,1,null,null,now(),now(),null),
(7,1,'CONTENT_INGEST_UPLOAD','Upload',null,0,1,null,null,now(),now(),null),
(8,1,'CONTENT_INGEST_BULK_UPLOAD','Bulk upload',null,0,1,null,null,now(),now(),null),
(9,1,'CONTENT_INGEST_FEED','Feed subscription',null,0,1,null,null,now(),now(),null),
(10,1,'CONTENT_MANAGE_MIX','Manage remix',null,0,1,null,null,now(),now(),null),
(11,1,'CONTENT_MANAGE_BASE','Basic content management',null,0,1,null,null,now(),now(),null),
(12,1,'CONTENT_MANAGE_METADATA','Modify metadata',null,0,1,null,null,now(),now(),null),
(13,1,'CONTENT_MANAGE_ASSIGN_CATEGORIES','Assign categories',null,0,1,null,null,now(),now(),null),
(14,1,'CONTENT_MANAGE_THUMBNAIL','Modify thumbnails',null,0,1,null,null,now(),now(),null),
(15,1,'CONTENT_MANAGE_SCHEDULE','Modify scheduling',null,0,1,null,null,now(),now(),null),
(16,1,'CONTENT_MANAGE_ACCESS_CONTROL','Modify content access control',null,0,1,null,null,now(),now(),null),
(17,1,'CONTENT_MANAGE_CUSTOM_DATA','Modify custom data',null,0,1,'METADATA_PLUGIN_PERMISSION',null,now(),now(),null),
(18,1,'CONTENT_MANAGE_DELETE','Delete content',null,0,1,null,null,now(),now(),null),
(19,1,'CONTENT_MANAGE_RECONVERT','Reconvert flavors',null,0,1,null,null,now(),now(),null),
(20,1,'CONTENT_MANAGE_EDIT_CATEGORIES','Manage categories',null,0,1,null,null,now(),now(),null),
(21,1,'CONTENT_MANAGE_EMBED_CODE','Grab embed code',null,0,1,null,null,now(),now(),null),
(22,1,'CONTENT_MANAGE_DISTRIBUTION_BASE','Distribution base',null,0,1,'CONTENTDISTRIBUTION_PLUGIN_PERMISSION',null,now(),now(),null),
(23,1,'CONTENT_MANAGE_DISTRIBUTION_WHERE','Where to distribute',null,0,1,'CONTENTDISTRIBUTION_PLUGIN_PERMISSION',null,now(),now(),null),
(24,1,'CONTENT_MANAGE_DISTRIBUTION_SEND','Distribution submit',null,0,1,'CONTENTDISTRIBUTION_PLUGIN_PERMISSION',null,now(),now(),null),
(25,1,'CONTENT_MANAGE_DISTRIBUTION_REMOVE','Distribution remove',null,0,1,'CONTENTDISTRIBUTION_PLUGIN_PERMISSION',null,now(),now(),null),
(26,1,'CONTENT_MANAGE_DISTRIBUTION_PROFILE_MODIFY','Distribution profile manage',null,0,1,'CONTENTDISTRIBUTION_PLUGIN_PERMISSION',null,now(),now(),null),
(27,1,'CONTENT_MANAGE_VIRUS_SCAN','Virus scan actions',null,0,1,'VIRUSSCAN_PLUGIN_PERMISSION',null,now(),now(),null),
(28,1,'CONTENT_MANAGE_DOWNLOAD','Content download',null,0,1,null,null,now(),now(),null),
(29,1,'CONTENT_MANAGE_ANNOTATION','Annotate',null,0,1,'ANNOTATION_PLUGIN_PERMISSION',null,now(),now(),null),
(30,1,'CONTENT_MANAGE_SHARE','Share content',null,0,1,null,null,now(),now(),null),
(31,1,'LIVE_STREAM_ADD','Add live streams',null,0,1,'FEATURE_LIVE_STREAM',null,now(),now(),null),
(32,1,'LIVE_STREAM_UPDATE','Modify live streams',null,0,1,'FEATURE_LIVE_STREAM',null,now(),now(),null),
(33,1,'CONTENT_MODERATE_BASE','Basic moderation',null,0,1,null,null,now(),now(),null),
(34,1,'CONTENT_MODERATE_METADATA','Moderate metadata',null,0,1,null,null,now(),now(),null),
(35,1,'CONTENT_MODERATE_CUSTOM_DATA','Moderate custom data',null,0,1,'METADATA_PLUGIN_PERMISSION',null,now(),now(),null),
(36,1,'CONTENT_MODERATE_APPROVE_REJECT','Approve/Reject content',null,0,1,null,null,now(),now(),null),
(37,1,'PLAYLIST_BASE','Playlist access',null,0,1,null,null,now(),now(),null),
(38,1,'PLAYLIST_ADD','Add playlists',null,0,1,null,null,now(),now(),null),
(39,1,'PLAYLIST_UPDATE','Modify playlists',null,0,1,null,null,now(),now(),null),
(40,1,'PLAYLIST_DELETE','Delete playlists',null,0,1,null,null,now(),now(),null),
(41,1,'PLAYLIST_EMBED_CODE','Grab playlist embed code',null,0,1,null,null,now(),now(),null),
(42,1,'SYNDICATION_BASE','Syndication feeds access',null,0,1,null,null,now(),now(),null),
(43,1,'SYNDICATION_ADD','Create syndication feeds',null,0,1,null,null,now(),now(),null),
(44,1,'SYNDICATION_UPDATE','Modify syndication feeds',null,0,1,null,null,now(),now(),null),
(45,1,'SYNDICATION_DELETE','Delete syndication feeds',null,0,1,null,null,now(),now(),null),
(46,1,'STUDIO_BASE','Appstudio access',null,0,1,null,null,now(),now(),null),
(47,1,'STUDIO_ADD_UICONF','Create players',null,0,1,null,null,now(),now(),null),
(48,1,'STUDIO_UPDATE_UICONF','Modify players',null,0,1,null,null,now(),now(),null),
(49,1,'STUDIO_DELETE_UICONF','Delete players',null,0,1,null,null,now(),now(),null),
(50,1,'STUDIO_BRAND_UICONF','Set player branding',null,0,1,null,null,now(),now(),null),
(51,1,'STUDIO_SELECT_CONTENT','Select player content',null,0,1,null,null,now(),now(),null),
(52,1,'ADVERTISING_BASE','Advertising access',null,0,1,null,null,now(),now(),null),
(53,1,'ADVERTISING_UPDATE_SETTINGS','Modify advertising settings',null,0,1,null,null,now(),now(),null),
(54,1,'ACCOUNT_BASE','Account settings access',null,0,1,null,null,now(),now(),null),
(55,1,'ACCOUNT_UPDATE_SETTINGS','Modify account settings',null,0,1,null,null,now(),now(),null),
(56,1,'INTEGRATION_BASE','Integration settings access',null,0,1,null,null,now(),now(),null),
(57,1,'INTEGRATION_UPDATE_SETTINGS','Modify integration settings',null,0,1,null,null,now(),now(),null),
(58,1,'ACCESS_CONTROL_BASE','Access control profiles access',null,0,1,null,null,now(),now(),null),
(59,1,'ACCESS_CONTROL_ADD','Create access control profiles',null,0,1,null,null,now(),now(),null),
(60,1,'ACCESS_CONTROL_UPDATE','Modify access control profiles',null,0,1,null,null,now(),now(),null),
(61,1,'ACCESS_CONTROL_DELETE','Delete access control profiles',null,0,1,null,null,now(),now(),null),
(62,1,'TRANSCODING_BASE','Transcoding profiles access',null,0,1,null,null,now(),now(),null),
(63,1,'TRANSCODING_ADD','Create transcoding profiles',null,0,1,null,null,now(),now(),null),
(64,1,'TRANSCODING_UPDATE','Modify transcoding profiles',null,0,1,null,null,now(),now(),null),
(65,1,'TRANSCODING_DELETE','Delete transcoding profiles',null,0,1,null,null,now(),now(),null),
(66,1,'CUSTOM_DATA_PROFILE_BASE','Custom data access',null,0,1,'METADATA_PLUGIN_PERMISSION',null,now(),now(),null),
(67,1,'CUSTOM_DATA_PROFILE_ADD','Create custom data',null,0,1,'METADATA_PLUGIN_PERMISSION',null,now(),now(),null),
(68,1,'CUSTOM_DATA_PROFILE_UPDATE','Modify custom data',null,0,1,'METADATA_PLUGIN_PERMISSION',null,now(),now(),null),
(69,1,'CUSTOM_DATA_PROFILE_DELETE','Delete custom data',null,0,1,'METADATA_PLUGIN_PERMISSION',null,now(),now(),null),
(70,1,'ADMIN_BASE','Administration settings access',null,0,1,null,null,now(),now(),null),
(71,1,'ADMIN_USER_ADD','Add users',null,0,1,null,null,now(),now(),null),
(72,1,'ADMIN_USER_UPDATE','Modify users',null,0,1,null,null,now(),now(),null),
(73,1,'ADMIN_USER_DELETE','Delete users',null,0,1,null,null,now(),now(),null),
(74,1,'ADMIN_ROLE_ADD','Add roles',null,0,1,null,null,now(),now(),null),
(75,1,'ADMIN_ROLE_UPDATE','Modify roles',null,0,1,null,null,now(),now(),null),
(76,1,'ADMIN_ROLE_DELETE','Delete roles',null,0,1,null,null,now(),now(),null),
(77,1,'ADMIN_PUBLISHER_MANAGE','Manage publishers',null,0,1,null,null,now(),now(),null),
(78,1,'ADMIN_WHITE_BRANDING','Manage whitebranding',null,0,1,null,null,now(),now(),null),
(79,1,'ANALYTICS_BASE','Analytics access',null,0,1,'FEATURE_ANALYTICS_TAB',null,now(),now(),null),
(80,1,'WIDGET_ADMIN','Widget admin',null,0,1,null,null,now(),now(),null),
(81,1,'ANALYTICS_SEND_DATA','Send analytics data',null,0,1,null,null,now(),now(),null),
(82,1,'WIDGET_ADMIN','Widget admin',null,0,1,null,null,now(),now(),null),
(83,1,'SEARCH_SERVICE','Search service',null,0,1,null,null,now(),now(),null),
(84,1,'ANALYTICS_SEND_DATA','Send analytics data',null,0,1,null,null,now(),now(),null),
(85,1,'AUDIT_TRAIL_BASE','Audit trail base',null,0,1,'AUDIT_PLUGIN_PERMISSION',null,now(),now(),null),
(86,1,'AUDIT_TRAIL_ADD','Audit trail add',null,0,1,'AUDIT_PLUGIN_PERMISSION',null,now(),now(),null),
(87,1,'KMC_ACCESS','KMC access',null,0,1,null,null,now(),now(),null),
(88,1,'KMC_READ_ONLY','KMC access',null,0,1,'KMC_ACCESS',null,now(),now(),null),
(89,1,'CUSTOM_DATA_FIELD_ADD','Add custom data field',null,0,1,null,null,now(),now(),null),
(90,1,'CUSTOM_DATA_FIELD_UPDATE','Update custom data field',null,0,1,null,null,now(),now(),null),
(91,1,'CUSTOM_DATA_FIELD_DELETE','Delete custom data field',null,0,1,null,null,now(),now(),null),
(92,1,'SYSTEM_ADMIN_BASE','Base system admin permission',null,-2,1,null,null,now(),now(),null),
(93,1,'SYSTEM_ADMIN_PUBLISHER_BASE','Base system admin permission',null,-2,1,null,null,now(),now(),null),
(94,1,'SYSTEM_ADMIN_PUBLISHER_KMC_ACCESS','Base system admin permission',null,-2,1,null,null,now(),now(),null),
(95,1,'SYSTEM_ADMIN_PUBLISHER_CONFIG','Base system admin permission',null,-2,1,null,null,now(),now(),null),
(96,1,'SYSTEM_ADMIN_PUBLISHER_BLOCK','Base system admin permission',null,-2,1,null,null,now(),now(),null),
(97,1,'SYSTEM_ADMIN_PUBLISHER_REMOVE','Base system admin permission',null,-2,1,null,null,now(),now(),null),
(98,1,'SYSTEM_ADMIN_PUBLISHER_ADD','Base system admin permission',null,-2,1,null,null,now(),now(),null),
(99,1,'SYSTEM_ADMIN_PUBLISHER_USAGE','Base system admin permission',null,-2,1,null,null,now(),now(),null),
(100,1,'SYSTEM_ADMIN_USER_MANAGE','Base system admin permission',null,-2,1,null,null,now(),now(),null),
(101,1,'SYSTEM_ADMIN_SYSTEM_MONITOR','Base system admin permission',null,-2,1,null,null,now(),now(),null),
(102,1,'SYSTEM_ADMIN_DEVELOPERS_TAB','Base system admin permission',null,-2,1,null,null,now(),now(),null),
(103,1,'SYSTEM_ADMIN_BATCH_CONTROL','Base system admin permission',null,-2,1,null,null,now(),now(),null),
(104,1,'SYSTEM_ADMIN_BATCH_CONTROL_INPROGRESS','Base system admin permission',null,-2,1,null,null,now(),now(),null),
(105,1,'SYSTEM_ADMIN_BATCH_CONTROL_FAILED','Base system admin permission',null,-2,1,null,null,now(),now(),null),
(106,1,'SYSTEM_ADMIN_BATCH_CONTROL_SETUP','Base system admin permission',null,-2,1,null,null,now(),now(),null),
(107,1,'SYSTEM_ADMIN_STORAGE','Base system admin permission',null,-2,1,null,null,now(),now(),null),
(108,1,'SYSTEM_ADMIN_VIRUS_SCAN','Base system admin permission',null,-2,1,null,null,now(),now(),null),
(109,1,'SYSTEM_ADMIN_EMAIL_INGESTION','Base system admin permission',null,-2,1,null,null,now(),now(),null),
(110,1,'SYSTEM_ADMIN_CONTENT_DISTRIBUTION_BASE','Base system admin permission',null,-2,1,null,null,now(),now(),null),
(111,1,'SYSTEM_ADMIN_CONTENT_DISTRIBUTION_MODIFY','Base system admin permission',null,-2,1,null,null,now(),now(),null),
(112,1,'SYSTEM_ADMIN_PERMISSIONS_MANAGE','Base system admin permission',null,-2,1,null,null,now(),now(),null),
(113,1,'SYSTEM_INTERNAL','System internal actions',null,-2,1,null,null,now(),now(),null),
(114,1,'SYSTEM_ADMIN_ENTRY_INVESTIGATION','Entry investigation',null,-2,1,null,null,now(),now(),null),
(115,1,'SYSTEM_FILESYNC','Filesync actions',null,-2,1,null,null,now(),now(),null),
(116,2,'FEATURE_PS2_PERMISSIONS_VALIDATION','PS2 permissions validation',null,99,1,null,null,now(),now(),null),
(117,4,'PARTNER_-1_GROUP_*_PERMISSION','Partner -1 permission for group *','Partner -1 permission for group *',-1,1,null,null,now(),now(),'a:1:{s:13:"partner_group";s:1:"*";}'),
(118,4,'PARTNER_-2_GROUP_*_PERMISSION','Partner -2 permission for group *','Partner -2 permission for group *',-2,1,null,null,now(),now(),'a:1:{s:13:"partner_group";s:1:"*";}'),
(119,1,'ADMIN_PERMISSION_ADD','Add permissions','Permission to add permission objects',0,1,'','',now(),now(),'a:1:{s:13:"partner_group";s:0:"";}'),
(120,1,'ADMIN_PERMISSION_UPDATE','Update permissions','Permission to update permission objects',0,1,'','',now(),now(),'a:1:{s:13:"partner_group";s:0:"";}'),
(121,1,'ADMIN_PERMISSION_DELETE','Delete permissions','Permission to delete permission objects',0,1,'','',now(),now(),'a:1:{s:13:"partner_group";s:0:"";}'),
(122,1,'SHORT_LINK_BASE','Short Link Base','Permission to use Short Link objects',0,1,'','',now(),now(),'a:1:{s:13:"partner_group";s:0:"";}'),
(123,1,'SHORT_LINK_MODIFY','Short Link Modify','Permission to modify Short Link objects',0,1,'','',now(),now(),'a:1:{s:13:"partner_group";s:0:"";}'),
(124,2,'FEATURE_ANALYTICS_TAB','Reports and Analytics','Permission to Reports and Analytics',99,1,null,null,now(),now(),'a:1:{s:13:"partner_group";s:0:"";}'),
(125,3,'CONTENTDISTRIBUTION_PLUGIN_PERMISSION','contentDistribution plugin permission','Permission to use contentDistribution plugin',99,1,null,null,now(),now(),'a:1:{s:13:"partner_group";s:0:"";}'),
(126,2,'FEATURE_MOBILE_FLAVORS','Mobile flavors','Permission to Mobile flavors',99,1,null,null,now(),now(),'a:1:{s:13:"partner_group";s:0:"";}'),
(127,1,'PARTNER_AGGREGATION_VIEW','View partner aggregation','Permission to view partner aggregation data warehouse records',0,1,'','',now(),now(),'a:1:{s:13:"partner_group";s:0:"";}'),
(128,1,'SYSTEM_ADMIN_PUBLISHER_LIST_COMMERCIAL','Commercial publisher list','View commercial publisher list',-2,1,'SYSTEM_ADMIN_PUBLISHER_BASE','',now(),now(),'a:1:{s:13:"partner_group";s:0:"";}'),
(129,1,'CONTENT_INGEST_REFERENCE_MODIFY','Content ingest reference modify','Permission to modify entry reference id',0,1,'','',now(),now(),'a:1:{s:13:"partner_group";s:0:"";}'),
(130,1,'dropFolder.SYSTEM_ADMIN_DROP_FOLDER_BASE','Drop Folder Base - System Admin','Permission to use drop folder objects',-2,1,'','',now(),now(),'a:1:{s:13:"partner_group";s:0:"";}'),
(131,1,'dropFolder.SYSTEM_ADMIN_DROP_FOLDER_MODIFY','Drop Folder Modify - System Admin','Permission to modify drop folder objects',-2,1,'','',now(),now(),'a:1:{s:13:"partner_group";s:0:"";}'),
(132,1,'dropFolder.CONTENT_INGEST_DROP_FOLDER_BASE','Drop Folder Modify','Permission to modify drop folder objects',0,1,'DROPFOLDER_PLUGIN_PERMISSION','',now(),now(),'a:1:{s:13:"partner_group";s:0:"";}'),
(133,1,'dropFolder.CONTENT_INGEST_DROP_FOLDER_MODIFY','Drop Folder Modify','Permission to modify drop folder objects',0,1,'DROPFOLDER_PLUGIN_PERMISSION','',now(),now(),'a:1:{s:13:"partner_group";s:0:"";}'),
(135,1,'dropFolder.CONTENT_INGEST_DROP_FOLDER_DELETE','Drop Folder Delete','Permission to delete drop folder file',0,1,'DROPFOLDER_PLUGIN_PERMISSION','',now(),now(),'a:1:{s:13:"partner_group";s:0:"";}'),
(136,3,'METADATA_PLUGIN_PERMISSION','metadata plugin permission','Permission to use metadata plugin',-2,1,'','',now(),now(),'a:1:{s:13:"partner_group";s:0:"";}'),
(137,1,'SYSTEM_ADMIN_PUBLISHER_RESET_USER_PASSWORD','System admin reset partners user password permission1.description = Permission to reset a partners ',null,-2,1,'','',now(),now(),'a:1:{s:13:"partner_group";s:0:"";}'),
(138,1,'BULK_LOG_BASE','Bulk upload log base','Permission to view bulk upload logs',0,1,'','',now(),now(),'a:1:{s:13:"partner_group";s:0:"";}'),
(139,1,'BULK_LOG_DOWNLOAD','Bulk upload log download','Permission to download bulk upload logs',0,1,'BULK_LOG_BASE','',now(),now(),'a:1:{s:13:"partner_group";s:0:"";}'),
(140,1,'BULK_LOG_DELETE','Bulk upload log delete','Permission to delete bulk upload logs',0,1,'BULK_LOG_BASE','',now(),now(),'a:1:{s:13:"partner_group";s:0:"";}'),
(141,1,'CONTENT_INGEST_EXTERNAL_SEARCH','Content ingest external search','Permission to ingest content from external providers',0,1,'','',now(),now(),'a:1:{s:13:"partner_group";s:0:"";}'),
(142,1,'CONTENT_INGEST_WEBCAM','Content ingest webcam','Permission to ingest content from webcam',0,1,'','',now(),now(),'a:1:{s:13:"partner_group";s:0:"";}'),
(143,1,'CONTENT_INGEST_REMOTE_STORAGE','Content ingest remote storage','Permission to ingest content from remote storage',0,1,'FEATURE_REMOTE_STORAGE_INGEST','',now(),now(),'a:1:{s:13:"partner_group";s:0:"";}'),
(144,1,'CONTENT_INGEST_REPLACE','Content ingest replace','Permission to replace entry content',0,1,'FEATURE_ENTRY_REPLACEMENT','',now(),now(),'a:1:{s:13:"partner_group";s:0:"";}'),
(145,1,'CONTENT_INGEST_ORPHAN_VIDEO','Content ingest orphan video','Permission to create orphan video media entry',0,1,'','',now(),now(),'a:1:{s:13:"partner_group";s:0:"";}'),
(146,1,'CONTENT_INGEST_ORPHAN_AUDIO','Content ingest orphan audio','Permission to create orphan audio media entry',0,1,'','',now(),now(),'a:1:{s:13:"partner_group";s:0:"";}'),
(147,1,'CONTENT_INGEST_INTO_ORPHAN','Content ingest into orphan entry','Permission to ingest flavors to existing orphan media entry',0,1,'','',now(),now(),'a:1:{s:13:"partner_group";s:0:"";}'),
(148,1,'CONTENT_INGEST_INTO_READY','Content ingest into orphan entry','Permission to ingest flavors to existing orphan media entry',0,1,'FEATURE_ENTRY_REPLACEMENT','',now(),now(),'a:1:{s:13:"partner_group";s:0:"";}'),
(149,1,'CONTENT_INGEST_BASE','Content ingest replace','Permission to replace entry content',0,1,'','',now(),now(),'a:1:{s:13:"partner_group";s:0:"";}'),
(150,1,'systemPartner.SYSTEM_ADMIN_PUBLISHER_CONFIG_TECH_DATA','System admin config publisher tech data','Permission to modify publishers tech data',-2,1,'','',now(),now(),'a:1:{s:13:"partner_group";s:0:"";}'),
(151,1,'systemPartner.SYSTEM_ADMIN_PUBLISHER_CONFIG_ACCOUNT_INFO','System admin config publisher account info','Permission to modify publishers account info',-2,1,'','',now(),now(),'a:1:{s:13:"partner_group";s:0:"";}'),
(152,1,'systemPartner.SYSTEM_ADMIN_PUBLISHER_CONFIG_GROUP_OPTIONS','System admin config publisher group options','Permission to modify publisherss group options',-2,1,'','',now(),now(),'a:1:{s:13:"partner_group";s:0:"";}'),
(153,1,'cuePoint.MANAGE','Cue points management','Permission to add, update and delete cue points',0,1,'CONTENT_MANAGE_BASE','',now(),now(),'a:1:{s:13:"partner_group";s:0:"";}'),
(154,1,'adCuePoint.MANAGE','AD cue points management','Permission to insert and update ad attributes',0,1,'CONTENT_MANAGE_BASE','',now(),now(),'a:1:{s:13:"partner_group";s:0:"";}'),
(155,1,'CONTENT_INGEST_CLIP_MEDIA','Content ingest clipped media','Permission to ingest clipped media entry',0,1,'FEATURE_CLIP_MEDIA','',now(),now(),'a:1:{s:13:"partner_group";s:0:"";}'),
(156,1,'ATTACHMENT_MODIFY','Modify Attachment','Permission to modify attachment',0,1,'ATTACHMENT_PLUGIN_PERMISSION','',now(),now(),'a:1:{s:13:"partner_group";s:0:"";}'),
(157,1,'CAPTION_MODIFY','Modify Captions','Permission to modify captions',0,1,'CAPTION_PLUGIN_PERMISSION','',now(),now(),'a:1:{s:13:"partner_group";s:0:"";}'),
(158,1,'CAPTION_SEARCH','Captions Search','Permission to search captions by content',0,1,'CAPTIONSEARCH_PLUGIN_PERMISSION','',now(),now(),'a:1:{s:13:"partner_group";s:0:"";}'),
(159,3,'FEATURE_508_PLAYERS','Accessibility 508 Compliant player','Permission to Accessibility 508 Compliant player',99,1,'','',now(),now(),'a:1:{s:13:"partner_group";s:0:"";}'),
(161,2,'FEATURE_ENTRY_REPLACEMENT','Content Ingestion - Replace Media or Trimming','Permission to Content Ingestion - Replace Media or Trimming',99,1,null,null,now(),now(),'a:1:{s:13:"partner_group";s:0:"";}'),
(162,3,'CUEPOINT_PLUGIN_PERMISSION','Time Based - Cue Points Base','Permission to Time Based - Cue Points Base',99,1,'','',now(),now(),'a:1:{s:13:"partner_group";s:0:"";}'),
(163,3,'ADCUEPOINT_PLUGIN_PERMISSION','Time Based - Advertising Cue Points','Permission to Time Based - Advertising Cue Points',99,1,'','',now(),now(),'a:1:{s:13:"partner_group";s:0:"";}'),
(164,3,'ATTACHMENT_PLUGIN_PERMISSION','Entry Related Files','Permission to Entry Related Files',99,1,'','',now(),now(),'a:1:{s:13:"partner_group";s:0:"";}'),
(165,3,'CAPTION_PLUGIN_PERMISSION','Captions','Permission to Captions',99,1,'','',now(),now(),'a:1:{s:13:"partner_group";s:0:"";}'),
(166,3,'CAPTIONSEARCH_PLUGIN_PERMISSION','Captions Search','Permission to Captions Search',99,1,'','',now(),now(),'a:1:{s:13:"partner_group";s:0:"";}'),
(167,2,'FEATURE_ENTRY_REPLACEMENT_APPROVAL','Entry Replacement or Trimming Manual Approval','Permission to Entry Replacement or Trimming Manual Approval',99,1,null,null,now(),now(),'a:1:{s:13:"partner_group";s:0:"";}'),
(168,2,'AUDIT_PLUGIN_PERMISSION','System admin audit trail','System admin audit trail',-2,1,null,null,now(),now(),'a:1:{s:13:"partner_group";s:0:"";}'),
(169,1,'systemPartner.SYSTEM_ADMIN_PUBLISHER_CONFIG_GENERAL_INFORMATION','System admin config publisher general information','Permission to modify publishers general information',-2,1,null,null,now(),now(),'a:1:{s:13:"partner_group";s:0:"";}'),
(170,1,'systemPartner.SYSTEM_ADMIN_PUBLISHER_CONFIG_PACKAGES_SERVICE','System admin config publisher packages service','Permission to modify publishers packages service',-2,1,null,null,now(),now(),'a:1:{s:13:"partner_group";s:0:"";}'),
(171,1,'systemPartner.SYSTEM_ADMIN_PUBLISHER_CONFIG_OPTIONS_MONITOR_USAGE','System admin config publisher monitor usage','Permission to modify publishers monitor usage',-2,1,null,null,now(),now(),'a:1:{s:13:"partner_group";s:0:"";}'),
(173,1,'SYSTEM_ADMIN_PARTNER_CONFIGURATION_VIEW','System admin permissions for user to view partner configuration page','System admin permissions for user to view partner configuration page',-2,1,null,null,now(),now(),'a:1:{s:13:"partner_group";s:0:"";}'),
(174,1,'SYSTEM_ADMIN_WIDGET','System admin widget','System admin widget',-2,1,null,null,now(),now(),'a:1:{s:13:"partner_group";s:0:"";}'),
(175,1,'BULK_LOG_DOWNLOAD_EMAIL','Bulk upload log download','Permission to download bulk upload logs',0,1,null,null,now(),now(),'a:1:{s:13:"partner_group";s:0:"";}'),
(176,1,'systemPartner.SYSTEM_ADMIN_PUBLISHER_CONFIG_ADMIN_KMC_USERS','System admin config publisher admin kmc user','System admin config publisher admin kmc user',-2,1,null,null,now(),now(),'a:1:{s:13:"partner_group";s:0:"";}'),
(177,2,'FEATURE_CLIP_MEDIA','clipped media fature','Permission to use clipping feature',99,1,null,null,now(),now(),'a:1:{s:13:"partner_group";s:0:"";}'),
(178,1,'ADMIN_USER_ASSIGN_PARNTERS','System admin assign partners to user','Permission to assign partners to user',-2,1,null,null,now(),now(),'a:1:{s:13:"partner_group";s:0:"";}'),
(179,1,'dropFolder.CONTENT_INGEST_DROP_FOLDER_MATCH','Drop Folder Match','Permission to match drop folder file to entry',0,1,'CONTENT_INGEST_DROP_FOLDER_MATCH',null,now(),now(),'a:1:{s:13:"partner_group";s:0:"";}');

insert into `permission_item`(`id`,`type`,`partner_id`,`param_1`,`param_2`,`param_3`,`param_4`,`param_5`,`tags`,`created_at`,`updated_at`,`custom_data`) values 
(1,'kApiActionPermissionItem',0,'metadata_metadataprofile','list','','','',null,now(),now(),null),
(2,'kApiActionPermissionItem',0,'metadata_metadataprofile','add','','','',null,now(),now(),null),
(3,'kApiActionPermissionItem',0,'metadata_metadataprofile','addfromfile','','','',null,now(),now(),null),
(4,'kApiActionPermissionItem',0,'metadata_metadataprofile','delete','','','',null,now(),now(),null),
(5,'kApiActionPermissionItem',0,'metadata_metadataprofile','get','','','',null,now(),now(),null),
(6,'kApiActionPermissionItem',0,'metadata_metadataprofile','update','','','',null,now(),now(),null),
(7,'kApiActionPermissionItem',0,'metadata_metadataprofile','updatedefinitionfromfile','','','',null,now(),now(),null),
(8,'kApiActionPermissionItem',0,'metadata_metadataprofile','updateviewsfromfile','','','',null,now(),now(),null),
(9,'kApiActionPermissionItem',0,'metadata_metadataprofile','listfields','','','',null,now(),now(),null),
(10,'kApiActionPermissionItem',0,'metadata_metadataprofile','revert','','','',null,now(),now(),null),
(11,'kApiActionPermissionItem',0,'metadata_metadata','list','','','',null,now(),now(),null),
(12,'kApiActionPermissionItem',0,'metadata_metadata','add','','','',null,now(),now(),null),
(13,'kApiActionPermissionItem',0,'metadata_metadata','addfromfile','','','',null,now(),now(),null),
(14,'kApiActionPermissionItem',0,'metadata_metadata','addfromurl','','','',null,now(),now(),null),
(15,'kApiActionPermissionItem',0,'metadata_metadata','delete','','','',null,now(),now(),null),
(16,'kApiActionPermissionItem',0,'metadata_metadata','get','','','',null,now(),now(),null),
(17,'kApiActionPermissionItem',0,'metadata_metadata','update','','','',null,now(),now(),null),
(18,'kApiActionPermissionItem',0,'metadata_metadata','updatefromfile','','','',null,now(),now(),null),
(19,'kApiActionPermissionItem',0,'document_documents','addfromuploadedfile','','','',null,now(),now(),null),
(20,'kApiActionPermissionItem',0,'document_documents','convert','','','',null,now(),now(),null),
(21,'kApiActionPermissionItem',0,'document_documents','addfromentry','','','',null,now(),now(),null),
(22,'kApiActionPermissionItem',0,'document_documents','addfromflavorasset','','','',null,now(),now(),null),
(23,'kApiActionPermissionItem',0,'document_documents','get','','','',null,now(),now(),null),
(24,'kApiActionPermissionItem',0,'document_documents','update','','','',null,now(),now(),null),
(25,'kApiActionPermissionItem',0,'document_documents','delete','','','',null,now(),now(),null),
(26,'kApiActionPermissionItem',0,'document_documents','list','','','',null,now(),now(),null),
(27,'kApiActionPermissionItem',0,'document_documents','upload','','','',null,now(),now(),null),
(28,'kApiActionPermissionItem',0,'document_documents','convertppttoswf','','','',null,now(),now(),null),
(29,'kApiActionPermissionItem',0,'document_documents','serve','','','',null,now(),now(),null),
(30,'kApiActionPermissionItem',0,'document_documents','servebyflavorparamsid','','','',null,now(),now(),null),
(31,'kApiActionPermissionItem',0,'session','start','','','',null,now(),now(),null),
(32,'kApiActionPermissionItem',0,'session','startwidgetsession','','','',null,now(),now(),null),
(33,'kApiActionPermissionItem',0,'session','end','','','',null,now(),now(),null),
(34,'kApiActionPermissionItem',0,'session','impersonate','','','',null,now(),now(),null),
(35,'kApiActionPermissionItem',0,'uiconf','add','','','',null,now(),now(),null),
(36,'kApiActionPermissionItem',0,'uiconf','update','','','',null,now(),now(),null),
(37,'kApiActionPermissionItem',0,'uiconf','get','','','',null,now(),now(),null),
(38,'kApiActionPermissionItem',0,'uiconf','delete','','','',null,now(),now(),null),
(39,'kApiActionPermissionItem',0,'uiconf','clone','','','',null,now(),now(),null),
(40,'kApiActionPermissionItem',0,'uiconf','list','','','',null,now(),now(),null),
(41,'kApiActionPermissionItem',0,'uiconf','listtemplates','','','',null,now(),now(),null),
(42,'kApiActionPermissionItem',0,'user','add','','','',null,now(),now(),null),
(43,'kApiActionPermissionItem',0,'user','get','','','',null,now(),now(),null),
(44,'kApiActionPermissionItem',0,'user','update','','','',null,now(),now(),null),
(45,'kApiActionPermissionItem',0,'user','delete','','','',null,now(),now(),null),
(46,'kApiActionPermissionItem',0,'user','list','','','',null,now(),now(),null),
(47,'kApiActionPermissionItem',0,'user','notifyban','','','',null,now(),now(),null),
(48,'kApiActionPermissionItem',0,'user','login','','','',null,now(),now(),null),
(49,'kApiActionPermissionItem',0,'user','loginbyloginid','','','',null,now(),now(),null),
(50,'kApiActionPermissionItem',0,'user','getbyloginid','','','',null,now(),now(),null),
(51,'kApiActionPermissionItem',0,'user','updatelogindata','','','',null,now(),now(),null),
(52,'kApiActionPermissionItem',0,'user','resetpassword','','','',null,now(),now(),null),
(53,'kApiActionPermissionItem',0,'user','setinitialpassword','','','',null,now(),now(),null),
(54,'kApiActionPermissionItem',0,'user','enablelogin','','','',null,now(),now(),null),
(55,'kApiActionPermissionItem',0,'user','disablelogin','','','',null,now(),now(),null),
(56,'kApiActionPermissionItem',0,'widget','add','','','',null,now(),now(),null),
(57,'kApiActionPermissionItem',0,'widget','clone','','','',null,now(),now(),null),
(58,'kApiActionPermissionItem',0,'widget','get','','','',null,now(),now(),null),
(59,'kApiActionPermissionItem',0,'widget','update','','','',null,now(),now(),null),
(60,'kApiActionPermissionItem',0,'widget','list','','','',null,now(),now(),null),
(61,'kApiActionPermissionItem',0,'partner','register','','','',null,now(),now(),null),
(62,'kApiActionPermissionItem',0,'partner','update','','','',null,now(),now(),null),
(63,'kApiActionPermissionItem',0,'partner','getsecrets','','','',null,now(),now(),null),
(64,'kApiActionPermissionItem',0,'partner','getinfo','','','',null,now(),now(),null),
(65,'kApiActionPermissionItem',0,'partner','getusage','','','',null,now(),now(),null),
(66,'kApiActionPermissionItem',0,'adminuser','updatepassword','','','',null,now(),now(),null),
(67,'kApiActionPermissionItem',0,'adminuser','resetpassword','','','',null,now(),now(),null),
(68,'kApiActionPermissionItem',0,'adminuser','login','','','',null,now(),now(),null),
(69,'kApiActionPermissionItem',0,'adminuser','setinitialpassword','','','',null,now(),now(),null),
(70,'kApiActionPermissionItem',0,'search','search','','','',null,now(),now(),null),
(71,'kApiActionPermissionItem',0,'search','getmediainfo','','','',null,now(),now(),null),
(72,'kApiActionPermissionItem',0,'search','searchurl','','','',null,now(),now(),null),
(73,'kApiActionPermissionItem',0,'search','externallogin','','','',null,now(),now(),null),
(74,'kApiActionPermissionItem',0,'playlist','add','','','',null,now(),now(),null),
(75,'kApiActionPermissionItem',0,'playlist','update','','','',null,now(),now(),null),
(76,'kApiActionPermissionItem',0,'playlist','get','','','',null,now(),now(),null),
(77,'kApiActionPermissionItem',0,'playlist','delete','','','',null,now(),now(),null),
(78,'kApiActionPermissionItem',0,'playlist','clone','','','',null,now(),now(),null),
(79,'kApiActionPermissionItem',0,'playlist','list','','','',null,now(),now(),null),
(80,'kApiActionPermissionItem',0,'playlist','execute','','','',null,now(),now(),null),
(81,'kApiActionPermissionItem',0,'playlist','executefromcontent','','','',null,now(),now(),null),
(82,'kApiActionPermissionItem',0,'playlist','executefromfilters','','','',null,now(),now(),null),
(83,'kApiActionPermissionItem',0,'playlist','getstatsfromcontent','','','',null,now(),now(),null),
(84,'kApiActionPermissionItem',0,'media','addfromurl','','','',null,now(),now(),null),
(85,'kApiActionPermissionItem',0,'media','addfromsearchresult','','','',null,now(),now(),null),
(86,'kApiActionPermissionItem',0,'media','addfromuploadedfile','','','',null,now(),now(),null),
(87,'kApiActionPermissionItem',0,'media','addfromrecordedwebcam','','','',null,now(),now(),null),
(88,'kApiActionPermissionItem',0,'media','get','','','',null,now(),now(),null),
(89,'kApiActionPermissionItem',0,'media','convert','','','',null,now(),now(),null),
(90,'kApiActionPermissionItem',0,'media','addfromentry','','','',null,now(),now(),null),
(91,'kApiActionPermissionItem',0,'media','addfromflavorasset','','','',null,now(),now(),null),
(92,'kApiActionPermissionItem',0,'media','update','','','',null,now(),now(),null),
(93,'kApiActionPermissionItem',0,'media','upload','','','',null,now(),now(),null),
(94,'kApiActionPermissionItem',0,'media','delete','','','',null,now(),now(),null),
(95,'kApiActionPermissionItem',0,'media','list','','','',null,now(),now(),null),
(96,'kApiActionPermissionItem',0,'media','count','','','',null,now(),now(),null),
(97,'kApiActionPermissionItem',0,'media','updatethumbnail','','','',null,now(),now(),null),
(98,'kApiActionPermissionItem',0,'media','updatethumbnailjpeg','','','',null,now(),now(),null),
(99,'kApiActionPermissionItem',0,'media','updatethumbnailfromurl','','','',null,now(),now(),null),
(100,'kApiActionPermissionItem',0,'media','updatethumbnailfromsourceentry','','','',null,now(),now(),null),
(101,'kApiActionPermissionItem',0,'media','requestconversion','','','',null,now(),now(),null),
(102,'kApiActionPermissionItem',0,'media','flag','','','',null,now(),now(),null),
(103,'kApiActionPermissionItem',0,'media','reject','','','',null,now(),now(),null),
(104,'kApiActionPermissionItem',0,'media','approve','','','',null,now(),now(),null),
(105,'kApiActionPermissionItem',0,'media','listflags','','','',null,now(),now(),null),
(106,'kApiActionPermissionItem',0,'media','anonymousrank','','','',null,now(),now(),null),
(107,'kApiActionPermissionItem',0,'livestream','add','','','',null,now(),now(),null),
(108,'kApiActionPermissionItem',0,'livestream','get','','','',null,now(),now(),null),
(109,'kApiActionPermissionItem',0,'livestream','update','','','',null,now(),now(),null),
(110,'kApiActionPermissionItem',0,'livestream','delete','','','',null,now(),now(),null),
(111,'kApiActionPermissionItem',0,'livestream','list','','','',null,now(),now(),null),
(112,'kApiActionPermissionItem',0,'livestream','updateofflinethumbnailjpeg','','','',null,now(),now(),null),
(113,'kApiActionPermissionItem',0,'livestream','updateofflinethumbnailfromurl','','','',null,now(),now(),null),
(114,'kApiActionPermissionItem',0,'mixing','add','','','',null,now(),now(),null),
(115,'kApiActionPermissionItem',0,'mixing','get','','','',null,now(),now(),null),
(116,'kApiActionPermissionItem',0,'mixing','update','','','',null,now(),now(),null),
(117,'kApiActionPermissionItem',0,'mixing','delete','','','',null,now(),now(),null),
(118,'kApiActionPermissionItem',0,'mixing','list','','','',null,now(),now(),null),
(119,'kApiActionPermissionItem',0,'mixing','count','','','',null,now(),now(),null),
(120,'kApiActionPermissionItem',0,'mixing','clone','','','',null,now(),now(),null),
(121,'kApiActionPermissionItem',0,'mixing','appendmediaentry','','','',null,now(),now(),null),
(122,'kApiActionPermissionItem',0,'mixing','requestflattening','','','',null,now(),now(),null),
(123,'kApiActionPermissionItem',0,'mixing','getmixesbymediaid','','','',null,now(),now(),null),
(124,'kApiActionPermissionItem',0,'mixing','getreadymediaentries','','','',null,now(),now(),null),
(125,'kApiActionPermissionItem',0,'mixing','anonymousrank','','','',null,now(),now(),null),
(126,'kApiActionPermissionItem',0,'data','add','','','',null,now(),now(),null),
(127,'kApiActionPermissionItem',0,'data','get','','','',null,now(),now(),null),
(128,'kApiActionPermissionItem',0,'data','update','','','',null,now(),now(),null),
(129,'kApiActionPermissionItem',0,'data','delete','','','',null,now(),now(),null),
(130,'kApiActionPermissionItem',0,'data','list','','','',null,now(),now(),null),
(131,'kApiActionPermissionItem',0,'data','serve','','','',null,now(),now(),null),
(132,'kApiActionPermissionItem',0,'baseentry','addfromuploadedfile','','','',null,now(),now(),null),
(133,'kApiActionPermissionItem',0,'baseentry','list','','','',null,now(),now(),null),
(134,'kApiActionPermissionItem',0,'baseentry','count','','','',null,now(),now(),null),
(135,'kApiActionPermissionItem',0,'baseentry','get','','','',null,now(),now(),null),
(136,'kApiActionPermissionItem',0,'baseentry','getcontextdata','','','',null,now(),now(),null),
(137,'kApiActionPermissionItem',0,'baseentry','update','','','',null,now(),now(),null),
(138,'kApiActionPermissionItem',0,'baseentry','upload','','','',null,now(),now(),null),
(139,'kApiActionPermissionItem',0,'baseentry','getbyids','','','',null,now(),now(),null),
(140,'kApiActionPermissionItem',0,'baseentry','delete','','','',null,now(),now(),null),
(141,'kApiActionPermissionItem',0,'baseentry','updatethumbnailjpeg','','','',null,now(),now(),null),
(142,'kApiActionPermissionItem',0,'baseentry','updatethumbnailfromurl','','','',null,now(),now(),null),
(143,'kApiActionPermissionItem',0,'baseentry','updatethumbnailfromsourceentry','','','',null,now(),now(),null),
(144,'kApiActionPermissionItem',0,'baseentry','flag','','','',null,now(),now(),null),
(145,'kApiActionPermissionItem',0,'baseentry','reject','','','',null,now(),now(),null),
(146,'kApiActionPermissionItem',0,'baseentry','approve','','','',null,now(),now(),null),
(147,'kApiActionPermissionItem',0,'baseentry','listflags','','','',null,now(),now(),null),
(148,'kApiActionPermissionItem',0,'baseentry','anonymousrank','','','',null,now(),now(),null),
(149,'kApiActionPermissionItem',0,'bulkupload','add','','','',null,now(),now(),null),
(150,'kApiActionPermissionItem',0,'bulkupload','get','','','',null,now(),now(),null),
(151,'kApiActionPermissionItem',0,'bulkupload','delete','','','',null,now(),now(),null),
(152,'kApiActionPermissionItem',0,'bulkupload','list','','','',null,now(),now(),null),
(153,'kApiActionPermissionItem',0,'report','getgraphs','','','',null,now(),now(),null),
(154,'kApiActionPermissionItem',0,'report','gettotal','','','',null,now(),now(),null),
(155,'kApiActionPermissionItem',0,'report','gettable','','','',null,now(),now(),null),
(156,'kApiActionPermissionItem',0,'report','geturlforreportascsv','','','',null,now(),now(),null),
(157,'kApiActionPermissionItem',0,'stats','collect','','','',null,now(),now(),null),
(158,'kApiActionPermissionItem',0,'stats','kmccollect','','','',null,now(),now(),null),
(159,'kApiActionPermissionItem',0,'stats','reportkceerror','','','',null,now(),now(),null),
(160,'kApiActionPermissionItem',0,'system','ping','','','',null,now(),now(),null),
(161,'kApiActionPermissionItem',0,'notification','getclientnotification','','','',null,now(),now(),null),
(162,'kApiActionPermissionItem',0,'conversionprofile','add','','','',null,now(),now(),null),
(163,'kApiActionPermissionItem',0,'conversionprofile','get','','','',null,now(),now(),null),
(164,'kApiActionPermissionItem',0,'conversionprofile','update','','','',null,now(),now(),null),
(165,'kApiActionPermissionItem',0,'conversionprofile','delete','','','',null,now(),now(),null),
(166,'kApiActionPermissionItem',0,'conversionprofile','list','','','',null,now(),now(),null),
(167,'kApiActionPermissionItem',0,'conversionprofile','addflavorparams','','','',null,now(),now(),null),
(168,'kApiActionPermissionItem',0,'conversionprofile','removeflavorparams','','','',null,now(),now(),null),
(169,'kApiActionPermissionItem',0,'flavorparams','add','','','',null,now(),now(),null),
(170,'kApiActionPermissionItem',0,'flavorparams','get','','','',null,now(),now(),null),
(171,'kApiActionPermissionItem',0,'flavorparams','update','','','',null,now(),now(),null),
(172,'kApiActionPermissionItem',0,'flavorparams','delete','','','',null,now(),now(),null),
(173,'kApiActionPermissionItem',0,'flavorparams','list','','','',null,now(),now(),null),
(174,'kApiActionPermissionItem',0,'flavorparams','getbyconversionprofileid','','','',null,now(),now(),null),
(175,'kApiActionPermissionItem',0,'flavorparams','getdefault','','','',null,now(),now(),null),
(176,'kApiActionPermissionItem',0,'thumbparams','add','','','',null,now(),now(),null),
(177,'kApiActionPermissionItem',0,'thumbparams','get','','','',null,now(),now(),null),
(178,'kApiActionPermissionItem',0,'thumbparams','update','','','',null,now(),now(),null),
(179,'kApiActionPermissionItem',0,'thumbparams','delete','','','',null,now(),now(),null),
(180,'kApiActionPermissionItem',0,'thumbparams','list','','','',null,now(),now(),null),
(181,'kApiActionPermissionItem',0,'thumbparams','getbyconversionprofileid','','','',null,now(),now(),null),
(182,'kApiActionPermissionItem',0,'thumbparams','getdefault','','','',null,now(),now(),null),
(183,'kApiActionPermissionItem',0,'flavorasset','get','','','',null,now(),now(),null),
(184,'kApiActionPermissionItem',0,'flavorasset','getbyentryid','','','',null,now(),now(),null),
(185,'kApiActionPermissionItem',0,'flavorasset','getwebplayablebyentryid','','','',null,now(),now(),null),
(186,'kApiActionPermissionItem',0,'flavorasset','convert','','','',null,now(),now(),null),
(187,'kApiActionPermissionItem',0,'flavorasset','reconvert','','','',null,now(),now(),null),
(188,'kApiActionPermissionItem',0,'flavorasset','delete','','','',null,now(),now(),null),
(189,'kApiActionPermissionItem',0,'flavorasset','getflavorassetswithparams','','','',null,now(),now(),null),
(190,'kApiActionPermissionItem',0,'flavorasset','getdownloadurl','','','',null,now(),now(),null),
(191,'kApiActionPermissionItem',0,'thumbasset','get','','','',null,now(),now(),null),
(192,'kApiActionPermissionItem',0,'thumbasset','getbyentryid','','','',null,now(),now(),null),
(193,'kApiActionPermissionItem',0,'thumbasset','servebyentryid','','','',null,now(),now(),null),
(194,'kApiActionPermissionItem',0,'thumbasset','serve','','','',null,now(),now(),null),
(195,'kApiActionPermissionItem',0,'thumbasset','setasdefault','','','',null,now(),now(),null),
(196,'kApiActionPermissionItem',0,'thumbasset','generatebyentryid','','','',null,now(),now(),null),
(197,'kApiActionPermissionItem',0,'thumbasset','generate','','','',null,now(),now(),null),
(198,'kApiActionPermissionItem',0,'thumbasset','regenerate','','','',null,now(),now(),null),
(199,'kApiActionPermissionItem',0,'thumbasset','addfromurl','','','',null,now(),now(),null),
(200,'kApiActionPermissionItem',0,'thumbasset','addfromimage','','','',null,now(),now(),null),
(201,'kApiActionPermissionItem',0,'thumbasset','delete','','','',null,now(),now(),null),
(202,'kApiActionPermissionItem',0,'thumbasset','deletebyentryid','','','',null,now(),now(),null),
(203,'kApiActionPermissionItem',0,'syndicationfeed','add','','','',null,now(),now(),null),
(204,'kApiActionPermissionItem',0,'syndicationfeed','get','','','',null,now(),now(),null),
(205,'kApiActionPermissionItem',0,'syndicationfeed','update','','','',null,now(),now(),null),
(206,'kApiActionPermissionItem',0,'syndicationfeed','delete','','','',null,now(),now(),null),
(207,'kApiActionPermissionItem',0,'syndicationfeed','list','','','',null,now(),now(),null),
(208,'kApiActionPermissionItem',0,'syndicationfeed','getentrycount','','','',null,now(),now(),null),
(209,'kApiActionPermissionItem',0,'syndicationfeed','requestconversion','','','',null,now(),now(),null),
(210,'kApiActionPermissionItem',0,'accesscontrol','add','','','',null,now(),now(),null),
(211,'kApiActionPermissionItem',0,'accesscontrol','get','','','',null,now(),now(),null),
(212,'kApiActionPermissionItem',0,'accesscontrol','update','','','',null,now(),now(),null),
(213,'kApiActionPermissionItem',0,'accesscontrol','delete','','','',null,now(),now(),null),
(214,'kApiActionPermissionItem',0,'accesscontrol','list','','','',null,now(),now(),null),
(215,'kApiActionPermissionItem',0,'category','add','','','',null,now(),now(),null),
(216,'kApiActionPermissionItem',0,'category','get','','','',null,now(),now(),null),
(217,'kApiActionPermissionItem',0,'category','update','','','',null,now(),now(),null),
(218,'kApiActionPermissionItem',0,'category','delete','','','',null,now(),now(),null),
(219,'kApiActionPermissionItem',0,'category','list','','','',null,now(),now(),null),
(220,'kApiActionPermissionItem',0,'upload','upload','','','',null,now(),now(),null),
(221,'kApiActionPermissionItem',0,'upload','getuploadedfiletokenbyfilename','','','',null,now(),now(),null),
(222,'kApiActionPermissionItem',0,'uploadtoken','add','','','',null,now(),now(),null),
(223,'kApiActionPermissionItem',0,'uploadtoken','get','','','',null,now(),now(),null),
(224,'kApiActionPermissionItem',0,'uploadtoken','upload','','','',null,now(),now(),null),
(225,'kApiActionPermissionItem',0,'uploadtoken','list','','','',null,now(),now(),null),
(226,'kApiActionPermissionItem',0,'uploadtoken','delete','','','',null,now(),now(),null),
(227,'kApiActionPermissionItem',0,'xinternal','xaddbulkdownload','','','',null,now(),now(),null),
(228,'kApiActionPermissionItem',0,'userrole','add','','','',null,now(),now(),null),
(229,'kApiActionPermissionItem',0,'userrole','delete','','','',null,now(),now(),null),
(230,'kApiActionPermissionItem',0,'userrole','get','','','',null,now(),now(),null),
(231,'kApiActionPermissionItem',0,'userrole','list','','','',null,now(),now(),null),
(232,'kApiActionPermissionItem',0,'userrole','update','','','',null,now(),now(),null),
(233,'kApiActionPermissionItem',0,'userrole','clone','','','',null,now(),now(),null),
(234,'kApiActionPermissionItem',0,'permission','add','','','',null,now(),now(),null),
(235,'kApiActionPermissionItem',0,'permission','delete','','','',null,now(),now(),null),
(236,'kApiActionPermissionItem',0,'permission','update','','','',null,now(),now(),null),
(237,'kApiActionPermissionItem',0,'permission','get','','','',null,now(),now(),null),
(238,'kApiActionPermissionItem',0,'permission','list','','','',null,now(),now(),null),
(239,'kApiActionPermissionItem',0,'permission','getcurrentpermissions','','','',null,now(),now(),null),
(240,'kApiActionPermissionItem',0,'document','addfromuploadedfile','','','',null,now(),now(),null),
(241,'kApiActionPermissionItem',0,'document','get','','','',null,now(),now(),null),
(242,'kApiActionPermissionItem',0,'document','update','','','',null,now(),now(),null),
(243,'kApiActionPermissionItem',0,'document','delete','','','',null,now(),now(),null),
(244,'kApiActionPermissionItem',0,'document','list','','','',null,now(),now(),null),
(245,'kApiActionPermissionItem',0,'document','upload','','','',null,now(),now(),null),
(246,'kApiActionPermissionItem',0,'document','convertppttoswf','','','',null,now(),now(),null),
(247,'kApiActionPermissionItem',0,'document','serve','','','',null,now(),now(),null),
(248,'kApiActionPermissionItem',0,'document','servebyflavorparamsid','','','',null,now(),now(),null),
(249,'kApiActionPermissionItem',-1,'media','addfrombulk','','','',null,now(),now(),null),
(250,'kApiActionPermissionItem',-1,'jobs','abortmail','','','',null,now(),now(),null),
(251,'kApiActionPermissionItem',-1,'jobs','abortbulkupload','','','',null,now(),now(),null),
(252,'kApiActionPermissionItem',-1,'jobs','abortconvertcollection','','','',null,now(),now(),null),
(253,'kApiActionPermissionItem',-1,'jobs','abortprovisionprovide','','','',null,now(),now(),null),
(254,'kApiActionPermissionItem',-1,'jobs','abortprovisiondelete','','','',null,now(),now(),null),
(255,'kApiActionPermissionItem',-1,'jobs','abortconvert','','','',null,now(),now(),null),
(256,'kApiActionPermissionItem',-1,'jobs','abortpostconvert','','','',null,now(),now(),null),
(257,'kApiActionPermissionItem',-1,'jobs','abortextractmedia','','','',null,now(),now(),null),
(258,'kApiActionPermissionItem',-1,'jobs','abortstorageexport','','','',null,now(),now(),null),
(259,'kApiActionPermissionItem',-1,'jobs','abortstoragedelete','','','',null,now(),now(),null),
(260,'kApiActionPermissionItem',-1,'jobs','abortimport','','','',null,now(),now(),null),
(261,'kApiActionPermissionItem',-1,'jobs','abortpull','','','',null,now(),now(),null),
(262,'kApiActionPermissionItem',-1,'jobs','abortnotification','','','',null,now(),now(),null),
(263,'kApiActionPermissionItem',-1,'jobs','abortconvertprofile','','','',null,now(),now(),null),
(264,'kApiActionPermissionItem',-1,'jobs','abortremoteconvert','','','',null,now(),now(),null),
(265,'kApiActionPermissionItem',-1,'jobs','deletemail','','','',null,now(),now(),null),
(266,'kApiActionPermissionItem',-1,'jobs','deletebulkupload','','','',null,now(),now(),null),
(267,'kApiActionPermissionItem',-1,'jobs','deleteconvertcollection','','','',null,now(),now(),null),
(268,'kApiActionPermissionItem',-1,'jobs','deleteprovisionprovide','','','',null,now(),now(),null),
(269,'kApiActionPermissionItem',-1,'jobs','deleteprovisiondelete','','','',null,now(),now(),null),
(270,'kApiActionPermissionItem',-1,'jobs','deleteconvert','','','',null,now(),now(),null),
(271,'kApiActionPermissionItem',-1,'jobs','deletepostconvert','','','',null,now(),now(),null),
(272,'kApiActionPermissionItem',-1,'jobs','deleteextractmedia','','','',null,now(),now(),null),
(273,'kApiActionPermissionItem',-1,'jobs','deletestorageexport','','','',null,now(),now(),null),
(274,'kApiActionPermissionItem',-1,'jobs','deletestoragedelete','','','',null,now(),now(),null),
(275,'kApiActionPermissionItem',-1,'jobs','deleteimport','','','',null,now(),now(),null),
(276,'kApiActionPermissionItem',-1,'jobs','deletepull','','','',null,now(),now(),null),
(277,'kApiActionPermissionItem',-1,'jobs','deletenotification','','','',null,now(),now(),null),
(278,'kApiActionPermissionItem',-1,'jobs','deleteconvertprofile','','','',null,now(),now(),null),
(279,'kApiActionPermissionItem',-1,'jobs','deleteremoteconvert','','','',null,now(),now(),null),
(280,'kApiActionPermissionItem',-1,'jobs','retrymail','','','',null,now(),now(),null),
(281,'kApiActionPermissionItem',-1,'jobs','retrybulkupload','','','',null,now(),now(),null),
(282,'kApiActionPermissionItem',-1,'jobs','retryconvertcollection','','','',null,now(),now(),null),
(283,'kApiActionPermissionItem',-1,'jobs','retryprovisionprovide','','','',null,now(),now(),null),
(284,'kApiActionPermissionItem',-1,'jobs','retryprovisiondelete','','','',null,now(),now(),null),
(285,'kApiActionPermissionItem',-1,'jobs','retryconvert','','','',null,now(),now(),null),
(286,'kApiActionPermissionItem',-1,'jobs','retrypostconvert','','','',null,now(),now(),null),
(287,'kApiActionPermissionItem',-1,'jobs','retryextractmedia','','','',null,now(),now(),null),
(288,'kApiActionPermissionItem',-1,'jobs','retrystorageexport','','','',null,now(),now(),null),
(289,'kApiActionPermissionItem',-1,'jobs','retrystoragedelete','','','',null,now(),now(),null),
(290,'kApiActionPermissionItem',-1,'jobs','retryimport','','','',null,now(),now(),null),
(291,'kApiActionPermissionItem',-1,'jobs','retrypull','','','',null,now(),now(),null),
(292,'kApiActionPermissionItem',-1,'jobs','retrynotification','','','',null,now(),now(),null),
(293,'kApiActionPermissionItem',-1,'jobs','retryconvertprofile','','','',null,now(),now(),null),
(294,'kApiActionPermissionItem',-1,'jobs','retryremoteconvert','','','',null,now(),now(),null),
(295,'kApiActionPermissionItem',-1,'jobs','getpullstatus','','','',null,now(),now(),null),
(296,'kApiActionPermissionItem',-1,'jobs','getimportstatus','','','',null,now(),now(),null),
(297,'kApiActionPermissionItem',-1,'jobs','getpostconvertstatus','','','',null,now(),now(),null),
(298,'kApiActionPermissionItem',-1,'jobs','getextractmediastatus','','','',null,now(),now(),null),
(299,'kApiActionPermissionItem',-1,'jobs','getstorageexportstatus','','','',null,now(),now(),null),
(300,'kApiActionPermissionItem',-1,'jobs','getstoragedeletestatus','','','',null,now(),now(),null),
(301,'kApiActionPermissionItem',-1,'jobs','getbulkuploadstatus','','','',null,now(),now(),null),
(302,'kApiActionPermissionItem',-1,'jobs','getconvertcollectionstatus','','','',null,now(),now(),null),
(303,'kApiActionPermissionItem',-1,'jobs','getprovisionprovidestatus','','','',null,now(),now(),null),
(304,'kApiActionPermissionItem',-1,'jobs','getprovisiondeletestatus','','','',null,now(),now(),null),
(305,'kApiActionPermissionItem',-1,'jobs','getconvertstatus','','','',null,now(),now(),null),
(306,'kApiActionPermissionItem',-1,'jobs','getnotificationstatus','','','',null,now(),now(),null),
(307,'kApiActionPermissionItem',-1,'jobs','getconvertprofilestatus','','','',null,now(),now(),null),
(308,'kApiActionPermissionItem',-1,'jobs','getremoteconvertstatus','','','',null,now(),now(),null),
(309,'kApiActionPermissionItem',-1,'jobs','getmailstatus','','','',null,now(),now(),null),
(310,'kApiActionPermissionItem',-1,'batch','getqueuesize','','','',null,now(),now(),null),
(311,'kApiActionPermissionItem',-1,'batch','checkfileexists','','','',null,now(),now(),null),
(312,'kApiActionPermissionItem',-1,'batch','getexclusivepulljobs','','','',null,now(),now(),null),
(313,'kApiActionPermissionItem',-1,'batch','updateexclusivepulljob','','','',null,now(),now(),null),
(314,'kApiActionPermissionItem',-1,'batch','freeexclusivepulljob','','','',null,now(),now(),null),
(315,'kApiActionPermissionItem',-1,'batch','getexclusiveimportjobs','','','',null,now(),now(),null),
(316,'kApiActionPermissionItem',-1,'batch','updateexclusiveimportjob','','','',null,now(),now(),null),
(317,'kApiActionPermissionItem',-1,'batch','freeexclusiveimportjob','','','',null,now(),now(),null),
(318,'kApiActionPermissionItem',-1,'batch','cleanexclusivejobs','','','',null,now(),now(),null),
(319,'kApiActionPermissionItem',-1,'batch','addbulkuploadresult','','','',null,now(),now(),null),
(320,'kApiActionPermissionItem',-1,'batch','getbulkuploadlastresult','','','',null,now(),now(),null),
(321,'kApiActionPermissionItem',-1,'batch','updatebulkuploadresults','','','',null,now(),now(),null),
(322,'kApiActionPermissionItem',-1,'batch','addmediainfo','','','',null,now(),now(),null),
(323,'kApiActionPermissionItem',-1,'batch','getexclusivepostconvertjobs','','','',null,now(),now(),null),
(324,'kApiActionPermissionItem',-1,'batch','updateexclusivepostconvertjob','','','',null,now(),now(),null),
(325,'kApiActionPermissionItem',-1,'batch','freeexclusivepostconvertjob','','','',null,now(),now(),null),
(326,'kApiActionPermissionItem',-1,'batch','getexclusiveextractmediajobs','','','',null,now(),now(),null),
(327,'kApiActionPermissionItem',-1,'batch','updateexclusiveextractmediajob','','','',null,now(),now(),null),
(328,'kApiActionPermissionItem',-1,'batch','freeexclusiveextractmediajob','','','',null,now(),now(),null),
(329,'kApiActionPermissionItem',-1,'batch','getexclusivestorageexportjobs','','','',null,now(),now(),null),
(330,'kApiActionPermissionItem',-1,'batch','getexclusivestoragedeletejobs','','','',null,now(),now(),null),
(331,'kApiActionPermissionItem',-1,'batch','updateexclusivestorageexportjob','','','',null,now(),now(),null),
(332,'kApiActionPermissionItem',-1,'batch','updateexclusivestoragedeletejob','','','',null,now(),now(),null),
(333,'kApiActionPermissionItem',-1,'batch','freeexclusivestorageexportjob','','','',null,now(),now(),null),
(334,'kApiActionPermissionItem',-1,'batch','freeexclusivestoragedeletejob','','','',null,now(),now(),null),
(335,'kApiActionPermissionItem',-1,'batch','getexclusivebulkuploadjobs','','','',null,now(),now(),null),
(336,'kApiActionPermissionItem',-1,'batch','getexclusiveconvertcollectionjobs','','','',null,now(),now(),null),
(337,'kApiActionPermissionItem',-1,'batch','getexclusiveprovisionprovidejobs','','','',null,now(),now(),null),
(338,'kApiActionPermissionItem',-1,'batch','getexclusiveprovisiondeletejobs','','','',null,now(),now(),null),
(339,'kApiActionPermissionItem',-1,'batch','updateexclusivebulkuploadjob','','','',null,now(),now(),null),
(340,'kApiActionPermissionItem',-1,'batch','updateexclusiveconvertcollectionjob','','','',null,now(),now(),null),
(341,'kApiActionPermissionItem',-1,'batch','updateexclusiveprovisionprovidejob','','','',null,now(),now(),null),
(342,'kApiActionPermissionItem',-1,'batch','updateexclusiveprovisiondeletejob','','','',null,now(),now(),null),
(343,'kApiActionPermissionItem',-1,'batch','freeexclusivebulkuploadjob','','','',null,now(),now(),null),
(344,'kApiActionPermissionItem',-1,'batch','freeexclusiveconvertcollectionjob','','','',null,now(),now(),null),
(345,'kApiActionPermissionItem',-1,'batch','freeexclusiveprovisionprovidejob','','','',null,now(),now(),null),
(346,'kApiActionPermissionItem',-1,'batch','freeexclusiveprovisiondeletejob','','','',null,now(),now(),null),
(347,'kApiActionPermissionItem',-1,'batch','getexclusiveconvertjobs','','','',null,now(),now(),null),
(348,'kApiActionPermissionItem',-1,'batch','updateexclusiveconvertjob','','','',null,now(),now(),null),
(349,'kApiActionPermissionItem',-1,'batch','freeexclusiveconvertjob','','','',null,now(),now(),null),
(350,'kApiActionPermissionItem',-1,'batch','getexclusivenotificationjobs','','','',null,now(),now(),null),
(351,'kApiActionPermissionItem',-1,'batch','updateexclusivenotificationjob','','','',null,now(),now(),null),
(352,'kApiActionPermissionItem',-1,'batch','freeexclusivenotificationjob','','','',null,now(),now(),null),
(353,'kApiActionPermissionItem',-1,'batch','getexclusivemailjobs','','','',null,now(),now(),null),
(354,'kApiActionPermissionItem',-1,'batch','updateexclusivemailjob','','','',null,now(),now(),null),
(355,'kApiActionPermissionItem',-1,'batch','freeexclusivemailjob','','','',null,now(),now(),null),
(356,'kApiActionPermissionItem',-1,'batch','freeexclusiveconvertprofilejob','','','',null,now(),now(),null),
(357,'kApiActionPermissionItem',-1,'batch','freeexclusiveremoteconvertjob','','','',null,now(),now(),null),
(358,'kApiActionPermissionItem',-1,'batch','getexclusivebulkdownloadjobs','','','',null,now(),now(),null),
(359,'kApiActionPermissionItem',-1,'batch','updateexclusivebulkdownloadjob','','','',null,now(),now(),null),
(360,'kApiActionPermissionItem',-1,'batch','freeexclusivebulkdownloadjob','','','',null,now(),now(),null),
(361,'kApiActionPermissionItem',-1,'batch','getexclusivecapturethumbjobs','','','',null,now(),now(),null),
(362,'kApiActionPermissionItem',-1,'batch','updateexclusivecapturethumbjob','','','',null,now(),now(),null),
(363,'kApiActionPermissionItem',-1,'batch','freeexclusivecapturethumbjob','','','',null,now(),now(),null),
(364,'kApiActionPermissionItem',-1,'batch','logconversion','','','',null,now(),now(),null),
(365,'kApiActionPermissionItem',-1,'batch','resetjobexecutionattempts','','','',null,now(),now(),null),
(366,'kApiActionPermissionItem',-1,'batch','updateexclusiveconvertjobsubtype','','','',null,now(),now(),null),
(367,'kApiActionPermissionItem',-1,'batch','updateexclusiveconvertprofilejob','','','',null,now(),now(),null),
(368,'kApiActionPermissionItem',-1,'batch','getexclusivealmostdoneconvertjobs','','','',null,now(),now(),null),
(369,'kApiActionPermissionItem',-1,'batch','getexclusivealmostdoneconvertprofilejobs','','','',null,now(),now(),null),
(370,'kApiActionPermissionItem',-1,'batch','getexclusivealmostdonebulkuploadjobs','','','',null,now(),now(),null),
(371,'kApiActionPermissionItem',-1,'batch','getexclusivealmostdoneconvertcollectionjobs','','','',null,now(),now(),null),
(372,'kApiActionPermissionItem',-1,'batch','getexclusivealmostdoneprovisionprovidejobs','','','',null,now(),now(),null),
(373,'kApiActionPermissionItem',-1,'batch','getexclusivealmostdoneprovisiondeletejobs','','','',null,now(),now(),null),
(374,'kApiActionPermissionItem',-1,'batch','getexclusivealmostdoneremoteconvertjobs','','','',null,now(),now(),null),
(375,'kApiActionPermissionItem',-1,'batch','getexclusivealmostdonebulkdownloadjobs','','','',null,now(),now(),null),
(376,'kApiActionPermissionItem',-1,'batchcontrol','configloaded','','','',null,now(),now(),null),
(377,'kApiActionPermissionItem',-1,'batchcontrol','reportstatus','','','',null,now(),now(),null),
(378,'kApiActionPermissionItem',-1,'batchcontrol','getcommand','','','',null,now(),now(),null),
(379,'kApiActionPermissionItem',-1,'batchcontrol','setcommandresult','','','',null,now(),now(),null),
(380,'kApiActionPermissionItem',-1,'batchcontrol','getfullstatus','','','',null,now(),now(),null),
(381,'kApiActionPermissionItem',-1,'emailingestionprofile','getbyemailaddress','','','',null,now(),now(),null),
(382,'kApiActionPermissionItem',-1,'emailingestionprofile','addmediaentry','','','',null,now(),now(),null),
(383,'kApiActionPermissionItem',-1,'filesync_filesync','sync','','','',null,now(),now(),null),
(384,'kApiActionPermissionItem',-1,'metadata_metadatabatch','getexclusiveimportmetadatajobs','','','',null,now(),now(),null),
(385,'kApiActionPermissionItem',-1,'metadata_metadatabatch','updateexclusiveimportmetadatajob','','','',null,now(),now(),null),
(386,'kApiActionPermissionItem',-1,'metadata_metadatabatch','freeexclusiveimportmetadatajob','','','',null,now(),now(),null),
(387,'kApiActionPermissionItem',-1,'metadata_metadatabatch','getexclusivetransformmetadatajobs','','','',null,now(),now(),null),
(388,'kApiActionPermissionItem',-1,'metadata_metadatabatch','updateexclusivetransformmetadatajob','','','',null,now(),now(),null),
(389,'kApiActionPermissionItem',-1,'metadata_metadatabatch','freeexclusivetransformmetadatajob','','','',null,now(),now(),null),
(390,'kApiActionPermissionItem',-1,'metadata_metadatabatch','gettransformmetadataobjects','','','',null,now(),now(),null),
(391,'kApiActionPermissionItem',-1,'metadata_metadatabatch','upgrademetadataobjects','','','',null,now(),now(),null),
(392,'kApiActionPermissionItem',-1,'metadata_metadata','invalidate','','','',null,now(),now(),null),
(393,'kApiActionPermissionItem',-2,'jobs','addmailjob','','','',null,now(),now(),null),
(394,'kApiActionPermissionItem',-2,'jobs','listbatchjobs','','','',null,now(),now(),null),
(395,'kApiActionPermissionItem',-2,'jobs','abortjob','','','',null,now(),now(),null),
(396,'kApiActionPermissionItem',-2,'jobs','retryjob','','','',null,now(),now(),null),
(397,'kApiActionPermissionItem',-2,'jobs','deletejob','','','',null,now(),now(),null),
(398,'kApiActionPermissionItem',-2,'jobs','addconvertprofilejob','','','',null,now(),now(),null),
(399,'kApiActionPermissionItem',-2,'batchcontrol','setscheduleconfig','','','',null,now(),now(),null),
(400,'kApiActionPermissionItem',-2,'batchcontrol','setworkerconfig','','','',null,now(),now(),null),
(401,'kApiActionPermissionItem',-2,'batchcontrol','stopschedule','','','',null,now(),now(),null),
(402,'kApiActionPermissionItem',-2,'batchcontrol','stopworker','','','',null,now(),now(),null),
(403,'kApiActionPermissionItem',-2,'batchcontrol','startworker','','','',null,now(),now(),null),
(404,'kApiActionPermissionItem',-2,'batchcontrol','kill','','','',null,now(),now(),null),
(405,'kApiActionPermissionItem',-2,'batchcontrol','getcommand','','','',null,now(),now(),null),
(406,'kApiActionPermissionItem',-2,'batchcontrol','setcommandresult','','','',null,now(),now(),null),
(407,'kApiActionPermissionItem',-2,'batchcontrol','getfullstatus','','','',null,now(),now(),null),
(408,'kApiActionPermissionItem',-2,'batchcontrol','listschedulers','','','',null,now(),now(),null),
(409,'kApiActionPermissionItem',-2,'batchcontrol','listworkers','','','',null,now(),now(),null),
(410,'kApiActionPermissionItem',-2,'batchcontrol','listcommands','','','',null,now(),now(),null),
(411,'kApiActionPermissionItem',-2,'adminconsole_entryadmin','get','','','',null,now(),now(),null),
(412,'kApiActionPermissionItem',-2,'adminconsole_entryadmin','gettracks','','','',null,now(),now(),null),
(413,'kApiActionPermissionItem',-2,'emailingestionprofile','add','','','',null,now(),now(),null),
(414,'kApiActionPermissionItem',-2,'emailingestionprofile','get','','','',null,now(),now(),null),
(415,'kApiActionPermissionItem',-2,'emailingestionprofile','update','','','',null,now(),now(),null),
(416,'kApiActionPermissionItem',-2,'emailingestionprofile','delete','','','',null,now(),now(),null),
(417,'kApiActionPermissionItem',-2,'emailingestionprofile','getbyemailaddress','','','',null,now(),now(),null),
(418,'kApiActionPermissionItem',-2,'emailingestionprofile','addmediaentry','','','',null,now(),now(),null),
(419,'kApiActionPermissionItem',-2,'storageprofile_storageprofile','listbypartner','','','',null,now(),now(),null),
(420,'kApiActionPermissionItem',-2,'storageprofile_storageprofile','updatestatus','','','',null,now(),now(),null),
(421,'kApiActionPermissionItem',-2,'storageprofile_storageprofile','get','','','',null,now(),now(),null),
(422,'kApiActionPermissionItem',-2,'storageprofile_storageprofile','update','','','',null,now(),now(),null),
(423,'kApiActionPermissionItem',-2,'storageprofile_storageprofile','add','','','',null,now(),now(),null),
(424,'kApiActionPermissionItem',-2,'permissionitem','add','','','',null,now(),now(),null),
(425,'kApiActionPermissionItem',-2,'permissionitem','delete','','','',null,now(),now(),null),
(426,'kApiActionPermissionItem',-2,'permissionitem','update','','','',null,now(),now(),null),
(427,'kApiActionPermissionItem',-2,'systempartner_systempartner','get','','','',null,now(),now(),null),
(428,'kApiActionPermissionItem',-2,'systempartner_systempartner','list','','','',null,now(),now(),null),
(429,'kApiActionPermissionItem',-2,'systempartner_systempartner','getusage','','','',null,now(),now(),null),
(430,'kApiActionPermissionItem',-2,'systempartner_systempartner','updatestatus','','','',null,now(),now(),null),
(431,'kApiActionPermissionItem',-2,'systempartner_systempartner','getadminsession','','','',null,now(),now(),null),
(432,'kApiActionPermissionItem',-2,'systempartner_systempartner','getconfiguration','','','',null,now(),now(),null),
(433,'kApiActionPermissionItem',-2,'systempartner_systempartner','updateconfiguration','','','',null,now(),now(),null),
(434,'kApiActionPermissionItem',-2,'systempartner_systempartner','getpackages','','','',null,now(),now(),null),
(435,'kApiActionPermissionItem',-2,'adminconsole_flavorparamsoutput','list','','','',null,now(),now(),null),
(436,'kApiActionPermissionItem',-2,'adminconsole_thumbparamsoutput','list','','','',null,now(),now(),null),
(437,'kApiActionPermissionItem',-2,'adminconsole_mediainfo','list','','','',null,now(),now(),null),
(438,'kApiActionPermissionItem',-2,'filesync_filesync','list','','','',null,now(),now(),null),
(439,'kApiParameterPermissionItem',0,'KalturaBaseEntry','startDate','insert','','',null,now(),now(),null),
(440,'kApiParameterPermissionItem',0,'KalturaBaseEntry','startDate','update','','',null,now(),now(),null),
(441,'kApiParameterPermissionItem',0,'KalturaBaseEntry','endDate','insert','','',null,now(),now(),null),
(442,'kApiParameterPermissionItem',0,'KalturaBaseEntry','endDate','update','','',null,now(),now(),null),
(443,'kApiParameterPermissionItem',0,'KalturaBaseEntry','accessControlId','insert','','',null,now(),now(),null),
(444,'kApiParameterPermissionItem',0,'KalturaBaseEntry','accessControlId','update','','',null,now(),now(),null),
(445,'kApiParameterPermissionItem',0,'KalturaBaseEntry','categories','insert','','',null,now(),now(),null),
(446,'kApiParameterPermissionItem',0,'KalturaBaseEntry','categories','update','','',null,now(),now(),null),
(447,'kApiParameterPermissionItem',0,'KalturaBaseEntry','categoriesIds','insert','','',null,now(),now(),null),
(448,'kApiParameterPermissionItem',0,'KalturaBaseEntry','categoriesIds','update','','',null,now(),now(),null),
(449,'kApiParameterPermissionItem',0,'KalturaBaseEntry','name','update','','',null,now(),now(),null),
(450,'kApiParameterPermissionItem',0,'KalturaBaseEntry','tags','update','','',null,now(),now(),null),
(451,'kApiParameterPermissionItem',0,'KalturaBaseEntry','description','update','','',null,now(),now(),null),
(452,'kApiParameterPermissionItem',0,'KalturaLiveStreamAdminEntry','*','read','','',null,now(),now(),null),
(453,'kApiParameterPermissionItem',0,'KalturaLiveStreamAdminEntry','*','insert','','',null,now(),now(),null),
(454,'kApiParameterPermissionItem',0,'KalturaLiveStreamAdminEntry','*','update','','',null,now(),now(),null),
(455,'kApiParameterPermissionItem',0,'KalturaPartner','secret','read','','',null,now(),now(),null),
(456,'kApiParameterPermissionItem',0,'KalturaPartner','adminSecret','read','','',null,now(),now(),null),
(457,'kApiActionPermissionItem',0,'thumbasset','list','','','',null,now(),now(),null),
(458,'kApiActionPermissionItem',0,'flavorasset','list','','','',null,now(),now(),null),
(459,'kApiActionPermissionItem',0,'contentdistribution_contentdistributionbatch','updatesunstatus','','','',null,now(),now(),null),
(460,'kApiActionPermissionItem',0,'permissionitem','get','','','',null,now(),now(),null),
(461,'kApiActionPermissionItem',0,'permissionitem','list','','','',null,now(),now(),null),
(462,'kApiActionPermissionItem',0,'shortlink_shortlink','goto','','','',null,now(),now(),null),
(463,'kApiActionPermissionItem',0,'shortlink_shortlink','get','','','',null,now(),now(),null),
(464,'kApiActionPermissionItem',0,'shortlink_shortlink','list','','','',null,now(),now(),null),
(465,'kApiActionPermissionItem',0,'shortlink_shortlink','add','','','',null,now(),now(),null),
(466,'kApiActionPermissionItem',0,'shortlink_shortlink','update','','','',null,now(),now(),null),
(467,'kApiActionPermissionItem',0,'shortlink_shortlink','delete','','','',null,now(),now(),null),
(468,'kApiActionPermissionItem',-1,'multicenters_filesyncimportbatch','updateexclusivefilesyncimportjob','','','',null,now(),now(),null),
(469,'kApiActionPermissionItem',-1,'multicenters_filesyncimportbatch','freeexclusivefilesyncimportjob','','','',null,now(),now(),null),
(470,'kApiActionPermissionItem',-1,'multicenters_filesyncimportbatch','getexclusivefilesyncimportjobs','','','',null,now(),now(),null),
(471,'kApiActionPermissionItem',-1,'multicenters_filesyncimportbatch','getexclusivealmostdonefilesyncimportjobs','','','',null,now(),now(),null),
(472,'kApiActionPermissionItem',-1,'virusscan_virusscanbatch','updateexclusivevirusscanjob','','','',null,now(),now(),null),
(473,'kApiActionPermissionItem',-1,'virusscan_virusscanbatch','freeexclusivevirusscanjob','','','',null,now(),now(),null),
(474,'kApiActionPermissionItem',-1,'virusscan_virusscanbatch','getexclusivevirusscanjobs','','','',null,now(),now(),null),
(475,'kApiActionPermissionItem',-1,'contentdistribution_contentdistributionbatch','getexclusivedistributionsubmitjobs','','','',null,now(),now(),null),
(476,'kApiActionPermissionItem',-1,'contentdistribution_contentdistributionbatch','updateexclusivedistributionsubmitjob','','','',null,now(),now(),null),
(477,'kApiActionPermissionItem',-1,'contentdistribution_contentdistributionbatch','freeexclusivedistributionsubmitjob','','','',null,now(),now(),null),
(478,'kApiActionPermissionItem',-1,'contentdistribution_contentdistributionbatch','getexclusivealmostdonedistributionsubmitjobs','','','',null,now(),now(),null),
(479,'kApiActionPermissionItem',-1,'contentdistribution_contentdistributionbatch','getexclusivedistributionupdatejobs','','','',null,now(),now(),null),
(480,'kApiActionPermissionItem',-1,'contentdistribution_contentdistributionbatch','updateexclusivedistributionupdatejob','','','',null,now(),now(),null),
(481,'kApiActionPermissionItem',-1,'contentdistribution_contentdistributionbatch','freeexclusivedistributionupdatejob','','','',null,now(),now(),null),
(482,'kApiActionPermissionItem',-1,'contentdistribution_contentdistributionbatch','getexclusivealmostdonedistributionupdatejobs','','','',null,now(),now(),null),
(483,'kApiActionPermissionItem',-1,'contentdistribution_contentdistributionbatch','getexclusivedistributiondeletejobs','','','',null,now(),now(),null),
(484,'kApiActionPermissionItem',-1,'contentdistribution_contentdistributionbatch','updateexclusivedistributiondeletejob','','','',null,now(),now(),null),
(485,'kApiActionPermissionItem',-1,'contentdistribution_contentdistributionbatch','freeexclusivedistributiondeletejob','','','',null,now(),now(),null),
(486,'kApiActionPermissionItem',-1,'contentdistribution_contentdistributionbatch','getexclusivealmostdonedistributiondeletejobs','','','',null,now(),now(),null),
(487,'kApiActionPermissionItem',-1,'contentdistribution_contentdistributionbatch','getexclusivedistributionfetchreportjobs','','','',null,now(),now(),null),
(488,'kApiActionPermissionItem',-1,'contentdistribution_contentdistributionbatch','updateexclusivedistributionfetchreportjob','','','',null,now(),now(),null),
(489,'kApiActionPermissionItem',-1,'contentdistribution_contentdistributionbatch','freeexclusivedistributionfetchreportjob','','','',null,now(),now(),null),
(490,'kApiActionPermissionItem',-1,'contentdistribution_contentdistributionbatch','getexclusivealmostdonedistributionfetchreportjobs','','','',null,now(),now(),null),
(491,'kApiActionPermissionItem',-1,'contentdistribution_contentdistributionbatch','createrequiredjobs','','','',null,now(),now(),null),
(492,'kApiActionPermissionItem',-2,'virusscan_virusscanprofile','add','','','',null,now(),now(),null),
(493,'kApiActionPermissionItem',-2,'virusscan_virusscanprofile','delete','','','',null,now(),now(),null),
(494,'kApiActionPermissionItem',-2,'virusscan_virusscanprofile','get','','','',null,now(),now(),null),
(495,'kApiActionPermissionItem',-2,'virusscan_virusscanprofile','list','','','',null,now(),now(),null),
(496,'kApiActionPermissionItem',-2,'virusscan_virusscanprofile','update','','','',null,now(),now(),null),
(497,'kApiActionPermissionItem',-2,'virusscan_virusscanprofile','scan','','','',null,now(),now(),null),
(498,'kApiActionPermissionItem',-2,'contentdistribution_distributionprovider','list','','','',null,now(),now(),null),
(499,'kApiActionPermissionItem',-2,'contentdistribution_entrydistribution','list','','','',null,now(),now(),null),
(500,'kApiActionPermissionItem',-2,'contentdistribution_distributionprofile','get','','','',null,now(),now(),null),
(501,'kApiActionPermissionItem',-2,'contentdistribution_distributionprofile','list','','','',null,now(),now(),null),
(502,'kApiActionPermissionItem',-2,'contentdistribution_distributionprofile','listbypartner','','','',null,now(),now(),null),
(503,'kApiActionPermissionItem',-2,'contentdistribution_genericdistributionprovideraction','get','','','',null,now(),now(),null),
(504,'kApiActionPermissionItem',-2,'contentdistribution_genericdistributionprovideraction','list','','','',null,now(),now(),null),
(505,'kApiActionPermissionItem',-2,'contentdistribution_genericdistributionprovideraction','getbyproviderid','','','',null,now(),now(),null),
(506,'kApiActionPermissionItem',-2,'contentdistribution_genericdistributionprovider','get','','','',null,now(),now(),null),
(507,'kApiActionPermissionItem',-2,'contentdistribution_genericdistributionprovider','list','','','',null,now(),now(),null),
(508,'kApiActionPermissionItem',-2,'contentdistribution_distributionprofile','add','','','',null,now(),now(),null),
(509,'kApiActionPermissionItem',-2,'contentdistribution_distributionprofile','update','','','',null,now(),now(),null),
(510,'kApiActionPermissionItem',-2,'contentdistribution_distributionprofile','updatestatus','','','',null,now(),now(),null),
(511,'kApiActionPermissionItem',-2,'contentdistribution_distributionprofile','delete','','','',null,now(),now(),null),
(512,'kApiActionPermissionItem',-2,'contentdistribution_genericdistributionprovider','add','','','',null,now(),now(),null),
(513,'kApiActionPermissionItem',-2,'contentdistribution_genericdistributionprovider','update','','','',null,now(),now(),null),
(514,'kApiActionPermissionItem',-2,'contentdistribution_genericdistributionprovider','delete','','','',null,now(),now(),null),
(515,'kApiActionPermissionItem',-2,'contentdistribution_genericdistributionprovideraction','add','','','',null,now(),now(),null),
(516,'kApiActionPermissionItem',-2,'contentdistribution_genericdistributionprovideraction','addmrsstransform','','','',null,now(),now(),null),
(517,'kApiActionPermissionItem',-2,'contentdistribution_genericdistributionprovideraction','addmrsstransformfromfile','','','',null,now(),now(),null),
(518,'kApiActionPermissionItem',-2,'contentdistribution_genericdistributionprovideraction','addmrssvalidate','','','',null,now(),now(),null),
(519,'kApiActionPermissionItem',-2,'contentdistribution_genericdistributionprovideraction','addmrssvalidatefromfile','','','',null,now(),now(),null),
(520,'kApiActionPermissionItem',-2,'contentdistribution_genericdistributionprovideraction','addresultstransform','','','',null,now(),now(),null),
(521,'kApiActionPermissionItem',-2,'contentdistribution_genericdistributionprovideraction','addresultstransformfromfile','','','',null,now(),now(),null),
(522,'kApiActionPermissionItem',-2,'contentdistribution_genericdistributionprovideraction','update','','','',null,now(),now(),null),
(523,'kApiActionPermissionItem',-2,'contentdistribution_genericdistributionprovideraction','updatebyproviderid','','','',null,now(),now(),null),
(524,'kApiActionPermissionItem',-2,'contentdistribution_genericdistributionprovideraction','delete','','','',null,now(),now(),null),
(525,'kApiActionPermissionItem',-2,'contentdistribution_genericdistributionprovideraction','deletebyproviderid','','','',null,now(),now(),null),
(526,'kApiActionPermissionItem',-2,'kalturainternaltools_kalturainternaltoolssystemhelper','fromsecurestring','','','',null,now(),now(),null),
(527,'kApiActionPermissionItem',-2,'kalturainternaltools_kalturainternaltoolssystemhelper','iptocountry','','','',null,now(),now(),null),
(528,'kApiActionPermissionItem',-2,'kalturainternaltools_kalturainternaltoolssystemhelper','getremoteaddress','','','',null,now(),now(),null),
(529,'kApiActionPermissionItem',-2,'adminconsole_uiconfadmin','add','','','',null,now(),now(),null),
(530,'kApiActionPermissionItem',-2,'adminconsole_uiconfadmin','update','','','',null,now(),now(),null),
(531,'kApiActionPermissionItem',-2,'adminconsole_uiconfadmin','get','','','',null,now(),now(),null),
(532,'kApiActionPermissionItem',-2,'adminconsole_uiconfadmin','delete','','','',null,now(),now(),null),
(533,'kApiActionPermissionItem',0,'uiconf','getavailabletypes','','','',null,now(),now(),null),
(534,'kApiActionPermissionItem',0,'audit_audittrail','list','','','',null,now(),now(),null),
(535,'kApiActionPermissionItem',0,'audit_audittrail','add','','','',null,now(),now(),null),
(536,'kApiActionPermissionItem',0,'audit_audittrail','get','','','',null,now(),now(),null),
(537,'kApiActionPermissionItem',0,'contentdistribution_distributionprovider','list','','','',null,now(),now(),null),
(538,'kApiActionPermissionItem',0,'contentdistribution_distributionprofile','get','','','',null,now(),now(),null),
(539,'kApiActionPermissionItem',0,'contentdistribution_distributionprofile','list','','','',null,now(),now(),null),
(540,'kApiActionPermissionItem',0,'contentdistribution_distributionprofile','listbypartner','','','',null,now(),now(),null),
(541,'kApiActionPermissionItem',0,'contentdistribution_distributionprofile','add','','','',null,now(),now(),null),
(542,'kApiActionPermissionItem',0,'contentdistribution_distributionprofile','update','','','',null,now(),now(),null),
(543,'kApiActionPermissionItem',0,'contentdistribution_distributionprofile','updatestatus','','','',null,now(),now(),null),
(544,'kApiActionPermissionItem',0,'contentdistribution_distributionprofile','delete','','','',null,now(),now(),null),
(545,'kApiActionPermissionItem',0,'contentdistribution_entrydistribution','get','','','',null,now(),now(),null),
(546,'kApiActionPermissionItem',0,'contentdistribution_entrydistribution','list','','','',null,now(),now(),null),
(547,'kApiActionPermissionItem',0,'contentdistribution_entrydistribution','validate','','','',null,now(),now(),null),
(548,'kApiActionPermissionItem',0,'contentdistribution_entrydistribution','add','','','',null,now(),now(),null),
(549,'kApiActionPermissionItem',0,'contentdistribution_entrydistribution','update','','','',null,now(),now(),null),
(550,'kApiActionPermissionItem',0,'contentdistribution_entrydistribution','delete','','','',null,now(),now(),null),
(551,'kApiActionPermissionItem',0,'contentdistribution_entrydistribution','submitadd','','','',null,now(),now(),null),
(552,'kApiActionPermissionItem',0,'contentdistribution_entrydistribution','submitupdate','','','',null,now(),now(),null),
(553,'kApiActionPermissionItem',0,'contentdistribution_entrydistribution','submitdelete','','','',null,now(),now(),null),
(554,'kApiActionPermissionItem',0,'contentdistribution_entrydistribution','submitfetchreport','','','',null,now(),now(),null),
(555,'kApiActionPermissionItem',0,'contentdistribution_entrydistribution','retrysubmit','','','',null,now(),now(),null),
(556,'kApiActionPermissionItem',0,'contentdistribution_entrydistribution','servereturneddata','','','',null,now(),now(),null),
(557,'kApiActionPermissionItem',0,'contentdistribution_entrydistribution','servesentdata','','','',null,now(),now(),null),
(558,'kApiActionPermissionItem',0,'annotation_annotation','update','','','',null,now(),now(),null),
(559,'kApiActionPermissionItem',0,'annotation_annotation','delete','','','',null,now(),now(),null),
(560,'kApiActionPermissionItem',0,'annotation_annotation','list','','','',null,now(),now(),null),
(561,'kApiActionPermissionItem',0,'annotation_annotation','add','','','',null,now(),now(),null),
(562,'kApiActionPermissionItem',0,'annotation_annotation','get','','','',null,now(),now(),null),
(563,'kApiActionPermissionItem',-2,'adminconsole_uiconfadmin','list','','','',null,now(),now(),null),
(564,'kApiActionPermissionItem',0,'contentdistribution_contentdistributionbatch','getasseturl','','','',null,now(),now(),null),
(565,'kApiActionPermissionItem',0,'related_related','listrelatedmedieentries','','','',null,now(),now(),null),
(566,'kApiActionPermissionItem',0,'partneraggregation_partneraggregation','list','','','',null,now(),now(),null),
(567,'kApiActionPermissionItem',0,'metadata_metadataprofile','serve','','','',null,now(),now(),null),
(568,'kApiActionPermissionItem',0,'metadata_metadataprofile','serveview','','','',null,now(),now(),null),
(569,'kApiActionPermissionItem',0,'document_documents','add','','','',null,now(),now(),null),
(570,'kApiActionPermissionItem',0,'baseentry','add','','','',null,now(),now(),null),
(571,'kApiParameterPermissionItem',0,'KalturaBaseEntry','referenceId','insert','','',null,now(),now(),null),
(572,'kApiParameterPermissionItem',0,'KalturaBaseEntry','referenceId','update','','',null,now(),now(),null),
(573,'kApiActionPermissionItem',-2,'adminconsole_entryadmin','getbyflavorid','','','',null,now(),now(),null),
(574,'kApiActionPermissionItem',-2,'dropfolder_dropfolder','add','','','',null,now(),now(),null),
(575,'kApiActionPermissionItem',-2,'dropfolder_dropfolder','update','','','',null,now(),now(),null),
(576,'kApiActionPermissionItem',0,'dropfolder_dropfolder','list','','','',null,now(),now(),null),
(577,'kApiActionPermissionItem',0,'dropfolder_dropfolder','get','','','',null,now(),now(),null),
(578,'kApiActionPermissionItem',-2,'dropfolder_dropfolder','delete','','','',null,now(),now(),null),
(579,'kApiActionPermissionItem',-1,'dropfolder_dropfolderfile','add','','','',null,now(),now(),null),
(580,'kApiActionPermissionItem',0,'dropfolder_dropfolderfile','ignore','','','',null,now(),now(),null),
(581,'kApiActionPermissionItem',0,'dropfolder_dropfolderfile','update','','','',null,now(),now(),null),
(582,'kApiActionPermissionItem',0,'dropfolder_dropfolderfile','get','','','',null,now(),now(),null),
(583,'kApiActionPermissionItem',0,'dropfolder_dropfolderfile','list','','','',null,now(),now(),null),
(584,'kApiActionPermissionItem',0,'dropfolder_dropfolderfile','delete','','','',null,now(),now(),null),
(585,'kApiActionPermissionItem',0,'conversionprofileassetparams','list','','','',null,now(),now(),null),
(586,'kApiActionPermissionItem',0,'conversionprofile','getdefault','','','',null,now(),now(),null),
(587,'kApiActionPermissionItem',0,'conversionprofile','setasdefault','','','',null,now(),now(),null),
(588,'kApiActionPermissionItem',0,'conversionprofileassetparams','update','','','',null,now(),now(),null),
(589,'kApiActionPermissionItem',-2,'systempartner_systempartner','resetuserpassword','','','',null,now(),now(),null),
(590,'kApiActionPermissionItem',0,'storageprofile','list','','','',null,now(),now(),null),
(591,'kApiActionPermissionItem',0,'storageprofile','updatestatus','','','',null,now(),now(),null),
(592,'kApiActionPermissionItem',0,'storageprofile','get','','','',null,now(),now(),null),
(593,'kApiActionPermissionItem',0,'storageprofile','update','','','',null,now(),now(),null),
(594,'kApiActionPermissionItem',0,'storageprofile','add','','','',null,now(),now(),null),
(595,'kApiActionPermissionItem',0,'thumbasset','add','','','',null,now(),now(),null),
(596,'kApiActionPermissionItem',0,'thumbasset','update','','','',null,now(),now(),null),
(597,'kApiActionPermissionItem',0,'flavorasset','update','','','',null,now(),now(),null),
(598,'kApiActionPermissionItem',0,'baseentry','addcontent','','','',null,now(),now(),null),
(599,'kApiActionPermissionItem',0,'baseentry','updatecontent','','','',null,now(),now(),null),
(600,'kApiActionPermissionItem',0,'media','add','','','',null,now(),now(),null),
(601,'kApiActionPermissionItem',0,'media','addcontent','','','',null,now(),now(),null),
(602,'kApiActionPermissionItem',0,'media','updatecontent','','','',null,now(),now(),null),
(603,'kApiActionPermissionItem',0,'media','approvereplace','','','',null,now(),now(),null),
(604,'kApiActionPermissionItem',0,'media','cancelreplace','','','',null,now(),now(),null),
(605,'kApiActionPermissionItem',0,'flavorasset','add','','','',null,now(),now(),null),
(606,'kApiActionPermissionItem',0,'flavorasset','setcontent','','','',null,now(),now(),null),
(607,'kApiActionPermissionItem',0,'thumbasset','setcontent','','','',null,now(),now(),null),
(608,'kApiActionPermissionItem',0,'tvcomdistribution_tvcom','getfeed','','','',null,now(),now(),null),
(609,'kApiActionPermissionItem',0,'comcastmrssdistribution_comcastmrss','getfeed','','','',null,now(),now(),null),
(610,'kApiActionPermissionItem',0,'cuepoint_cuepoint','add','','','',null,now(),now(),null),
(611,'kApiActionPermissionItem',0,'cuepoint_cuepoint','addfrombulk','','','',null,now(),now(),null),
(612,'kApiActionPermissionItem',0,'cuepoint_cuepoint','update','','','',null,now(),now(),null),
(613,'kApiActionPermissionItem',0,'cuepoint_cuepoint','get','','','',null,now(),now(),null),
(614,'kApiActionPermissionItem',0,'cuepoint_cuepoint','list','','','',null,now(),now(),null),
(615,'kApiActionPermissionItem',0,'cuepoint_cuepoint','servebulk','','','',null,now(),now(),null),
(616,'kApiActionPermissionItem',0,'cuepoint_cuepoint','delete','','','',null,now(),now(),null),
(617,'kApiActionPermissionItem',0,'cuepoint_cuepoint','count','','','',null,now(),now(),null),
(618,'kApiParameterPermissionItem',0,'KalturaAdCuePoint','protocolType','insert','','',null,now(),now(),null),
(619,'kApiParameterPermissionItem',0,'KalturaAdCuePoint','sourceUrl','insert','','',null,now(),now(),null),
(620,'kApiParameterPermissionItem',0,'KalturaAdCuePoint','sourceUrl','update','','',null,now(),now(),null),
(621,'kApiParameterPermissionItem',0,'KalturaAdCuePoint','adType','insert','','',null,now(),now(),null),
(622,'kApiParameterPermissionItem',0,'KalturaAdCuePoint','adType','update','','',null,now(),now(),null),
(623,'kApiParameterPermissionItem',0,'KalturaAdCuePoint','title','insert','','',null,now(),now(),null),
(624,'kApiParameterPermissionItem',0,'KalturaAdCuePoint','title','update','','',null,now(),now(),null),
(625,'kApiParameterPermissionItem',0,'KalturaAdCuePoint','endTime','insert','','',null,now(),now(),null),
(626,'kApiParameterPermissionItem',0,'KalturaAdCuePoint','endTime','update','','',null,now(),now(),null),
(627,'kApiActionPermissionItem',-1,'batch','countbulkuploadentries','','','',null,now(),now(),null),
(628,'kApiActionPermissionItem',0,'bulkupload','serve','','','',null,now(),now(),null),
(629,'kApiActionPermissionItem',0,'bulkupload','servelog','','','',null,now(),now(),null),
(630,'kApiActionPermissionItem',0,'bulkupload','abort','','','',null,now(),now(),null),
(631,'kApiParameterPermissionItem',0,'KalturaClipAttributes','offset','all','','',null,now(),now(),null),
(632,'kApiParameterPermissionItem',0,'KalturaClipAttributes','duration','all','','',null,now(),now(),null),
(633,'kApiParameterPermissionItem',0,'KalturaServerFileResource','localFilePath','all','','',null,now(),now(),null),
(634,'kApiActionPermissionItem',0,'attachment_attachmentasset','add','','','',null,now(),now(),null),
(635,'kApiActionPermissionItem',0,'attachment_attachmentasset','setcontent','','','',null,now(),now(),null),
(636,'kApiActionPermissionItem',0,'attachment_attachmentasset','update','','','',null,now(),now(),null),
(637,'kApiActionPermissionItem',0,'attachment_attachmentasset','servebyentryid','','','',null,now(),now(),null),
(638,'kApiActionPermissionItem',0,'attachment_attachmentasset','getdownloadurl','','','',null,now(),now(),null),
(639,'kApiActionPermissionItem',0,'attachment_attachmentasset','serve','','','',null,now(),now(),null),
(640,'kApiActionPermissionItem',0,'attachment_attachmentasset','list','','','',null,now(),now(),null),
(641,'kApiActionPermissionItem',0,'attachment_attachmentasset','get','','','',null,now(),now(),null),
(642,'kApiActionPermissionItem',0,'attachment_attachmentasset','delete','','','',null,now(),now(),null),
(643,'kApiActionPermissionItem',0,'caption_captionasset','add','','','',null,now(),now(),null),
(644,'kApiActionPermissionItem',0,'caption_captionasset','setcontent','','','',null,now(),now(),null),
(645,'kApiActionPermissionItem',0,'caption_captionasset','update','','','',null,now(),now(),null),
(646,'kApiActionPermissionItem',0,'caption_captionasset','servebyentryid','','','',null,now(),now(),null),
(647,'kApiActionPermissionItem',0,'caption_captionasset','getdownloadurl','','','',null,now(),now(),null),
(648,'kApiActionPermissionItem',0,'caption_captionasset','serve','','','',null,now(),now(),null),
(649,'kApiActionPermissionItem',0,'caption_captionasset','setasdefault','','','',null,now(),now(),null),
(650,'kApiActionPermissionItem',0,'caption_captionasset','list','','','',null,now(),now(),null),
(651,'kApiActionPermissionItem',0,'caption_captionasset','get','','','',null,now(),now(),null),
(652,'kApiActionPermissionItem',0,'caption_captionasset','delete','','','',null,now(),now(),null),
(653,'kApiActionPermissionItem',0,'batch','freeexclusivejob','','','',null,now(),now(),null),
(654,'kApiActionPermissionItem',0,'batch','getexclusivealmostdone','','','',null,now(),now(),null),
(655,'kApiActionPermissionItem',0,'batch','getexclusivejobs','','','',null,now(),now(),null),
(656,'kApiActionPermissionItem',0,'batch','updateexclusivejob','','','',null,now(),now(),null),
(657,'kApiActionPermissionItem',0,'visodistribution_viso','getfeed','','','',null,now(),now(),null),
(658,'kApiActionPermissionItem',0,'avndistribution_avn','getfeed','','','',null,now(),now(),null),
(659,'kApiActionPermissionItem',0,'captionsearch_captionassetitem','parse','','','',null,now(),now(),null),
(660,'kApiActionPermissionItem',0,'captionsearch_captionassetitem','search','','','',null,now(),now(),null),
(661,'kApiActionPermissionItem',-2,'systempartner_systempartner','listuserlogindata','','','',NULL,now(),now(),NULL), 
(662,'kApiActionPermissionItem',0,'flavorasset','geturl','','','',NULL,now(),now(),NULL), 
(663,'kApiActionPermissionItem',0,'thumbasset','geturl','','','',NULL,now(),now(),NULL), 
(664,'kApiActionPermissionItem',0,'attachment_attachmentasset','geturl','','','',NULL,now(),now(),NULL), 
(665,'kApiActionPermissionItem',0,'caption_captionasset','geturl','','','',NULL,now(),now(),NULL),
(666,'kApiParameterPermissionItem',0,'KalturaAdCuePoint','protocolType','update','','',null,now(),now(),null),
(667,'kApiActionPermissionItem',0,'flavorasset','getRemotePaths','','','',NULL,now(),now(),NULL), 
(668,'kApiActionPermissionItem',0,'thumbasset','getRemotePaths','','','',NULL,now(),now(),NULL),
(669,'kApiActionPermissionItem',0,'attachment_attachmentasset','getRemotePaths','','','',null,now(),now(),null),
(670,'kApiActionPermissionItem',0,'caption_captionasset','getRemotePaths','','','',NULL,now(),now(),NULL),
(671,'kApiActionPermissionItem',0,'media','add','','','',null,now(),now(),null),
(672,'kApiActionPermissionItem',0,'baseentry','getRemotePaths','','','',null,now(),now(),null),
(673,'kApiActionPermissionItem',-2,'systempartner_systempartner','getpackagesclassofservice','','','',null,now(),now(),null),
(674,'kApiActionPermissionItem',-2,'systempartner_systempartner','getpackagesvertical','','','',null,now(),now(),null),
(675,'kApiActionPermissionItem',0,'doubleclickdistribution_doubleclick','getfeed','','','',null,now(),now(),null),
(676,'kApiActionPermissionItem',0,'mediainfo','list','','','',null,now(),now(),null),
(677,'kApiParameterPermissionItem',-2,'KalturaMediaInfo','containerId','read','','',null,now(),now(),null),
(678,'kApiParameterPermissionItem',-1,'KalturaMediaInfo','containerId','read','','',null,now(),now(),null),
(679,'kApiParameterPermissionItem',-2,'KalturaMediaInfo','containerProfile','read','','',null,now(),now(),null),
(680,'kApiParameterPermissionItem',-1,'KalturaMediaInfo','containerProfile','read','','',null,now(),now(),null),
(681,'kApiParameterPermissionItem',-2,'KalturaMediaInfo','videoFormat','read','','',null,now(),now(),null),
(682,'kApiParameterPermissionItem',-1,'KalturaMediaInfo','videoFormat','read','','',null,now(),now(),null),
(683,'kApiParameterPermissionItem',-2,'KalturaMediaInfo','videoBitRateMode','read','','',null,now(),now(),null),
(684,'kApiParameterPermissionItem',-1,'KalturaMediaInfo','videoBitRateMode','read','','',null,now(),now(),null),
(685,'kApiParameterPermissionItem',-2,'KalturaMediaInfo','videoDar','read','','',null,now(),now(),null),
(686,'kApiParameterPermissionItem',-1,'KalturaMediaInfo','videoDar','read','','',null,now(),now(),null),
(687,'kApiParameterPermissionItem',-2,'KalturaMediaInfo','videoRotation','read','','',null,now(),now(),null),
(688,'kApiParameterPermissionItem',-1,'KalturaMediaInfo','videoRotation','read','','',null,now(),now(),null),
(689,'kApiParameterPermissionItem',-2,'KalturaMediaInfo','audioFormat','read','','',null,now(),now(),null),
(690,'kApiParameterPermissionItem',-1,'KalturaMediaInfo','audioFormat','read','','',null,now(),now(),null),
(691,'kApiParameterPermissionItem',-2,'KalturaMediaInfo','audioBitRate','read','','',null,now(),now(),null),
(692,'kApiParameterPermissionItem',-1,'KalturaMediaInfo','audioBitRate','read','','',null,now(),now(),null),
(693,'kApiParameterPermissionItem',-2,'KalturaMediaInfo','audioBitRateMode','read','','',null,now(),now(),null),
(694,'kApiParameterPermissionItem',-1,'KalturaMediaInfo','audioBitRateMode','read','','',null,now(),now(),null),
(695,'kApiParameterPermissionItem',-2,'KalturaMediaInfo','audioResolution','read','','',null,now(),now(),null),
(696,'kApiParameterPermissionItem',-1,'KalturaMediaInfo','audioResolution','read','','',null,now(),now(),null),
(697,'kApiParameterPermissionItem',-2,'KalturaMediaInfo','writingLib','read','','',null,now(),now(),null),
(698,'kApiParameterPermissionItem',-1,'KalturaMediaInfo','writingLib','read','','',null,now(),now(),null),
(699,'kApiParameterPermissionItem',-2,'KalturaMediaInfo','rawData','read','','',null,now(),now(),null),
(700,'kApiParameterPermissionItem',-1,'KalturaMediaInfo','rawData','read','','',null,now(),now(),null),
(701,'kApiParameterPermissionItem',-2,'KalturaMediaInfo','multiStreamInfo','read','','',null,now(),now(),null),
(702,'kApiParameterPermissionItem',-1,'KalturaMediaInfo','multiStreamInfo','read','','',null,now(),now(),null),
(703,'kApiParameterPermissionItem',-2,'KalturaMediaInfo','scanType','read','','',null,now(),now(),null),
(704,'kApiParameterPermissionItem',-1,'KalturaMediaInfo','scanType','read','','',null,now(),now(),null),
(705,'kApiParameterPermissionItem',-2,'KalturaMediaInfo','multiStream','read','','',null,now(),now(),null),
(706,'kApiParameterPermissionItem',-1,'KalturaMediaInfo','multiStream','read','','',null,now(),now(),null),
(707,'kApiActionPermissionItem',0,'synacorhbodistribution_synacorhbo','getfeed','','','',null,now(),now(),null),
(708,'kApiActionPermissionItem',0,'dropfolder_dropfolderfile','updateStatus','','','',null,now(),now(),null),
(709,'kApiActionPermissionItem',0,'attachment_attachmentParams','add','','','',null,now(),now(),null),
(710,'kApiActionPermissionItem',0,'attachment_attachmentParams','get','','','',null,now(),now(),null),
(711,'kApiActionPermissionItem',0,'attachment_attachmentParams','update','','','',null,now(),now(),null),
(712,'kApiActionPermissionItem',0,'attachment_attachmentParams','delete','','','',null,now(),now(),null),
(713,'kApiActionPermissionItem',0,'attachment_attachmentParams','list','','','',null,now(),now(),null),
(714,'kApiActionPermissionItem',0,'caption_captionParams','add','','','',null,now(),now(),null),
(715,'kApiActionPermissionItem',0,'caption_captionParams','get','','','',null,now(),now(),null),
(716,'kApiActionPermissionItem',0,'caption_captionParams','update','','','',null,now(),now(),null),
(717,'kApiActionPermissionItem',0,'caption_captionParams','delete','','','',null,now(),now(),null),
(718,'kApiActionPermissionItem',0,'caption_captionParams','list','','','',null,now(),now(),null);

insert into `permission_to_permission_item`(`id`,`permission_id`,`permission_item_id`,`created_at`,`updated_at`) values
(45655,66,567,now(),now()),
(81786,11,651,now(),now()),
(10013,33,173,now(),now()),
(11254,88,230,now(),now()),
(7967,26,9,now(),now()),
(43867,111,524,now(),now()),
(82522,5,458,now(),now()),
(10,67,2,now(),now()),
(19,89,2,now(),now()),
(11,67,3,now(),now()),
(12,69,4,now(),now()),
(22,91,4,now(),now()),
(45654,66,5,now(),now()),
(82521,5,648,now(),now()),
(41,68,8,now(),now()),
(20,89,6,now(),now()),
(21,90,6,now(),now()),
(23,91,6,now(),now()),
(40,68,6,now(),now()),
(39,68,7,now(),now()),
(45653,66,1,now(),now()),
(7966,26,1,now(),now()),
(43866,111,522,now(),now()),
(82520,5,646,now(),now()),
(42,68,10,now(),now()),
(140,17,17,now(),now()),
(81785,11,648,now(),now()),
(11253,88,214,now(),now()),
(82519,5,640,now(),now()),
(139,17,14,now(),now()),
(146,35,17,now(),now()),
(82518,5,638,now(),now()),
(138,17,12,now(),now()),
(145,35,14,now(),now()),
(82517,5,617,now(),now()),
(137,17,11,now(),now()),
(144,35,12,now(),now()),
(82516,5,615,now(),now()),
(136,17,13,now(),now()),
(143,35,13,now(),now()),
(82515,5,613,now(),now()),
(81784,11,646,now(),now()),
(82514,5,611,now(),now()),
(135,17,15,now(),now()),
(142,35,15,now(),now()),
(82513,5,607,now(),now()),
(141,17,18,now(),now()),
(147,35,18,now(),now()),
(82512,5,595,now(),now()),
(73942,7,640,now(),now()),
(82511,5,597,now(),now()),
(12416,19,209,now(),now()),
(82510,5,598,now(),now()),
(73941,7,638,now(),now()),
(82509,5,602,now(),now()),
(73940,7,607,now(),now()),
(82508,5,600,now(),now()),
(81783,11,640,now(),now()),
(82507,5,562,now(),now()),
(38504,12,450,now(),now()),
(38661,34,450,now(),now()),
(38032,13,447,now(),now()),
(38820,14,242,now(),now()),
(37558,15,441,now(),now()),
(37571,16,443,now(),now()),
(82506,5,561,now(),now()),
(11942,18,188,now(),now()),
(82505,5,559,now(),now()),
(81782,11,638,now(),now()),
(82504,5,462,now(),now()),
(73939,7,595,now(),now()),
(82503,5,463,now(),now()),
(12415,19,186,now(),now()),
(82502,5,451,now(),now()),
(81781,11,617,now(),now()),
(81974,6,657,now(),now()),
(82501,5,449,now(),now()),
(81780,11,614,now(),now()),
(81973,6,608,now(),now()),
(82500,5,447,now(),now()),
(81972,6,462,now(),now()),
(82499,5,445,now(),now()),
(81971,6,247,now(),now()),
(82498,5,247,now(),now()),
(81970,6,194,now(),now()),
(82497,5,245,now(),now()),
(81969,6,160,now(),now()),
(82496,5,243,now(),now()),
(573,47,35,now(),now()),
(535,48,36,now(),now()),
(610,46,40,now(),now()),
(81968,6,158,now(),now()),
(82495,5,241,now(),now()),
(572,49,38,now(),now()),
(574,47,39,now(),now()),
(609,46,37,now(),now()),
(11252,88,189,now(),now()),
(82494,5,239,now(),now()),
(611,46,41,now(),now()),
(11251,88,184,now(),now()),
(616,71,42,now(),now()),
(39330,70,460,now(),now()),
(11250,88,153,now(),now()),
(855,72,54,now(),now()),
(624,73,45,now(),now()),
(39329,70,237,now(),now()),
(11212,54,65,now(),now()),
(24249,92,50,now(),now()),
(39328,70,230,now(),now()),
(81967,6,144,now(),now()),
(82493,5,225,now(),now()),
(81966,6,80,now(),now()),
(82492,5,223,now(),now()),
(39327,70,50,now(),now()),
(24248,92,46,now(),now()),
(854,72,44,now(),now()),
(81965,6,72,now(),now()),
(82491,5,221,now(),now()),
(81964,6,70,now(),now()),
(82490,5,219,now(),now()),
(81963,6,68,now(),now()),
(82489,5,200,now(),now()),
(853,72,51,now(),now()),
(856,72,55,now(),now()),
(991,80,59,now(),now()),
(82488,5,197,now(),now()),
(990,80,57,now(),now()),
(82487,5,193,now(),now()),
(989,80,56,now(),now()),
(81962,6,66,now(),now()),
(82486,5,191,now(),now()),
(988,80,58,now(),now()),
(992,80,60,now(),now()),
(81961,6,61,now(),now()),
(82485,5,184,now(),now()),
(1045,55,62,now(),now()),
(1046,57,62,now(),now()),
(81960,6,53,now(),now()),
(82484,5,160,now(),now()),
(11211,54,46,now(),now()),
(39326,70,46,now(),now()),
(38786,56,455,now(),now()),
(11249,88,135,now(),now()),
(11210,54,64,now(),now()),
(11248,88,123,now(),now()),
(81959,6,51,now(),now()),
(82483,5,158,now(),now()),
(81958,6,48,now(),now()),
(82482,5,148,now(),now()),
(81957,6,34,now(),now()),
(82481,5,143,now(),now()),
(81956,6,32,now(),now()),
(82480,5,141,now(),now()),
(1567,83,72,now(),now()),
(81955,6,30,now(),now()),
(82479,5,139,now(),now()),
(1566,83,70,now(),now()),
(81954,6,29,now(),now()),
(82478,5,137,now(),now()),
(1565,83,71,now(),now()),
(81953,6,31,now(),now()),
(82477,5,135,now(),now()),
(1568,83,73,now(),now()),
(81952,6,33,now(),now()),
(82476,5,133,now(),now()),
(5499,38,130,now(),now()),
(5504,39,130,now(),now()),
(5493,37,130,now(),now()),
(82475,5,131,now(),now()),
(1690,40,77,now(),now()),
(5498,38,95,now(),now()),
(5492,37,95,now(),now()),
(10012,33,147,now(),now()),
(1697,51,79,now(),now()),
(11247,88,65,now(),now()),
(82474,5,129,now(),now()),
(5491,37,82,now(),now()),
(81951,6,37,now(),now()),
(82473,5,127,now(),now()),
(5490,37,80,now(),now()),
(5489,37,76,now(),now()),
(5488,37,79,now(),now()),
(73938,7,597,now(),now()),
(82472,5,125,now(),now()),
(73937,7,598,now(),now()),
(82471,5,123,now(),now()),
(73936,7,92,now(),now()),
(82470,5,121,now(),now()),
(73935,7,588,now(),now()),
(82469,5,119,now(),now()),
(81779,11,588,now(),now()),
(82468,5,117,now(),now()),
(12414,19,101,now(),now()),
(82467,5,115,now(),now()),
(73934,7,587,now(),now()),
(82466,5,113,now(),now()),
(73933,7,570,now(),now()),
(82465,5,111,now(),now()),
(38503,12,242,now(),now()),
(38660,34,242,now(),now()),
(38031,13,445,now(),now()),
(38819,14,201,now(),now()),
(37557,15,439,now(),now()),
(37570,16,137,now(),now()),
(82464,5,106,now(),now()),
(73932,7,245,now(),now()),
(82463,5,101,now(),now()),
(11941,18,129,now(),now()),
(82462,5,99,now(),now()),
(81778,11,587,now(),now()),
(10011,33,134,now(),now()),
(5487,37,81,now(),now()),
(5497,38,74,now(),now()),
(5503,39,95,now(),now()),
(82461,5,97,now(),now()),
(81777,11,454,now(),now()),
(82460,5,95,now(),now()),
(38818,14,199,now(),now()),
(82459,5,93,now(),now()),
(38817,14,197,now(),now()),
(82458,5,91,now(),now()),
(38816,14,195,now(),now()),
(82457,5,89,now(),now()),
(38815,14,193,now(),now()),
(82456,5,87,now(),now()),
(12413,19,28,now(),now()),
(82455,5,85,now(),now()),
(10010,33,130,now(),now()),
(81950,6,49,now(),now()),
(82454,5,80,now(),now()),
(6969,36,145,now(),now()),
(6968,36,103,now(),now()),
(10009,33,111,now(),now()),
(38659,34,137,now(),now()),
(82453,5,76,now(),now()),
(59204,31,107,now(),now()),
(81776,11,452,now(),now()),
(82452,5,72,now(),now()),
(6032,32,109,now(),now()),
(11940,18,110,now(),now()),
(81775,11,247,now(),now()),
(10008,33,102,now(),now()),
(82451,5,70,now(),now()),
(38814,14,191,now(),now()),
(82450,5,68,now(),now()),
(38813,14,181,now(),now()),
(82449,5,66,now(),now()),
(4492,10,123,now(),now()),
(82448,5,61,now(),now()),
(81774,11,241,now(),now()),
(82447,5,57,now(),now()),
(4491,10,121,now(),now()),
(82446,5,53,now(),now()),
(11939,18,25,now(),now()),
(82445,5,51,now(),now()),
(81773,11,216,now(),now()),
(10007,33,79,now(),now()),
(5486,37,83,now(),now()),
(5496,38,78,now(),now()),
(5502,39,75,now(),now()),
(82444,5,48,now(),now()),
(81772,11,185,now(),now()),
(82443,5,37,now(),now()),
(4490,10,116,now(),now()),
(82442,5,33,now(),now()),
(4489,10,114,now(),now()),
(82441,5,31,now(),now()),
(4488,10,120,now(),now()),
(12412,19,20,now(),now()),
(82440,5,29,now(),now()),
(4487,10,122,now(),now()),
(11246,88,43,now(),now()),
(81771,11,183,now(),now()),
(82439,5,27,now(),now()),
(4493,10,124,now(),now()),
(81770,11,166,now(),now()),
(82438,5,25,now(),now()),
(38658,34,125,now(),now()),
(82437,5,23,now(),now()),
(73931,7,226,now(),now()),
(82436,5,21,now(),now()),
(81769,11,139,now(),now()),
(82435,5,19,now(),now()),
(38502,12,128,now(),now()),
(38657,34,92,now(),now()),
(38030,13,219,now(),now()),
(38812,14,179,now(),now()),
(37556,15,137,now(),now()),
(37569,16,92,now(),now()),
(82434,5,17,now(),now()),
(11938,18,94,now(),now()),
(82433,5,15,now(),now()),
(81768,11,135,now(),now()),
(10006,33,1,now(),now()),
(5485,37,118,now(),now()),
(5495,38,118,now(),now()),
(5501,39,118,now(),now()),
(82432,5,13,now(),now()),
(81767,11,133,now(),now()),
(82431,5,11,now(),now()),
(73930,7,224,now(),now()),
(82430,5,5,now(),now()),
(81766,11,130,now(),now()),
(10005,33,95,now(),now()),
(5494,37,133,now(),now()),
(5500,38,133,now(),now()),
(5505,39,133,now(),now()),
(11245,88,40,now(),now()),
(82429,5,1,now(),now()),
(81765,11,124,now(),now()),
(10004,33,105,now(),now()),
(82428,5,9,now(),now()),
(81764,11,119,now(),now()),
(11244,88,1,now(),now()),
(82427,5,12,now(),now()),
(81763,11,115,now(),now()),
(11243,88,11,now(),now()),
(82426,5,14,now(),now()),
(38501,12,24,now(),now()),
(38656,34,24,now(),now()),
(38029,13,137,now(),now()),
(38811,14,177,now(),now()),
(37555,15,92,now(),now()),
(37568,16,24,now(),now()),
(6033,32,137,now(),now()),
(82425,5,16,now(),now()),
(73929,7,222,now(),now()),
(82424,5,18,now(),now()),
(81762,11,108,now(),now()),
(82423,5,20,now(),now()),
(11937,18,117,now(),now()),
(82422,5,22,now(),now()),
(38810,14,143,now(),now()),
(82421,5,24,now(),now()),
(38809,14,141,now(),now()),
(82420,5,26,now(),now()),
(38808,14,128,now(),now()),
(82419,5,28,now(),now()),
(10003,33,118,now(),now()),
(81949,6,52,now(),now()),
(82418,5,30,now(),now()),
(6967,36,104,now(),now()),
(6970,36,146,now(),now()),
(10002,33,133,now(),now()),
(38655,34,106,now(),now()),
(82417,5,32,now(),now()),
(7884,8,152,now(),now()),
(7883,8,150,now(),now()),
(7882,8,149,now(),now()),
(7881,8,151,now(),now()),
(9998,79,156,now(),now()),
(11242,88,41,now(),now()),
(9997,79,154,now(),now()),
(9996,79,153,now(),now()),
(9995,79,155,now(),now()),
(7403,81,158,now(),now()),
(81948,6,58,now(),now()),
(82416,5,34,now(),now()),
(7402,81,157,now(),now()),
(81947,6,63,now(),now()),
(82415,5,40,now(),now()),
(7404,81,159,now(),now()),
(81946,6,67,now(),now()),
(82414,5,49,now(),now()),
(81945,6,69,now(),now()),
(82413,5,52,now(),now()),
(81761,11,95,now(),now()),
(82412,5,56,now(),now()),
(7891,63,162,now(),now()),
(54175,62,585,now(),now()),
(7898,64,168,now(),now()),
(7900,65,165,now(),now()),
(54174,62,586,now(),now()),
(81760,11,30,now(),now()),
(10001,33,144,now(),now()),
(73928,7,220,now(),now()),
(7885,8,166,now(),now()),
(7897,64,164,now(),now()),
(7896,64,167,now(),now()),
(7892,63,169,now(),now()),
(54173,62,175,now(),now()),
(7899,64,171,now(),now()),
(7901,65,172,now(),now()),
(54172,62,173,now(),now()),
(81759,11,26,now(),now()),
(10000,33,166,now(),now()),
(11241,88,64,now(),now()),
(54922,107,593,now(),now()),
(43865,111,520,now(),now()),
(7968,26,173,now(),now()),
(54171,62,166,now(),now()),
(54170,62,163,now(),now()),
(38807,14,112,now(),now()),
(38806,14,99,now(),now()),
(38805,14,97,now(),now()),
(38804,14,24,now(),now()),
(38803,14,92,now(),now()),
(54169,62,170,now(),now()),
(38802,14,98,now(),now()),
(38801,14,100,now(),now()),
(81758,11,16,now(),now()),
(81757,11,1,now(),now()),
(11240,88,79,now(),now()),
(82411,5,58,now(),now()),
(81756,11,11,now(),now()),
(11239,88,133,now(),now()),
(82410,5,63,now(),now()),
(12411,19,89,now(),now()),
(12410,19,122,now(),now()),
(11936,18,140,now(),now()),
(81755,11,23,now(),now()),
(11238,88,136,now(),now()),
(11172,28,190,now(),now()),
(38800,14,113,now(),now()),
(82409,5,67,now(),now()),
(38799,14,137,now(),now()),
(11237,88,173,now(),now()),
(82408,5,69,now(),now()),
(38798,14,142,now(),now()),
(81944,6,71,now(),now()),
(82407,5,71,now(),now()),
(38797,14,176,now(),now()),
(81943,6,73,now(),now()),
(82406,5,73,now(),now()),
(38796,14,178,now(),now()),
(38795,14,180,now(),now()),
(38794,14,182,now(),now()),
(82405,5,79,now(),now()),
(38793,14,192,now(),now()),
(38792,14,194,now(),now()),
(82404,5,84,now(),now()),
(38791,14,196,now(),now()),
(82403,5,86,now(),now()),
(38790,14,198,now(),now()),
(38789,14,200,now(),now()),
(9740,43,203,now(),now()),
(9751,42,208,now(),now()),
(9742,44,205,now(),now()),
(9743,45,206,now(),now()),
(9750,42,204,now(),now()),
(9749,42,207,now(),now()),
(9752,42,209,now(),now()),
(12409,19,187,now(),now()),
(9761,59,210,now(),now()),
(9765,58,211,now(),now()),
(9763,60,212,now(),now()),
(9764,61,213,now(),now()),
(9766,58,214,now(),now()),
(11236,88,185,now(),now()),
(9953,20,217,now(),now()),
(38028,13,92,now(),now()),
(9952,20,215,now(),now()),
(81754,11,29,now(),now()),
(82402,5,88,now(),now()),
(9951,20,216,now(),now()),
(9954,20,218,now(),now()),
(38027,13,24,now(),now()),
(81753,11,88,now(),now()),
(9999,79,219,now(),now()),
(10014,33,219,now(),now()),
(11235,88,192,now(),now()),
(82401,5,195,now(),now()),
(73927,7,138,now(),now()),
(82400,5,92,now(),now()),
(73926,7,126,now(),now()),
(82399,5,94,now(),now()),
(73925,7,91,now(),now()),
(82398,5,96,now(),now()),
(82397,5,98,now(),now()),
(73923,7,85,now(),now()),
(82396,5,100,now(),now()),
(73922,7,27,now(),now()),
(82395,5,102,now(),now()),
(73921,7,21,now(),now()),
(82394,5,108,now(),now()),
(11173,28,227,now(),now()),
(11215,74,228,now(),now()),
(11175,76,229,now(),now()),
(39325,70,43,now(),now()),
(11234,88,219,now(),now()),
(39324,70,47,now(),now()),
(11213,54,231,now(),now()),
(11214,75,232,now(),now()),
(11216,74,233,now(),now()),
(39323,70,64,now(),now()),
(39322,70,231,now(),now()),
(11255,88,238,now(),now()),
(81942,6,102,now(),now()),
(82393,5,112,now(),now()),
(73920,7,19,now(),now()),
(82392,5,114,now(),now()),
(81752,11,96,now(),now()),
(82391,5,116,now(),now()),
(38500,12,92,now(),now()),
(38654,34,128,now(),now()),
(38026,13,128,now(),now()),
(38788,14,202,now(),now()),
(37554,15,24,now(),now()),
(37567,16,128,now(),now()),
(82390,5,118,now(),now()),
(11943,18,243,now(),now()),
(82389,5,120,now(),now()),
(81751,11,111,now(),now()),
(82388,5,122,now(),now()),
(73919,7,22,now(),now()),
(82387,5,124,now(),now()),
(12417,19,246,now(),now()),
(82386,5,126,now(),now()),
(81750,11,118,now(),now()),
(81941,6,157,now(),now()),
(82385,5,128,now(),now()),
(81749,11,123,now(),now()),
(81940,6,159,now(),now()),
(82384,5,130,now(),now()),
(82189,4,656,now(),now()),
(82188,4,654,now(),now()),
(82187,4,652,now(),now()),
(82186,4,650,now(),now()),
(82185,4,647,now(),now()),
(82184,4,645,now(),now()),
(82183,4,643,now(),now()),
(82182,4,641,now(),now()),
(82181,4,639,now(),now()),
(82180,4,637,now(),now()),
(82179,4,635,now(),now()),
(82178,4,627,now(),now()),
(82177,4,600,now(),now()),
(82176,4,585,now(),now()),
(82175,4,583,now(),now()),
(82174,4,581,now(),now()),
(82173,4,576,now(),now()),
(82172,4,192,now(),now()),
(82171,4,190,now(),now()),
(82170,4,457,now(),now()),
(82169,4,491,now(),now()),
(82168,4,489,now(),now()),
(82167,4,487,now(),now()),
(82166,4,485,now(),now()),
(82165,4,483,now(),now()),
(82164,4,481,now(),now()),
(82163,4,479,now(),now()),
(82162,4,477,now(),now()),
(82161,4,475,now(),now()),
(82160,4,473,now(),now()),
(82159,4,471,now(),now()),
(82158,4,469,now(),now()),
(82157,4,356,now(),now()),
(82156,4,390,now(),now()),
(82155,4,388,now(),now()),
(82154,4,386,now(),now()),
(82153,4,384,now(),now()),
(82152,4,382,now(),now()),
(82151,4,380,now(),now()),
(82150,4,378,now(),now()),
(82149,4,376,now(),now()),
(82148,4,374,now(),now()),
(82147,4,372,now(),now()),
(82146,4,370,now(),now()),
(82145,4,368,now(),now()),
(82144,4,366,now(),now()),
(82143,4,364,now(),now()),
(82142,4,362,now(),now()),
(82141,4,360,now(),now()),
(82140,4,358,now(),now()),
(82139,4,17,now(),now()),
(82138,4,354,now(),now()),
(82137,4,352,now(),now()),
(82136,4,350,now(),now()),
(82135,4,348,now(),now()),
(82134,4,346,now(),now()),
(82133,4,344,now(),now()),
(82132,4,342,now(),now()),
(82131,4,340,now(),now()),
(82130,4,338,now(),now()),
(82129,4,336,now(),now()),
(82128,4,334,now(),now()),
(82127,4,332,now(),now()),
(82126,4,133,now(),now()),
(82125,4,328,now(),now()),
(82124,4,326,now(),now()),
(82123,4,324,now(),now()),
(82122,4,322,now(),now()),
(82121,4,320,now(),now()),
(82120,4,318,now(),now()),
(82119,4,316,now(),now()),
(82118,4,314,now(),now()),
(82117,4,312,now(),now()),
(82116,4,310,now(),now()),
(82115,4,308,now(),now()),
(82114,4,306,now(),now()),
(82113,4,304,now(),now()),
(82112,4,302,now(),now()),
(82111,4,300,now(),now()),
(82110,4,298,now(),now()),
(82109,4,296,now(),now()),
(82108,4,294,now(),now()),
(82107,4,292,now(),now()),
(82106,4,290,now(),now()),
(82105,4,288,now(),now()),
(82104,4,286,now(),now()),
(82103,4,284,now(),now()),
(82102,4,282,now(),now()),
(82101,4,280,now(),now()),
(82100,4,278,now(),now()),
(82099,4,276,now(),now()),
(82098,4,274,now(),now()),
(82097,4,272,now(),now()),
(82096,4,270,now(),now()),
(82095,4,268,now(),now()),
(82094,4,266,now(),now()),
(82093,4,264,now(),now()),
(82092,4,262,now(),now()),
(82091,4,260,now(),now()),
(82090,4,258,now(),now()),
(82089,4,256,now(),now()),
(82088,4,254,now(),now()),
(82087,4,252,now(),now()),
(82086,4,250,now(),now()),
(82085,4,86,now(),now()),
(82084,4,249,now(),now()),
(82083,4,93,now(),now()),
(82082,4,132,now(),now()),
(82081,4,251,now(),now()),
(82080,4,253,now(),now()),
(82079,4,255,now(),now()),
(82078,4,257,now(),now()),
(82077,4,259,now(),now()),
(82076,4,261,now(),now()),
(82075,4,263,now(),now()),
(82074,4,265,now(),now()),
(82073,4,267,now(),now()),
(82072,4,269,now(),now()),
(82071,4,271,now(),now()),
(82070,4,273,now(),now()),
(82069,4,275,now(),now()),
(82068,4,277,now(),now()),
(82067,4,279,now(),now()),
(82066,4,281,now(),now()),
(82065,4,283,now(),now()),
(82064,4,285,now(),now()),
(82063,4,287,now(),now()),
(82062,4,289,now(),now()),
(82061,4,291,now(),now()),
(82060,4,293,now(),now()),
(82059,4,295,now(),now()),
(82058,4,297,now(),now()),
(82057,4,299,now(),now()),
(82056,4,301,now(),now()),
(82055,4,303,now(),now()),
(82054,4,305,now(),now()),
(82053,4,307,now(),now()),
(82052,4,309,now(),now()),
(82051,4,311,now(),now()),
(82050,4,313,now(),now()),
(82049,4,315,now(),now()),
(82048,4,317,now(),now()),
(82047,4,319,now(),now()),
(82046,4,321,now(),now()),
(82045,4,323,now(),now()),
(82044,4,325,now(),now()),
(82043,4,327,now(),now()),
(24169,103,409,now(),now()),
(24168,103,407,now(),now()),
(24167,103,405,now(),now()),
(24166,103,403,now(),now()),
(24165,103,401,now(),now()),
(24164,103,399,now(),now()),
(24163,103,397,now(),now()),
(24162,103,395,now(),now()),
(24161,103,393,now(),now()),
(24160,103,394,now(),now()),
(24159,103,396,now(),now()),
(24158,103,398,now(),now()),
(24157,103,400,now(),now()),
(24156,103,402,now(),now()),
(24155,103,404,now(),now()),
(24154,103,406,now(),now()),
(24153,103,408,now(),now()),
(24170,103,410,now(),now()),
(24414,114,437,now(),now()),
(24413,114,435,now(),now()),
(24412,114,192,now(),now()),
(24411,114,187,now(),now()),
(24410,114,184,now(),now()),
(24409,114,411,now(),now()),
(24408,114,412,now(),now()),
(24407,114,173,now(),now()),
(24226,109,417,now(),now()),
(24225,109,415,now(),now()),
(24224,109,413,now(),now()),
(24223,109,414,now(),now()),
(24222,109,416,now(),now()),
(24227,109,418,now(),now()),
(54921,107,591,now(),now()),
(54920,107,423,now(),now()),
(54919,107,421,now(),now()),
(54918,107,419,now(),now()),
(54917,107,173,now(),now()),
(24250,92,34,now(),now()),
(24354,112,232,now(),now()),
(24353,112,230,now(),now()),
(24352,112,228,now(),now()),
(24351,112,425,now(),now()),
(24350,112,238,now(),now()),
(24349,112,236,now(),now()),
(24348,112,234,now(),now()),
(24347,112,235,now(),now()),
(24346,112,237,now(),now()),
(24345,112,424,now(),now()),
(24344,112,426,now(),now()),
(24343,112,229,now(),now()),
(24342,112,231,now(),now()),
(24355,112,233,now(),now()),
(24371,93,432,now(),now()),
(24370,93,427,now(),now()),
(24359,99,429,now(),now()),
(24367,95,430,now(),now()),
(24361,96,430,now(),now()),
(24362,97,430,now(),now()),
(24363,94,431,now(),now()),
(24369,93,428,now(),now()),
(24368,95,433,now(),now()),
(24372,93,434,now(),now()),
(24406,114,198,now(),now()),
(24405,114,180,now(),now()),
(24404,114,436,now(),now()),
(24403,115,438,now(),now()),
(24415,114,438,now(),now()),
(80346,117,651,now(),now()),
(80345,117,648,now(),now()),
(80344,117,646,now(),now()),
(80343,117,644,now(),now()),
(80342,117,642,now(),now()),
(80341,117,640,now(),now()),
(80340,117,638,now(),now()),
(80339,117,636,now(),now()),
(80338,117,634,now(),now()),
(80337,117,627,now(),now()),
(80336,117,616,now(),now()),
(80335,117,614,now(),now()),
(80334,117,612,now(),now()),
(80333,117,610,now(),now()),
(80332,117,606,now(),now()),
(80331,117,604,now(),now()),
(80330,117,539,now(),now()),
(80329,117,600,now(),now()),
(80328,117,552,now(),now()),
(80327,117,546,now(),now()),
(80326,117,598,now(),now()),
(80325,117,590,now(),now()),
(80324,117,596,now(),now()),
(80323,117,166,now(),now()),
(80322,117,1,now(),now()),
(80321,117,584,now(),now()),
(80320,117,582,now(),now()),
(80319,117,579,now(),now()),
(80318,117,163,now(),now()),
(80317,117,569,now(),now()),
(80316,117,184,now(),now()),
(80315,117,564,now(),now()),
(80314,117,458,now(),now()),
(80313,117,392,now(),now()),
(80312,117,391,now(),now()),
(80311,117,389,now(),now()),
(80310,117,387,now(),now()),
(80309,117,385,now(),now()),
(80308,117,383,now(),now()),
(80307,117,381,now(),now()),
(80306,117,379,now(),now()),
(80305,117,377,now(),now()),
(80304,117,11,now(),now()),
(80303,117,373,now(),now()),
(80302,117,371,now(),now()),
(80301,117,135,now(),now()),
(80300,117,367,now(),now()),
(80299,117,365,now(),now()),
(80298,117,363,now(),now()),
(80297,117,361,now(),now()),
(80296,117,133,now(),now()),
(80295,117,357,now(),now()),
(80294,117,355,now(),now()),
(80293,117,353,now(),now()),
(80292,117,351,now(),now()),
(80291,117,349,now(),now()),
(80290,117,347,now(),now()),
(80289,117,345,now(),now()),
(80288,117,343,now(),now()),
(80287,117,341,now(),now()),
(80286,117,339,now(),now()),
(80285,117,337,now(),now()),
(80284,117,335,now(),now()),
(80283,117,333,now(),now()),
(80282,117,331,now(),now()),
(80281,117,329,now(),now()),
(80280,117,327,now(),now()),
(80279,117,325,now(),now()),
(80278,117,323,now(),now()),
(80277,117,321,now(),now()),
(80276,117,319,now(),now()),
(80275,117,317,now(),now()),
(80274,117,315,now(),now()),
(80273,117,313,now(),now()),
(80272,117,311,now(),now()),
(80271,117,309,now(),now()),
(80270,117,307,now(),now()),
(80269,117,305,now(),now()),
(80268,117,303,now(),now()),
(80267,117,301,now(),now()),
(80266,117,299,now(),now()),
(80265,117,297,now(),now()),
(80264,117,295,now(),now()),
(80263,117,293,now(),now()),
(80262,117,291,now(),now()),
(80261,117,289,now(),now()),
(80260,117,287,now(),now()),
(80259,117,285,now(),now()),
(80258,117,283,now(),now()),
(80257,117,281,now(),now()),
(80256,117,279,now(),now()),
(80255,117,277,now(),now()),
(80254,117,275,now(),now()),
(80253,117,273,now(),now()),
(80252,117,271,now(),now()),
(80251,117,269,now(),now()),
(80250,117,267,now(),now()),
(80249,117,265,now(),now()),
(80248,117,263,now(),now()),
(80247,117,261,now(),now()),
(80246,117,259,now(),now()),
(80245,117,257,now(),now()),
(80244,117,255,now(),now()),
(80243,117,253,now(),now()),
(80242,117,251,now(),now()),
(80241,117,132,now(),now()),
(80240,117,93,now(),now()),
(80239,117,249,now(),now()),
(80238,117,86,now(),now()),
(80237,117,92,now(),now()),
(80236,117,252,now(),now()),
(80235,117,254,now(),now()),
(80234,117,256,now(),now()),
(80233,117,258,now(),now()),
(80232,117,260,now(),now()),
(80231,117,262,now(),now()),
(80230,117,264,now(),now()),
(80229,117,266,now(),now()),
(80228,117,268,now(),now()),
(80227,117,270,now(),now()),
(80226,117,272,now(),now()),
(80225,117,274,now(),now()),
(80224,117,276,now(),now()),
(80223,117,278,now(),now()),
(80222,117,280,now(),now()),
(80221,117,282,now(),now()),
(80220,117,284,now(),now()),
(80219,117,286,now(),now()),
(80218,117,288,now(),now()),
(80217,117,290,now(),now()),
(80216,117,292,now(),now()),
(80215,117,294,now(),now()),
(80214,117,296,now(),now()),
(80213,117,298,now(),now()),
(80212,117,300,now(),now()),
(80211,117,302,now(),now()),
(80210,117,304,now(),now()),
(80209,117,306,now(),now()),
(80208,117,308,now(),now()),
(80207,117,310,now(),now()),
(80206,117,312,now(),now()),
(80205,117,314,now(),now()),
(80204,117,316,now(),now()),
(80203,117,318,now(),now()),
(80202,117,320,now(),now()),
(80201,117,322,now(),now()),
(80200,117,324,now(),now()),
(81933,118,458,now(),now()),
(81932,118,640,now(),now()),
(81931,118,593,now(),now()),
(81930,118,589,now(),now()),
(81929,118,578,now(),now()),
(81928,118,576,now(),now()),
(81927,118,574,now(),now()),
(81926,118,573,now(),now()),
(81925,118,437,now(),now()),
(81924,118,435,now(),now()),
(81923,118,6,now(),now()),
(81909,118,416,now(),now()),
(81904,118,412,now(),now()),
(81903,118,410,now(),now()),
(81902,118,408,now(),now()),
(81901,118,406,now(),now()),
(81900,118,404,now(),now()),
(81899,118,402,now(),now()),
(81898,118,400,now(),now()),
(81897,118,398,now(),now()),
(81896,118,396,now(),now()),
(81895,118,394,now(),now()),
(81894,118,393,now(),now()),
(81893,118,395,now(),now()),
(81892,118,397,now(),now()),
(81891,118,399,now(),now()),
(81890,118,401,now(),now()),
(81889,118,403,now(),now()),
(81888,118,405,now(),now()),
(81887,118,407,now(),now()),
(81886,118,409,now(),now()),
(81885,118,411,now(),now()),
(81883,118,187,now(),now()),
(81882,118,192,now(),now()),
(81881,118,413,now(),now()),
(81880,118,415,now(),now()),
(81879,118,417,now(),now()),
(81878,118,34,now(),now()),
(81876,118,423,now(),now()),
(81875,118,235,now(),now()),
(81874,118,237,now(),now()),
(81873,118,424,now(),now()),
(81872,118,426,now(),now()),
(81871,118,229,now(),now()),
(37553,15,128,now(),now()),
(37552,15,242,now(),now()),
(37551,15,440,now(),now()),
(37559,15,442,now(),now()),
(37566,16,242,now(),now()),
(37572,16,444,now(),now()),
(38025,13,216,now(),now()),
(82383,5,132,now(),now()),
(38024,13,242,now(),now()),
(82382,5,134,now(),now()),
(38023,13,446,now(),now()),
(82381,5,136,now(),now()),
(38033,13,448,now(),now()),
(82380,5,138,now(),now()),
(38499,12,137,now(),now()),
(82379,5,140,now(),now()),
(38653,34,148,now(),now()),
(38498,12,449,now(),now()),
(82378,5,142,now(),now()),
(38652,34,449,now(),now()),
(38505,12,451,now(),now()),
(82377,5,144,now(),now()),
(38662,34,451,now(),now()),
(81748,11,127,now(),now()),
(81747,11,131,now(),now()),
(81746,11,134,now(),now()),
(38785,56,64,now(),now()),
(38787,56,456,now(),now()),
(38821,14,457,now(),now()),
(82376,5,157,now(),now()),
(80199,117,326,now(),now()),
(81745,11,136,now(),now()),
(80198,117,328,now(),now()),
(39308,119,234,now(),now()),
(39309,121,235,now(),now()),
(39310,120,236,now(),now()),
(39321,70,238,now(),now()),
(39331,70,461,now(),now()),
(81939,6,193,now(),now()),
(39390,122,466,now(),now()),
(39389,122,464,now(),now()),
(39385,21,465,now(),now()),
(39388,122,463,now(),now()),
(39393,123,466,now(),now()),
(39384,21,464,now(),now()),
(39387,122,465,now(),now()),
(39392,123,465,now(),now()),
(39386,21,466,now(),now()),
(39391,122,467,now(),now()),
(39394,123,467,now(),now()),
(82042,4,329,now(),now()),
(82041,4,331,now(),now()),
(82040,4,333,now(),now()),
(82039,4,335,now(),now()),
(82038,4,337,now(),now()),
(82037,4,339,now(),now()),
(82036,4,341,now(),now()),
(82035,4,137,now(),now()),
(82034,4,135,now(),now()),
(82033,4,347,now(),now()),
(82032,4,349,now(),now()),
(82031,4,351,now(),now()),
(82030,4,353,now(),now()),
(82029,4,355,now(),now()),
(82028,4,357,now(),now()),
(82027,4,359,now(),now()),
(82026,4,361,now(),now()),
(82025,4,363,now(),now()),
(82024,4,365,now(),now()),
(82023,4,367,now(),now()),
(82022,4,369,now(),now()),
(82021,4,371,now(),now()),
(82020,4,373,now(),now()),
(82019,4,375,now(),now()),
(82018,4,377,now(),now()),
(82017,4,379,now(),now()),
(43587,108,496,now(),now()),
(43586,108,494,now(),now()),
(43585,108,492,now(),now()),
(43584,108,493,now(),now()),
(43583,108,495,now(),now()),
(43588,108,497,now(),now()),
(43642,110,506,now(),now()),
(43641,110,504,now(),now()),
(43640,110,502,now(),now()),
(43639,110,500,now(),now()),
(43638,110,498,now(),now()),
(43637,110,499,now(),now()),
(43636,110,501,now(),now()),
(43635,110,503,now(),now()),
(43634,110,505,now(),now()),
(43643,110,507,now(),now()),
(43864,111,518,now(),now()),
(43863,111,516,now(),now()),
(43862,111,514,now(),now()),
(43861,111,512,now(),now()),
(43860,111,510,now(),now()),
(43859,111,508,now(),now()),
(43858,111,9,now(),now()),
(43857,111,1,now(),now()),
(43856,111,173,now(),now()),
(43855,111,509,now(),now()),
(43854,111,511,now(),now()),
(43853,111,513,now(),now()),
(43852,111,515,now(),now()),
(43851,111,517,now(),now()),
(43850,111,519,now(),now()),
(43849,111,521,now(),now()),
(43848,111,523,now(),now()),
(43868,111,525,now(),now()),
(43873,113,527,now(),now()),
(43872,113,526,now(),now()),
(43874,113,528,now(),now()),
(81870,118,231,now(),now()),
(81869,118,233,now(),now()),
(81868,118,428,now(),now()),
(81867,118,430,now(),now()),
(81866,118,432,now(),now()),
(81865,118,434,now(),now()),
(81862,118,532,now(),now()),
(81861,118,530,now(),now()),
(81860,118,438,now(),now()),
(81859,118,436,now(),now()),
(81846,118,1,now(),now()),
(81842,118,46,now(),now()),
(81839,118,184,now(),now()),
(81818,118,173,now(),now()),
(81817,118,198,now(),now()),
(81816,118,180,now(),now()),
(81815,118,414,now(),now()),
(81813,118,418,now(),now()),
(81812,118,420,now(),now()),
(81811,118,422,now(),now()),
(81810,118,234,now(),now()),
(81809,118,236,now(),now()),
(81808,118,238,now(),now()),
(81807,118,425,now(),now()),
(81806,118,228,now(),now()),
(81805,118,230,now(),now()),
(81804,118,232,now(),now()),
(44148,70,533,now(),now()),
(44147,70,461,now(),now()),
(44146,70,238,now(),now()),
(44145,70,231,now(),now()),
(44144,70,64,now(),now()),
(44143,70,47,now(),now()),
(44142,70,43,now(),now()),
(44141,70,46,now(),now()),
(44140,70,50,now(),now()),
(44139,70,230,now(),now()),
(44138,70,237,now(),now()),
(44137,70,460,now(),now()),
(44217,86,535,now(),now()),
(44218,85,534,now(),now()),
(44219,85,536,now(),now()),
(44226,33,173,now(),now()),
(44227,33,147,now(),now()),
(44228,33,134,now(),now()),
(44229,33,130,now(),now()),
(44230,33,111,now(),now()),
(44231,33,102,now(),now()),
(44232,33,79,now(),now()),
(44233,33,1,now(),now()),
(44234,33,95,now(),now()),
(44235,33,105,now(),now()),
(44236,33,118,now(),now()),
(44237,33,133,now(),now()),
(44238,33,144,now(),now()),
(44239,33,166,now(),now()),
(44240,33,219,now(),now()),
(44241,33,539,now(),now()),
(44284,26,542,now(),now()),
(44285,26,173,now(),now()),
(44286,26,1,now(),now()),
(44287,26,9,now(),now()),
(44288,26,541,now(),now()),
(44289,26,543,now(),now()),
(44290,26,544,now(),now()),
(44302,88,238,now(),now()),
(44303,88,219,now(),now()),
(44304,88,192,now(),now()),
(44305,88,185,now(),now()),
(44306,88,173,now(),now()),
(44307,88,136,now(),now()),
(44308,88,133,now(),now()),
(44309,88,79,now(),now()),
(44310,88,64,now(),now()),
(44311,88,41,now(),now()),
(44312,88,11,now(),now()),
(44313,88,1,now(),now()),
(44314,88,40,now(),now()),
(44315,88,43,now(),now()),
(44316,88,65,now(),now()),
(44317,88,123,now(),now()),
(44318,88,135,now(),now()),
(44319,88,153,now(),now()),
(44320,88,184,now(),now()),
(44321,88,189,now(),now()),
(44322,88,214,now(),now()),
(44323,88,230,now(),now()),
(44324,88,539,now(),now()),
(44325,88,546,now(),now()),
(44326,114,437,now(),now()),
(44327,114,435,now(),now()),
(44328,114,192,now(),now()),
(44329,114,187,now(),now()),
(44330,114,184,now(),now()),
(44331,114,411,now(),now()),
(44332,114,412,now(),now()),
(44333,114,173,now(),now()),
(44334,114,198,now(),now()),
(44335,114,180,now(),now()),
(44336,114,436,now(),now()),
(44337,114,438,now(),now()),
(44338,114,546,now(),now()),
(44349,23,548,now(),now()),
(44350,23,549,now(),now()),
(44351,23,550,now(),now()),
(44355,25,553,now(),now()),
(44359,24,552,now(),now()),
(44360,24,551,now(),now()),
(44361,24,554,now(),now()),
(44362,24,555,now(),now()),
(44371,22,547,now(),now()),
(44372,22,545,now(),now()),
(44373,22,539,now(),now()),
(44374,22,537,now(),now()),
(44375,22,538,now(),now()),
(44376,22,540,now(),now()),
(44377,22,546,now(),now()),
(44378,22,556,now(),now()),
(44379,22,557,now(),now()),
(45447,29,560,now(),now()),
(45448,29,558,now(),now()),
(45449,29,559,now(),now()),
(45450,29,561,now(),now()),
(45451,29,562,now(),now()),
(82375,5,159,now(),now()),
(82374,5,161,now(),now()),
(82373,5,185,now(),now()),
(82372,5,192,now(),now()),
(82371,5,194,now(),now()),
(82370,5,199,now(),now()),
(82369,5,216,now(),now()),
(82368,5,220,now(),now()),
(82367,5,222,now(),now()),
(82366,5,224,now(),now()),
(82365,5,226,now(),now()),
(82364,5,240,now(),now()),
(82363,5,242,now(),now()),
(82362,5,244,now(),now()),
(82361,5,246,now(),now()),
(82360,5,248,now(),now()),
(82359,5,446,now(),now()),
(82358,5,448,now(),now()),
(82357,5,450,now(),now()),
(82356,5,457,now(),now()),
(82355,5,464,now(),now()),
(82354,5,558,now(),now()),
(82353,5,560,now(),now()),
(82352,5,457,now(),now()),
(82351,5,450,now(),now()),
(82350,5,448,now(),now()),
(82349,5,446,now(),now()),
(82348,5,248,now(),now()),
(82347,5,246,now(),now()),
(82346,5,244,now(),now()),
(82345,5,242,now(),now()),
(82344,5,240,now(),now()),
(82343,5,226,now(),now()),
(82342,5,224,now(),now()),
(82341,5,222,now(),now()),
(82340,5,220,now(),now()),
(82339,5,216,now(),now()),
(82338,5,199,now(),now()),
(82337,5,194,now(),now()),
(82336,5,192,now(),now()),
(82335,5,185,now(),now()),
(82334,5,161,now(),now()),
(82333,5,159,now(),now()),
(82332,5,157,now(),now()),
(82331,5,144,now(),now()),
(82330,5,142,now(),now()),
(82329,5,140,now(),now()),
(82328,5,138,now(),now()),
(82327,5,136,now(),now()),
(82326,5,134,now(),now()),
(82325,5,132,now(),now()),
(82324,5,130,now(),now()),
(82323,5,128,now(),now()),
(82322,5,126,now(),now()),
(82321,5,124,now(),now()),
(82320,5,122,now(),now()),
(82319,5,120,now(),now()),
(82318,5,118,now(),now()),
(82317,5,116,now(),now()),
(82316,5,114,now(),now()),
(82315,5,112,now(),now()),
(82314,5,108,now(),now()),
(82313,5,102,now(),now()),
(82312,5,100,now(),now()),
(82311,5,98,now(),now()),
(82310,5,96,now(),now()),
(82309,5,94,now(),now()),
(82308,5,92,now(),now()),
(82307,5,90,now(),now()),
(82306,5,88,now(),now()),
(82305,5,86,now(),now()),
(82304,5,84,now(),now()),
(82303,5,79,now(),now()),
(82302,5,73,now(),now()),
(82301,5,71,now(),now()),
(82300,5,69,now(),now()),
(82299,5,67,now(),now()),
(82298,5,63,now(),now()),
(82297,5,58,now(),now()),
(82296,5,56,now(),now()),
(82295,5,52,now(),now()),
(82294,5,49,now(),now()),
(82293,5,40,now(),now()),
(82292,5,34,now(),now()),
(82291,5,32,now(),now()),
(82290,5,30,now(),now()),
(82289,5,28,now(),now()),
(82288,5,26,now(),now()),
(82287,5,24,now(),now()),
(82286,5,22,now(),now()),
(82285,5,20,now(),now()),
(82284,5,18,now(),now()),
(82283,5,16,now(),now()),
(82282,5,14,now(),now()),
(82281,5,12,now(),now()),
(82280,5,9,now(),now()),
(82279,5,1,now(),now()),
(82278,5,5,now(),now()),
(82277,5,11,now(),now()),
(82276,5,13,now(),now()),
(82275,5,15,now(),now()),
(82274,5,17,now(),now()),
(82273,5,19,now(),now()),
(82272,5,21,now(),now()),
(82271,5,23,now(),now()),
(82270,5,25,now(),now()),
(82269,5,27,now(),now()),
(82268,5,29,now(),now()),
(82267,5,31,now(),now()),
(82266,5,33,now(),now()),
(82265,5,37,now(),now()),
(82264,5,48,now(),now()),
(82263,5,51,now(),now()),
(82262,5,53,now(),now()),
(82261,5,57,now(),now()),
(82260,5,61,now(),now()),
(82259,5,66,now(),now()),
(82258,5,68,now(),now()),
(82257,5,70,now(),now()),
(82256,5,72,now(),now()),
(82255,5,76,now(),now()),
(82254,5,80,now(),now()),
(82253,5,85,now(),now()),
(82252,5,87,now(),now()),
(82251,5,89,now(),now()),
(82250,5,91,now(),now()),
(82249,5,93,now(),now()),
(82248,5,95,now(),now()),
(82247,5,97,now(),now()),
(82246,5,99,now(),now()),
(82245,5,101,now(),now()),
(82244,5,106,now(),now()),
(82243,5,111,now(),now()),
(82242,5,113,now(),now()),
(82241,5,115,now(),now()),
(82240,5,117,now(),now()),
(82239,5,119,now(),now()),
(82238,5,121,now(),now()),
(82237,5,123,now(),now()),
(82236,5,125,now(),now()),
(82235,5,127,now(),now()),
(82234,5,129,now(),now()),
(82233,5,131,now(),now()),
(82232,5,133,now(),now()),
(82231,5,135,now(),now()),
(82230,5,137,now(),now()),
(82229,5,139,now(),now()),
(82228,5,141,now(),now()),
(82227,5,143,now(),now()),
(82226,5,148,now(),now()),
(82225,5,158,now(),now()),
(82224,5,160,now(),now()),
(82223,5,184,now(),now()),
(82222,5,191,now(),now()),
(82221,5,193,now(),now()),
(81803,118,427,now(),now()),
(82016,4,381,now(),now()),
(80197,117,330,now(),now()),
(81938,6,239,now(),now()),
(45647,127,566,now(),now()),
(45652,66,9,now(),now()),
(45656,66,568,now(),now()),
(82015,4,383,now(),now()),
(82014,4,385,now(),now()),
(82013,4,387,now(),now()),
(80196,117,332,now(),now()),
(82012,4,389,now(),now()),
(80195,117,334,now(),now()),
(82011,4,391,now(),now()),
(80194,117,336,now(),now()),
(73918,7,84,now(),now()),
(80193,117,338,now(),now()),
(73917,7,86,now(),now()),
(80192,117,340,now(),now()),
(82010,4,392,now(),now()),
(73916,7,90,now(),now()),
(80191,117,342,now(),now()),
(49560,129,571,now(),now()),
(80190,117,344,now(),now()),
(82009,4,163,now(),now()),
(49561,129,572,now(),now()),
(81802,118,429,now(),now()),
(81801,118,431,now(),now()),
(51187,131,577,now(),now()),
(81800,118,433,now(),now()),
(51186,131,575,now(),now()),
(51039,130,576,now(),now()),
(51185,131,574,now(),now()),
(52370,132,582,now(),now()),
(82008,4,470,now(),now()),
(80189,117,346,now(),now()),
(51040,130,577,now(),now()),
(51184,131,576,now(),now()),
(52369,132,576,now(),now()),
(81797,118,529,now(),now()),
(51188,131,578,now(),now()),
(81796,118,5,now(),now()),
(82007,4,472,now(),now()),
(80188,117,348,now(),now()),
(52374,133,582,now(),now()),
(52373,133,580,now(),now()),
(82006,4,11,now(),now()),
(80187,117,350,now(),now()),
(52368,132,577,now(),now()),
(52372,133,581,now(),now()),
(82005,4,476,now(),now()),
(80186,117,140,now(),now()),
(52371,132,583,now(),now()),
(52375,133,583,now(),now()),
(82004,4,478,now(),now()),
(80185,117,354,now(),now()),
(52724,135,584,now(),now()),
(82003,4,480,now(),now()),
(80184,117,17,now(),now()),
(82002,4,482,now(),now()),
(80183,117,358,now(),now()),
(54168,62,174,now(),now()),
(81795,118,563,now(),now()),
(80182,117,360,now(),now()),
(82001,4,484,now(),now()),
(73915,7,93,now(),now()),
(81744,11,161,now(),now()),
(54167,62,180,now(),now()),
(73914,7,132,now(),now()),
(81743,11,173,now(),now()),
(54166,62,587,now(),now()),
(73913,7,166,now(),now()),
(81742,11,184,now(),now()),
(54176,62,588,now(),now()),
(54455,137,589,now(),now()),
(81794,118,166,now(),now()),
(54916,107,420,now(),now()),
(54915,107,422,now(),now()),
(81793,118,575,now(),now()),
(54914,107,590,now(),now()),
(54913,107,592,now(),now()),
(81792,118,577,now(),now()),
(54923,107,594,now(),now()),
(81791,118,586,now(),now()),
(80181,117,362,now(),now()),
(80180,117,137,now(),now()),
(80179,117,366,now(),now()),
(80178,117,368,now(),now()),
(80177,117,370,now(),now()),
(80176,117,372,now(),now()),
(80175,117,374,now(),now()),
(80174,117,376,now(),now()),
(80173,117,378,now(),now()),
(80172,117,380,now(),now()),
(80171,117,382,now(),now()),
(80170,117,384,now(),now()),
(80169,117,149,now(),now()),
(80168,117,12,now(),now()),
(80167,117,390,now(),now()),
(80166,117,457,now(),now()),
(80165,117,190,now(),now()),
(80164,117,192,now(),now()),
(82220,5,197,now(),now()),
(59202,145,600,now(),now()),
(59203,146,600,now(),now()),
(59205,31,600,now(),now()),
(82219,5,200,now(),now()),
(73912,7,221,now(),now()),
(73911,7,223,now(),now()),
(82218,5,219,now(),now()),
(73910,7,225,now(),now()),
(60096,144,603,now(),now()),
(80163,117,570,now(),now()),
(60097,144,604,now(),now()),
(80162,117,571,now(),now()),
(82217,5,221,now(),now()),
(82216,5,223,now(),now()),
(73909,7,240,now(),now()),
(82215,5,225,now(),now()),
(73908,7,569,now(),now()),
(80161,117,576,now(),now()),
(82214,5,239,now(),now()),
(73907,7,137,now(),now()),
(82213,5,241,now(),now()),
(73906,7,585,now(),now()),
(80160,117,581,now(),now()),
(82212,5,243,now(),now()),
(73905,7,601,now(),now()),
(82211,5,245,now(),now()),
(73904,7,602,now(),now()),
(82210,5,247,now(),now()),
(73903,7,605,now(),now()),
(80159,117,583,now(),now()),
(82000,4,486,now(),now()),
(81999,4,488,now(),now()),
(63960,142,87,now(),now()),
(81937,6,248,now(),now()),
(81936,6,565,now(),now()),
(67235,153,612,now(),now()),
(80158,117,585,now(),now()),
(82209,5,445,now(),now()),
(67234,153,610,now(),now()),
(80157,117,595,now(),now()),
(82208,5,447,now(),now()),
(67233,153,611,now(),now()),
(80156,117,214,now(),now()),
(82207,5,449,now(),now()),
(81741,11,189,now(),now()),
(80155,117,597,now(),now()),
(82206,5,451,now(),now()),
(81740,11,219,now(),now()),
(80154,117,586,now(),now()),
(82205,5,601,now(),now()),
(81739,11,244,now(),now()),
(80153,117,599,now(),now()),
(82204,5,570,now(),now()),
(67236,153,616,now(),now()),
(80152,117,548,now(),now()),
(82203,5,605,now(),now()),
(81738,11,248,now(),now()),
(80151,117,549,now(),now()),
(82202,5,606,now(),now()),
(68361,154,625,now(),now()),
(68360,154,623,now(),now()),
(68359,154,621,now(),now()),
(68358,154,619,now(),now()),
(68357,154,618,now(),now()),
(68356,154,620,now(),now()),
(68355,154,622,now(),now()),
(68354,154,624,now(),now()),
(68362,154,626,now(),now()),
(68761,149,628,now(),now()),
(68760,149,152,now(),now()),
(81998,4,490,now(),now()),
(80150,117,551,now(),now()),
(68759,149,150,now(),now()),
(68763,139,628,now(),now()),
(68762,149,629,now(),now()),
(68764,139,629,now(),now()),
(68765,140,630,now(),now()),
(68767,155,631,now(),now()),
(68768,155,632,now(),now()),
(80149,117,601,now(),now()),
(74825,156,222,now(),now()),
(81997,4,459,now(),now()),
(80148,117,602,now(),now()),
(74824,156,636,now(),now()),
(81996,4,564,now(),now()),
(80147,117,603,now(),now()),
(74823,156,634,now(),now()),
(81995,4,458,now(),now()),
(80146,117,605,now(),now()),
(82201,5,596,now(),now()),
(73902,7,606,now(),now()),
(81737,11,453,now(),now()),
(81994,4,184,now(),now()),
(80145,117,607,now(),now()),
(82200,5,610,now(),now()),
(73901,7,596,now(),now()),
(81736,11,458,now(),now()),
(81993,4,570,now(),now()),
(80144,117,611,now(),now()),
(82199,5,612,now(),now()),
(73900,7,637,now(),now()),
(81735,11,585,now(),now()),
(81992,4,571,now(),now()),
(80143,117,613,now(),now()),
(82198,5,614,now(),now()),
(73899,7,639,now(),now()),
(81734,11,613,now(),now()),
(81991,4,579,now(),now()),
(80142,117,615,now(),now()),
(81790,118,591,now(),now()),
(82197,5,616,now(),now()),
(73943,7,641,now(),now()),
(81733,11,615,now(),now()),
(81990,4,582,now(),now()),
(80141,117,617,now(),now()),
(74822,156,635,now(),now()),
(81989,4,584,now(),now()),
(80140,117,633,now(),now()),
(74821,156,642,now(),now()),
(74826,156,224,now(),now()),
(80359,157,222,now(),now()),
(81988,4,586,now(),now()),
(80139,117,635,now(),now()),
(80358,157,649,now(),now()),
(81987,4,601,now(),now()),
(80138,117,637,now(),now()),
(80357,157,644,now(),now()),
(81986,4,634,now(),now()),
(80137,117,639,now(),now()),
(82196,5,637,now(),now()),
(81732,11,637,now(),now()),
(81985,4,636,now(),now()),
(80136,117,641,now(),now()),
(82195,5,639,now(),now()),
(81731,11,639,now(),now()),
(81984,4,638,now(),now()),
(80135,117,643,now(),now()),
(82194,5,641,now(),now()),
(81730,11,641,now(),now()),
(81983,4,640,now(),now()),
(80134,117,645,now(),now()),
(80356,157,643,now(),now()),
(82193,5,647,now(),now()),
(81729,11,647,now(),now()),
(81982,4,642,now(),now()),
(80133,117,647,now(),now()),
(81789,118,594,now(),now()),
(81728,11,650,now(),now()),
(81981,4,644,now(),now()),
(80132,117,650,now(),now()),
(80355,157,645,now(),now()),
(81980,4,646,now(),now()),
(80347,117,652,now(),now()),
(80354,157,652,now(),now()),
(80360,157,224,now(),now()),
(81979,4,648,now(),now()),
(81978,4,651,now(),now()),
(81977,4,653,now(),now()),
(81976,4,655,now(),now()),
(81935,6,609,now(),now()),
(82192,5,650,now(),now()),
(81788,118,650,now(),now()),
(81787,11,457,now(),now()),
(81934,118,457,now(),now()),
(81975,6,658,now(),now()),
(82190,4,659,now(),now()),
(82191,158,660,now(),now()),
(82523,5,660,now(),now()),
(86141,117,665,now(),now()), 
(86140,117,663,now(),now()), 
(86139,117,664,now(),now()), 
(85701,11,664,now(),now()), 
(85637,5,664,now(),now()), 
(85919,4,664,now(),now()), 
(85638,5,665,now(),now()), 
(85702,11,665,now(),now()), 
(85921,4,665,now(),now()), 
(85639,11,663,now(),now()), 
(85920,4,663,now(),now()), 
(85636,5,662,now(),now()), 
(85922,117,662,now(),now()), 
(85703,4,662,now(),now()), 
(85700,11,662,now(),now()), 
(85303,5,663,now(),now()), 
(83888,7,662,now(),now()), 
(83934,7,664,now(),now()), 
(83933,7,663,now(),now()), 
(82671,118,661,now(),now()),
(83935,117,472,now(),now()),
(83936,4,472,now(),now()),
(83937,4,473,now(),now()),
(83938,117,473,now(),now()),
(83939,117,474,now(),now()),
(83940,154,666,now(),now()),
(83941,5,667,now(),now()),
(83942,5,668,now(),now()),
(83943,11,667,now(),now()),
(83944,11,668,now(),now()),
(83945,5,669,now(),now()),
(83946,11,669,now(),now()),
(83947,5,670,now(),now()),
(83948,11,670,now(),now()),
(83949,7,671,now(),now()),
(83950,5,672,now(),now()),
(83951,11,672,now(),now()),
(83952,98,661,now(),now()),
(83953,92,673,now(),now()),
(83954,92,674,now(),now()),
(83955,118,673,now(),now()),
(83956,118,674,now(),now()),
(83957,92,534,now(),now()),
(83958,118,534,now(),now()),
(83959,118,9,now(),now()),
(83960,118,507,now(),now()),
(83961,118,512,now(),now()),
(83962,118,541,now(),now()),
(83963,118,538,now(),now()),
(83964,118,539,now(),now()),
(83965,118,540,now(),now()),
(83966,118,542,now(),now()),
(83967,118,543,now(),now()),
(83968,118,544,now(),now()),
(83969,118,546,now(),now()),
(83970,118,419,now(),now()),
(83971,118,421,now(),now()),
(83972,118,492,now(),now()),
(83973,118,493,now(),now()),
(83974,118,494,now(),now()),
(83975,118,495,now(),now()),
(83976,118,496,now(),now()),
(83977,118,497,now(),now()),
(83978,118,503,now(),now()),
(83979,118,504,now(),now()),
(83980,118,505,now(),now()),
(83981,118,515,now(),now()),
(83982,118,516,now(),now()),
(83983,118,517,now(),now()),
(83984,118,518,now(),now()),
(83985,118,519,now(),now()),
(83986,118,520,now(),now()),
(83987,118,521,now(),now()),
(83988,118,522,now(),now()),
(83989,118,523,now(),now()),
(83990,118,524,now(),now()),
(83991,118,525,now(),now()),
(83992,118,526,now(),now()),
(83993,118,527,now(),now()),
(83994,118,528,now(),now()),
(83995,118,531,now(),now()),
(83996,118,573,now(),now()),
(83997,118,537,now(),now()),
(83998,7,600,now(),now()),
(83999,173,534,now(),now()),
(84000,174,563,now(),now()),
(84001,174,529,now(),now()),
(84002,174,530,now(),now()),
(84003,174,531,now(),now()),
(84004,174,532,now(),now()),
(84005,6,675,now(),now()),
(84006,175,628,now(),now()),
(84007,175,629,now(),now()),
(84008,118,676,now(),now()),
(84009,114,676,now(),now()),
(84010,11,676,now(),now()),
(84011,114,677,now(),now()),
(84012,114,679,now(),now()),
(84013,114,681,now(),now()),
(84014,114,683,now(),now()),
(84015,114,685,now(),now()),
(84016,114,687,now(),now()),
(84017,114,689,now(),now()),
(84018,114,691,now(),now()),
(84019,114,693,now(),now()),
(84020,114,695,now(),now()),
(84021,114,697,now(),now()),
(84022,114,699,now(),now()),
(84023,114,701,now(),now()),
(84024,114,703,now(),now()),
(84025,114,705,now(),now()),
(84026,4,678,now(),now()),
(84027,4,680,now(),now()),
(84028,4,682,now(),now()),
(84029,4,684,now(),now()),
(84030,4,686,now(),now()),
(84031,4,688,now(),now()),
(84032,4,690,now(),now()),
(84033,4,692,now(),now()),
(84034,4,694,now(),now()),
(84035,4,696,now(),now()),
(84036,4,698,now(),now()),
(84037,4,700,now(),now()),
(84038,4,702,now(),now()),
(84039,4,704,now(),now()),
(84040,4,706,now(),now()),
(84041,92,43,now(),now()),
(84042,178,44,now(),now()),
(84043,6,707,now(),now()),
(84044,117,708,now(),now()),
(84045,4,708,now(),now()),
(84046,156,709,now(),now()),
(84047,156,710,now(),now()),
(84048,156,711,now(),now()),
(84049,156,712,now(),now()),
(84050,156,713,now(),now()),
(84051,11,710,now(),now()),
(84052,88,713,now(),now()),
(84053,62,713,now(),now()),
(84054,33,713,now(),now()),
(84055,26,713,now(),now()),
(84056,11,713,now(),now()),
(84057,118,713,now(),now()),
(84058,107,713,now(),now()),
(84059,111,713,now(),now()),
(84060,114,713,now(),now()),
(84061,157,714,now(),now()),
(84062,157,715,now(),now()),
(84063,157,716,now(),now()),
(84064,157,717,now(),now()),
(84065,157,718,now(),now()),
(84066,11,715,now(),now()),
(84067,88,718,now(),now()),
(84068,62,718,now(),now()),
(84069,33,718,now(),now()),
(84070,26,718,now(),now()),
(84071,11,718,now(),now()),
(84072,118,718,now(),now()),
(84073,107,718,now(),now()),
(84074,111,718,now(),now()),
(84075,114,718,now(),now()),
(84076,11,177,now(),now()),
(84077,88,180,now(),now()),
(84078,33,180,now(),now()),
(84079,11,180,now(),now()),
(84080,26,180,now(),now()),
(84081,107,180,now(),now()),
(84082,111,180,now(),now()),
(84083,143,590,now(),now());

insert into `storage_profile`(`id`,`created_at`,`updated_at`,`partner_id`,`name`,`system_name`,`desciption`,`status`,`protocol`,`storage_url`,`storage_base_dir`,`storage_username`,`storage_password`,`storage_ftp_passive_mode`,`delivery_http_base_url`,`delivery_rmp_base_url`,`delivery_iis_base_url`,`min_file_size`,`max_file_size`,`flavor_params_ids`,`max_concurrent_connections`,`custom_data`,`path_manager_class`,`url_manager_class`) values
(0,now(),now(),0,'@DC_NAME@','','@DC_DESCRIPTION@',3,0,null,'@STORAGE_BASE_DIR@',null,null,null,'@DELIVERY_HTTP_BASE_URL@','@DELIVERY_RTMP_BASE_URL@','@DELIVERY_ISS_BASE_URL@',null,null,null,null,null,null,'');
UPDATE `storage_profile` SET id = 0;

insert into `ui_conf`(`id`,`obj_type`,`partner_id`,`subp_id`,`conf_file_path`,`name`,`width`,`height`,`html_params`,`swf_url`,`created_at`,`updated_at`,`conf_vars`,`use_cdn`,`tags`,`custom_data`,`status`,`description`,`display_in_search`,`creation_mode`,`version`,`html5_url`) values 
(380,2,0,0,'content/uiconf/kaltura/corp_new/kcw_2.6.4/kcw.xml','corp cw','680','480',null,'/flash/kcw/v1.6.5CE/ContributionWizard.swf',now(),now(),null,1,null,null,2,null,2,1,null,null),
(600,1,0,0,'content/uiconf/kaltura/drupal/kdp_drupal.xml','drupal kdp','','',null,'/flash/kdp/v1.2.3CE/kdp.swf',now(),now(),'',1,null,null,2,null,2,1,null,null),
(601,2,0,0,'content/uiconf/kaltura/drupal/cw_drupal.xml','drupal cw','680','480',null,'/flash/kcw/v1.5.4CE/ContributionWizard.swf',now(),now(),null,1,null,null,2,null,2,1,null,null),
(602,2,0,0,'content/uiconf/kaltura/drupal/cw_drupal_in_se.xml','drupal cw','680','480',null,'/flash/kcw/v1.5.4CE/ContributionWizard.swf',now(),now(),null,1,null,null,2,null,2,1,null,null),
(603,3,0,0,'content/uiconf/kaltura/drupal/se_drupal.xml','drupal simple editor','890','546','','/flash/kse/v2.1.8/simpleeditor.swf',now(),now(),null,1,null,null,2,null,2,1,null,null),
(604,1,0,0,'content/uiconf/kaltura/drupal/kdp_1.1.11/kdp_drupal_v2.1_dark_remix.xml','drupal dark kdp (remix)','','',null,'/flash/kdp/v1.2.3CE/kdp.swf',now(),now(),'',1,null,null,2,null,2,1,null,null),
(605,1,0,0,'content/uiconf/kaltura/drupal/kdp_1.1.11/kdp_drupal_v2.1_dark_view.xml','drupal dark kdp (view)','','',null,'/flash/kdp/v1.2.3CE/kdp.swf',now(),now(),'',1,null,null,2,null,2,1,null,null),
(606,1,0,0,'content/uiconf/kaltura/drupal/kdp_1.1.11/kdp_drupal_v2.1_gray_remix.xml','drupal gray kdp (remix)','','',null,'/flash/kdp/v1.2.3CE/kdp.swf',now(),now(),'',1,null,null,2,null,2,1,null,null),
(607,1,0,0,'content/uiconf/kaltura/drupal/kdp_1.1.11/kdp_drupal_v2.1_gray_view.xml','drupal gray kdp (view)','','',null,'/flash/kdp/v1.2.3CE/kdp.swf',now(),now(),'',1,null,null,2,null,2,1,null,null),
(608,1,0,0,'content/uiconf/kaltura/drupal/kdp_1.1.11/kdp_drupal_v2.1_whiteblue_remix.xml','drupal white-blue kdp (remix)','','',null,'/flash/kdp/v1.2.3CE/kdp.swf',now(),now(),'',1,null,null,2,null,2,1,null,null),
(609,1,0,0,'content/uiconf/kaltura/drupal/kdp_1.1.11/kdp_drupal_v2.1_whiteblue_view.xml','drupal white-blue kdp (view)','','',null,'/flash/kdp/v1.2.3CE/kdp.swf',now(),now(),'',1,null,null,2,null,2,1,null,null),
(520,1,0,0,'content/uiconf/kaltura/wordpress/kdp_1.1.11/kdp_wordpress_v2.1_whiteblue.xml','wordpress v2.1','410','364',null,'/flash/kdp/v1.2.3CE/kdp.swf',now(),now(),null,1,null,null,2,null,2,1,null,null),
(521,1,0,0,'content/uiconf/kaltura/wordpress/kdp_1.1.11/kdp_wordpress_v2.1_dark.xml','wordpress v2.1','410','364',null,'/flash/kdp/v1.2.3CE/kdp.swf',now(),now(),null,1,null,null,2,null,2,1,null,null),
(522,1,0,0,'content/uiconf/kaltura/wordpress/kdp_1.1.11/kdp_wordpress_v2.1_gray.xml','wordpress v2.1','410','364',null,'/flash/kdp/v1.2.3CE/kdp.swf',now(),now(),null,1,null,null,2,null,2,1,null,null),
(523,1,0,0,'content//uiconf/kaltura/wordpress/kdp_1.1.11/kdp_wordpress_thumb_v2.1_gray.xml','wordpress v2.2 thumbnails','410','364',null,'/flash/kdp/v1.2.3CE/kdp.swf',now(),now(),null,1,null,null,2,null,2,1,null,null),
(501,2,0,0,'content/uiconf/kaltura/wordpress/cw_wordpress.xml','wordpress cw','680','480',null,'/flash/kcw/v1.5.4CE/ContributionWizard.swf',now(),now(),null,1,null,null,2,null,2,1,null,null),
(502,3,0,0,'content/uiconf/kaltura/wordpress/se_wordpress.xml','wordpress simple editor','890','546','','/flash/kse/v2.1.3CE/simpleeditor.swf',now(),now(),null,1,null,null,2,null,2,1,null,null),
(503,2,0,0,'content/uiconf/kaltura/wordpress/cw_wordpress_comments.xml','wordpress cw','680','480',null,'/flash/kcw/v1.5.4CE/ContributionWizard.swf',now(),now(),null,1,null,null,2,null,2,1,null,null),
(504,2,0,0,'content/uiconf/kaltura/wordpress/cw_wordpress_in_se.xml','wordpress cw','680','480',null,'/flash/kcw/v1.5.4CE/ContributionWizard.swf',now(),now(),null,1,null,null,2,null,2,1,null,null),
(200,1,0,0,'content/uiconf/kaltura/default_player/kdp_2.5.2/kdp_default_dark.xml','kdp 2.5 kaltura default dark','400','335',null,'/flash/kdp/v2.7.0/kdp.swf',null,null,null,1,null,null,2,null,2,1,null,null),
(199,1,0,0,'content/uiconf/kaltura/default_player/kdp_2.0.0/kdp_default_dark.xml','kdp kaltura default dark','400','332','','/flash/kdp/v2.0.12/kdp.swf',now(),now(),null,1,null,null,2,null,2,1,null,null),
(47400,4,0,0,'content/uiconf/kaltura/generic/kae_1.0.10/kae_generic_generic.xml','ae','750','640','','/flash/kae/v1.0.10.23657/KalturaAdvancedVideoEditor.swf',now(),now(),null,1,null,null,2,null,2,1,null,null),
(47401,4,0,0,'content/uiconf/kaltura/generic/kae_1.0.10/kae_generic_generic_no_thumbnail.xml','ae','750','640','','/flash/kae/v1.0.10CE/KalturaAdvancedVideoEditor.swf',now(),now(),null,1,null,null,2,null,2,1,null,null),
(610,2,0,0,'content/uiconf/kaltura/drupal/cw_drupal_comments.xml','drupal cw','680','480',null,'/flash/kcw/v1.5.4CE/ContributionWizard.swf',null,null,null,1,null,null,2,null,2,1,null,null),
(530,1,0,0,'content/uiconf/kaltura/wordpress/kdp_2.0.12/kdp_wordpress_v2_blue.xml','wordpress v2.3','410','364',null,'/flash/kdp/v2.0.12/kdp.swf',now(),now(),null,1,null,null,2,null,2,1,null,null),
(531,1,0,0,'content/uiconf/kaltura/wordpress/kdp_2.0.12/kdp_wordpress_v2_dark.xml','wordpress v2.3','410','364',null,'/flash/kdp/v2.0.12/kdp.swf',now(),now(),null,1,null,null,2,null,2,1,null,null),
(532,1,0,0,'content/uiconf/kaltura/wordpress/kdp_2.0.12/kdp_wordpress_v2_light.xml','wordpress v2.3','410','364',null,'/flash/kdp/v2.0.12/kdp.swf',now(),now(),null,1,null,null,2,null,2,1,null,null),
(48304,1,0,0,'content/uiconf/kaltura/kmc/embedplayers/playlist_vertical_white_400_600.xml','Vertical Light','400','600','','/flash/kdp/v2.7.0/kdp.swf',now(),now(),null,1,'playlist',null,2,null,2,1,null,null),
(48305,1,0,0,'content/uiconf/kaltura/kmc/embedplayers/playlist_vertical_dark_400_600.xml','Vertical Dark','400','600','','/flash/kdp/v2.7.0/kdp.swf',now(),now(),null,1,'playlist',null,2,null,2,1,null,null),
(48306,1,0,0,'content/uiconf/kaltura/kmc/embedplayers/playlist_horizontal_white_740_335.xml','Horizontal Light','740','335','','/flash/kdp/v2.7.0/kdp.swf',now(),now(),null,1,'playlist',null,2,null,2,1,null,null),
(48307,1,0,0,'content/uiconf/kaltura/kmc/embedplayers/playlist_horizontal_dark_740_335.xml','Horizontal Dark','740','335','','/flash/kdp/v2.7.0/kdp.swf',now(),now(),null,1,'playlist',null,2,null,2,1,null,null),
(48506,1,0,0,'content/uiconf/kaltura/kmc/content/kdp_kmc_content_moderation.xml','KDP For KMC Moderation','0','0','','/flash/kdp3/v3.1.6/kdp3.swf',now(),now(),null,1,null,null,2,null,2,1,null,null),
(31008,8,0,0,'content/uiconf/kaltura/kmc/appstudio/kdp3/player_30_ui.xml','Player template kdp3 appstudio 2','400','360',null,'/flash/kdp3/v3.1.6/kdp3.swf',now(),now(),null,1,null,null,2,null,2,1,null,null),
(31009,8,0,0,'content/uiconf/kaltura/kmc/appstudio/kdp3/playlist_30_ui.xml','Playlist template appstudio 2','720','360',null,'/flash/kdp3/v3.1.6/kdp3.swf',now(),now(),null,1,null,null,2,null,2,1,null,null),
(48501,1,0,0,'content/uiconf/kaltura/kmc/content/kdp_kmc_content_light.xml','KDP3 light player','400','335','','/flash/kdp3/v3.3.9.2/kdp3.swf',now(),now(),null,1,'player',null,2,null,2,1,null,null),
(48502,1,0,0,'content/uiconf/kaltura/kmc/content/kdp_kmc_content_dark.xml','KDP3 dark player','400','335','','/flash/kdp3/v3.3.9.2/kdp3.swf',now(),now(),null,1,'player',null,2,null,2,1,null,null),
(1000005,1,99,9900,'content/templates/uiconf/kdp3/widescreenLightskin.xml','Widescreen player - light skin','400','285',null,'/flash/kdp3/v3.5.21/kdp3.swf',now(),now(),'',1,'kdp3,player','a:2:{s:8:"autoplay";s:5:"false";s:9:"automuted";s:5:"false";}',2,null,2,2,'1',null),
(1000006,1,99,9900,'content/templates/uiconf/kdp3/widescreenPlaylistDark.xml','Widescreen playlist player - dark skin, minimal','740','255',null,'/flash/kdp3/v3.5.21/kdp3.swf',now(),now(),'',1,'kdp3,playlist','a:2:{s:8:"autoplay";s:5:"false";s:9:"automuted";s:5:"false";}',2,null,2,2,'1',null),
(1000007,1,99,9900,'content/templates/uiconf/kdp3/playerNoShare.xml','Player with no share button','400','360',null,'/flash/kdp3/v3.5.21/kdp3.swf',now(),now(),'',1,'kdp3,player','a:2:{s:8:"autoplay";s:5:"false";s:9:"automuted";s:5:"false";}',2,null,2,2,'1',null),
(1000008,1,99,9900,'content/templates/uiconf/kdp3/WatermarkPlayer.xml','Player with custom watermark','400','330',null,'/flash/kdp3/v3.5.21/kdp3.swf',now(),now(),'',1,'kdp3,player','a:2:{s:8:"autoplay";s:5:"false";s:9:"automuted";s:5:"false";}',2,null,2,2,'1',null),
(1000009,1,99,9900,'content/templates/uiconf/kdp3/MultiPlaylists.xml','Multiple playlists - dark skin','740','330',null,'/flash/kdp3/v3.5.21/kdp3.swf',now(),now(),null,1,'kdp3,playlist','a:2:{s:8:"autoplay";s:5:"false";s:9:"automuted";s:5:"false";}',3,null,1,2,'1',null),
(1002217,2,0,0,'content/uiconf/special/1002217.xml','moodle KCW  vid only - Do not touch','640','480',null,'/flash/kcw/v2.1.2/ContributionWizard.swf',now(),now(),'',1,'',null,2,null,2,3,null,null),
(1002225,2,0,0,'content/uiconf/special/1002225.xml','KCW Light','','',null,'/flash/kcw/v2.1.2/ContributionWizard.swf',now(),now(),'',1,'',null,2,null,2,3,null,null),
(1002226,3,0,0,'content/uiconf/special/1002226.xml','KSE Light','','',null,'/flash/kse/v2.1.8/simpleeditor.swf',now(),now(),'',1,'',null,2,null,2,3,null,null),
(1003069,1,0,0,'content/uiconf/special/1003069.xml','moodle extension vidpres player','780','358',null,'/flash/kdp/dev/2tor_sync/carousel/kdp.swf',now(),now(),'',1,'',null,2,null,2,3,null,null),
(611,2,0,0,'content/uiconf/kaltura/drupal/cw_drupal_2.0_video_only.xml','CW Drupal 2.0 Video Only','','',null,'/flash/kcw/v2.0.7/ContributionWizard.swf',now(),now(),null,1,null,null,2,null,2,1,null,null),
(612,2,0,0,'content/uiconf/kaltura/drupal/cw_drupal_2.0_image_only.xml','CW Drupal 2.0 Image Only','','',null,'/flash/kcw/v2.0.7/ContributionWizard.swf',now(),now(),null,1,null,null,2,null,2,1,null,null),
(613,2,0,0,'content/uiconf/kaltura/drupal/cw_drupal_2.0_audio_only.xml','CW Drupal 2.0 Audio Only','','',null,'/flash/kcw/v2.0.7/ContributionWizard.swf',now(),now(),null,1,null,null,2,null,2,1,null,null),
(614,2,0,0,'content/uiconf/kaltura/drupal/cw_drupal_2.0_all.xml','CW Drupal 2.0 All','','',null,'/flash/kcw/v2.0.7/ContributionWizard.swf',now(),now(),null,1,null,null,2,null,2,1,null,null),
(1000865,4,0,0,'content/uiconf/kaltura/generic/kae_1.0.15/kae_generic_generic.xml','ae','750','640',null,'/flash/kae/v1.1.1/KalturaAdvancedVideoEditor.swf',now(),now(),'',1,'',null,2,null,2,3,null,null),
(1638692,2,0,0,'content/uiconf/special/1638692.xml','drupal cw webcam only','680','480',null,'/flash/kcw/v2.0.7/ContributionWizard.swf',now(),now(),'',1,'',null,2,null,2,3,null,null),
(1466342,8,0,0,'content/uiconf/special/1466342.xml','DO NOT DELETE- kdp3- moodle extension KDP','400','365',null,'/flash/kdp3/v3.3.9.2/kdp3.swf',now(),now(),'',0,'','a:2:{s:8:"autoplay";b:0;s:9:"automuted";b:0;}',2,null,2,2,null,null),
(1466432,8,0,0,'content/uiconf/special/1466432.xml','DO NOT DELETE - KDP Light -- moodle extension KDP3','400','365',null,'/flash/kdp3/v3.3.9.2/kdp3.swf',now(),now(),'',0,'','a:2:{s:8:"autoplay";b:0;s:9:"automuted";b:0;}',2,null,2,2,null,null),
(1466482,8,0,0,'content/uiconf/special/1466482.xml','DO NOT DELETE - Moodle - Dark with Remix kdp3','400','365',null,'/flash/kdp3/v3.3.9.2/kdp3.swf',now(),now(),'',0,'','a:2:{s:8:"autoplay";b:0;s:9:"automuted";b:0;}',2,null,2,2,null,null),
(1496582,8,0,0,'content/uiconf/special/1496582.xml','DO NOT DELETE - Moodle - Light with Remix kdp3','400','365',null,'/flash/kdp3/v3.3.9.2/kdp3.swf',now(),now(),'',0,'','a:2:{s:8:"autoplay";b:0;s:9:"automuted";b:0;}',2,null,2,2,null,null),
(1347302,8,0,0,'content/uiconf/special/1347302.xml','DO NOT DELETE - kdp for Joomla - NoEditNoShareLight','400','335',null,'/flash/kdp3/v3.3.9.2/kdp3.swf',now(),now(),'',1,'PlayJoomlaKDP3ER','a:2:{s:8:"autoplay";b:0;s:9:"automuted";b:0;}',2,null,2,2,null,null),
(1347352,8,0,0,'content/uiconf/special/1347352.xml','DO NOT DELETE - kdp for Joomla-NoEditNoShareDark','400','335',null,'/flash/kdp3/v3.3.9.2/kdp3.swf',now(),now(),'',1,'PlayJoomlaKDP3ER','a:2:{s:8:"autoplay";b:0;s:9:"automuted";b:0;}',2,null,2,2,null,null),
(1676202,8,0,0,'content/uiconf/special/1676202.xml','DO NOT DELETE - Joomla KDP-NoEditShareLight','400','335',null,'/flash/kdp3/v3.3.9.2/kdp3.swf',now(),now(),'',1,'','a:2:{s:8:"autoplay";b:0;s:9:"automuted";b:0;}',2,null,2,2,null,null),
(1347462,8,0,0,'content/uiconf/special/1347462.xml','DO NOT DELETE - kdp for Joomla-NoEditShareDark','400','335',null,'/flash/kdp3/v3.3.9.2/kdp3.swf',now(),now(),'',1,'PlayJoomlaKDP3ER',null,2,null,2,2,null,null),
(1433562,8,0,0,'content/uiconf/special/1433562.xml',' NOT DELETE - kdp for Joomla - NoShareLight','400','335',null,'/flash/kdp3/v3.3.9.2/kdp3.swf',now(),now(),'',1,'',null,2,null,2,2,null,null),
(1435082,8,0,0,'content/uiconf/special/1435082.xml','DO NOT DELETE - kdp for Joomla-NoShareDark','400','335',null,'/flash/kdp3/v3.3.9.2/kdp3.swf',now(),now(),'',1,'',null,2,null,2,2,null,null),
(1435152,8,0,0,'content/uiconf/special/1435152.xml','DO NOT DELETE - kdp for Joomla-ShareLight','400','335',null,'/flash/kdp3/v3.3.9.2/kdp3.swf',now(),now(),'',1,'',null,2,null,2,2,null,null),
(1435202,8,0,0,'content/uiconf/special/1435202.xml','DO NOT DELETE - kdp for Joomla-ShareDark','400','335',null,'/flash/kdp3/v3.3.9.2/kdp3.swf',now(),now(),'',1,'',null,2,null,2,2,null,null),
(1292302,8,0,0,'content/uiconf/special/1292302.xml','new drupal','400','330',null,'/flash/kdp3/v3.3.9.2/kdp3.swf',now(),now(),'',1,'',null,2,null,2,3,null,null),
(1013682,2,0,0,'content/uiconf/special/1013682.xml','Joomla- Video Only','','',null,'/flash/kcw/v2.1.2/ContributionWizard.swf',now(),now(),'',1,'',null,2,null,2,3,null,null),
(1013692,2,0,0,'content/uiconf/special/1013692.xml','Joomla-KCWFull','','',null,'/flash/kcw/v2.1.2/ContributionWizard.swf',now(),now(),'',1,'',null,2,null,2,3,null,null),
(1103,5,0,0,'content/uiconf/special/1103.xml','kupload 1.0.7','','',null,'/flash/kupload/v1.1.7/KUpload.swf',now(),now(),'',1,'','a:2:{s:8:"autoplay";b:0;s:9:"automuted";b:0;}',2,null,2,1,null,null),
(1002613,5,0,0,'content/uiconf/moodle/kuploader/kuploader_all.xml','moodle kuploader','','',null,'/flash/kupload/v1.1.23/KUpload.swf',now(),now(),'',1,'','a:2:{s:8:"autoplay";b:0;s:9:"automuted";b:0;}',2,null,2,3,null,null),
(1000973,2,0,0,'content/uiconf/kaltura/generic/kcw_1.6.5/dark/kcw_noclose.xml','Kaltrua kcw - default dark no close button','682','362',null,'/flash/kcw/v1.6.5.24461/ContributionWizard.swf',now(),now(),'',1,'',null,2,null,2,3,null,null),
(1727872,2,0,0,'content/uiconf/special/1727872.xml','CW Drupal 2.0 All for KAE and KSE','','',null,'/flash/kcw/v2.0.7/ContributionWizard.swf',now(),now(),'',1,'',null,2,null,2,3,null,null),
(533,1,0,0,'content/uiconf/kaltura/wordpress/kdp_2.0.12/kdp_wordpress_v2_thumbnail.xml','wordpress v2.3','410','364',null,'/flash/kdp/v2.0.12/kdp.swf',now(),now(),'disableUrlHashing=true',1,null,null,2,null,2,1,null,null),
(534,8,0,0,'content/uiconf/kaltura/wordpress/wordpress_2.5/kdp3_light.xml','WordPress v2.5 kdp3 light','400','330',null,'/flash/kdp3/v3.3.9.2/kdp3.swf',now(),now(),'',1,'',null,2,null,2,1,null,null),
(535,8,0,0,'content/uiconf/special/1466342.xml','WordPress v2.5 kdp3 dark','400','330',null,'/flash/kdp3/v3.3.9.2/kdp3.swf',now(),now(),'',1,'',null,2,null,2,3,null,null),
(540,3,0,0,'content/uiconf/kaltura/wordpress/wordpress_2.5/kse.xml','WordPress KSE (for v2.5)','','',null,'/flash/kse/v2.1.8/simpleeditor.swf',now(),now(),null,1,null,null,2,null,2,1,null,null),
(541,2,0,0,'content/uiconf/kaltura/wordpress/wordpress_2.5/kcw_for_kse.xml','WordPress KCW For SE (for v2.5)','','',null,'/flash/kcw/v2.0.7/ContributionWizard.swf',now(),now(),null,1,null,null,2,null,2,1,null,null),
(542,2,0,0,'content/uiconf/kaltura/wordpress/wordpress_2.5/kcw.xml','WordPress KCW (for v2.5)','','',null,'/flash/kcw/v2.0.7/ContributionWizard.swf',now(),now(),null,1,null,null,2,null,2,1,null,null),
(543,2,0,0,'content/uiconf/kaltura/wordpress/wordpress_2.5/kcw_admin.xml','WordPress KCW Admin (for v2.5)','','',null,'/flash/kcw/v2.0.7/ContributionWizard.swf',now(),now(),'',1,'',null,2,null,2,1,null,null),
(544,2,0,0,'content/uiconf/kaltura/wordpress/wordpress_2.5/kcw_comments.xml','WordPress KCW Comments (for v2.5)','','',null,'/flash/kcw/v2.0.7/ContributionWizard.swf',now(),now(),null,1,null,null,2,null,2,1,null,null),
(4396041,2,0,0,'content/uiconf/special/4396041.xml','drupal video only','','',null,'/flash/kcw/v2.1.6.7/ContributionWizard.swf',now(),now(),'',1,'',null,2,null,2,3,null,null),
(4396051,2,0,0,'content/uiconf/special/4396051.xml','drupal audio only','','',null,'/flash/kcw/v2.1.6.7/ContributionWizard.swf',now(),now(),'',1,'',null,2,null,2,3,null,null),
(4396061,2,0,0,'content/uiconf/special/4396061.xml','drupal photo only','','',null,'/flash/kcw/v2.1.6.7/ContributionWizard.swf',now(),now(),'',1,'',null,2,null,2,3,null,null),
(4396231,2,0,0,'content/uiconf/special/4396231.xml','drupal webcam only','','',null,'/flash/kcw/v2.1.6.7/ContributionWizard.swf',now(),now(),'',1,'',null,2,null,2,3,null,null),
(4396241,2,0,0,'content/uiconf/special/4396241.xml','drupal all media','','',null,'/flash/kcw/v2.1.6.7/ContributionWizard.swf',now(),now(),'',1,'',null,2,null,2,3,null,null),
(1426232,8,0,0,'content/uiconf/special/1426232.xml','Blackboard player - View Only','500','311',null,'/flash/kdp3/v3.3.9.2/kdp3.swf',now(),now(),'',1,'',null,2,null,2,2,null,null),
(1426242,8,0,0,'content/uiconf/special/1426242.xml','Blackboard player - View and edit','500','311',null,'/flash/kdp3/v3.3.9.2/kdp3.swf',now(),now(),'',1,'',null,2,null,2,2,null,null),
(1798342,3,0,0,'content/uiconf/special/1798342.xml','KSE uiconf for Blackboard','888','544',null,'/flash/kse/v2.1.8/simpleeditor.swf',now(),now(),'',1,'',null,2,null,2,3,null,null),
(4421301,2,0,0,'content/uiconf/special/4421301.xml','blackboard video only','','',null,'/flash/kcw/v2.1.6.7/ContributionWizard.swf',now(),now(),'',1,'',null,2,null,2,3,null,null),
(4421471,2,0,0,'content/uiconf/special/4421471.xml','blackboard all media','','',null,'/flash/kcw/v2.1.6.7/ContributionWizard.swf',now(),now(),'',1,'',null,2,null,2,3,null,null),
(1522202,8,0,0,'content/uiconf/special/1522202.xml','DO NOT DELETE - UVA - dark view only','400','330',null,'/flash/kdp3/v3.5.6/kdp3.swf',now(),now(),'',0,'',null,2,null,2,2,null,null),
(1522362,8,0,0,'content/uiconf/special/1522362.xml','DO NOT DELETE - UVA- dark view and capture','400','330',null,'/flash/kdp3/v3.5.6/kdp3.swf',now(),now(),'',0,'','a:2:{s:8:"autoplay";b:0;s:9:"automuted";b:0;}',2,null,2,2,null,null),
(2011401,2,0,0,'content/uiconf/special/2011401.xml','new KCW for UVA','','',null,'/flash/kcw/v2.1.6.3/ContributionWizard.swf',now(),now(),'',1,'',null,2,null,2,3,null,null),
(2158531,8,0,0,'content/uiconf/special/2158531.xml','Sakai_Default_AudioPlayer','400','100',null,'/flash/kdp3/v3.5.6/kdp3.swf',now(),now(),'',1,'kdp3,player',null,2,null,2,2,null,null),
(2162571,8,0,0,'content/uiconf/special/2162571.xml','Sakai_Default_ImagePlayer','400','300',null,'/flash/kdp3/v3.5.6/kdp3.swf',now(),now(),'',1,'kdp3,player',null,2,null,2,2,null,null),
(2733871,4,0,0,'content/uiconf/special/2733871.xml','KAE for UVA','','',null,'/flash/kae/v1.2.3/KalturaAdvancedVideoEditor.swf',now(),now(),'',1,'','a:2:{s:8:"autoplay";b:0;s:9:"automuted";b:0;}',2,null,2,3,null,null);

insert into `user_login_data`(`id`,`login_email`,`first_name`,`last_name`,`sha1_password`,`salt`,`config_partner_id`,`login_blocked_until`,`created_at`,`updated_at`,`custom_data`) values
(1,'@TEMPLATE_PARTNER_MAIL@','Template',null,'@TEMPLATE_ADMIN_KUSER_SHA1@','@TEMPLATE_ADMIN_KUSER_SALT@',99,null,now(),now(),'a:4:{s:14:"login_attempts";N;s:17:"password_hash_key";N;s:18:"previous_passwords";N;s:21:"last_login_partner_id";i:99;}'),
(2,'@BATCH_KUSER_MAIL@','batch','admin','@BATCH_KUSER_SHA1@','@BATCH_KUSER_SALT@',-1,null,now(),now(),'a:4:{s:14:"login_attempts";N;s:17:"password_hash_key";N;s:18:"previous_passwords";N;s:21:"last_login_partner_id";i:-1;}'),
(3,'@ADMIN_CONSOLE_KUSER_MAIL@','console','admin','@ADMIN_CONSOLE_KUSER_SHA1@','@ADMIN_CONSOLE_KUSER_SALT@',-2,null,now(),now(),'a:4:{s:14:"login_attempts";N;s:17:"password_hash_key";N;s:18:"previous_passwords";N;s:21:"last_login_partner_id";i:-2;}'),
(4,'@SYSTEM_USER_ADMIN_EMAIL@','admin','admin','@SYSTEM_USER_ADMIN_SHA1@','@SYSTEM_USER_ADMIN_SALT@',-2,null,now(),now(),'a:3:{s:14:"login_attempts";i:0;s:19:"password_updated_at";s:19:"2011-02-23 09:46:01";s:21:"last_login_partner_id";i:-2;}');


insert into `user_role`(`id`,`str_id`,`name`,`system_name`,`description`,`partner_id`,`status`,`permission_names`,`tags`,`created_at`,`updated_at`,`custom_data`) values
(1,'BASE_USER_SESSION_ROLE','Basic User Session Role','Basic User Session Role','Allowed actions for a basic user with no special permissions',0,1,'BASE_USER_SESSION_PERMISSION',null,now(), now(),null),
(2,'PARTNER_ADMIN_ROLE','Publisher Administrator','Publisher Administrator','Full control over publisher account and user management functionalities',0,1,'*','kmc,partner_admin',now(), now(),null),
(3,'','Manager','Manager','Full control over publisher account functionalities',99,1,'KMC_ACCESS,KMC_READ_ONLY,CONTENT_INGEST_UPLOAD,CONTENT_INGEST_BULK_UPLOAD,CONTENT_INGEST_FEED,CONTENT_MANAGE_DISTRIBUTION_BASE,CONTENT_MANAGE_DISTRIBUTION_WHERE,CONTENT_MANAGE_DISTRIBUTION_SEND,CONTENT_MANAGE_DISTRIBUTION_REMOVE,CONTENT_MANAGE_DISTRIBUTION_PROFILE_MODIFY,CONTENT_MANAGE_VIRUS_SCAN,CONTENT_MANAGE_MIX,CONTENT_MANAGE_BASE,CONTENT_MANAGE_METADATA,CONTENT_MANAGE_ASSIGN_CATEGORIES,CONTENT_MANAGE_THUMBNAIL,CONTENT_MANAGE_SCHEDULE,CONTENT_MANAGE_ACCESS_CONTROL,CONTENT_MANAGE_CUSTOM_DATA,CONTENT_MANAGE_DELETE,CONTENT_MANAGE_RECONVERT,CONTENT_MANAGE_EDIT_CATEGORIES,CONTENT_MANAGE_ANNOTATION,CONTENT_MANAGE_SHARE,CONTENT_MANAGE_DOWNLOAD,LIVE_STREAM_ADD,LIVE_STREAM_UPDATE,CONTENT_MODERATE_BASE,CONTENT_MODERATE_METADATA,CONTENT_MODERATE_CUSTOM_DATA,CONTENT_MODERATE_APPROVE_REJECT,PLAYLIST_BASE,PLAYLIST_ADD,PLAYLIST_UPDATE,PLAYLIST_DELETE,SYNDICATION_BASE,SYNDICATION_ADD,SYNDICATION_UPDATE,SYNDICATION_DELETE,STUDIO_BASE,STUDIO_ADD_UICONF,STUDIO_UPDATE_UICONF,STUDIO_DELETE_UICONF,ACCOUNT_BASE,INTEGRATION_BASE,ACCESS_CONTROL_BASE,ACCESS_CONTROL_ADD,ACCESS_CONTROL_UPDATE,ACCESS_CONTROL_DELETE,TRANSCODING_BASE,TRANSCODING_ADD,TRANSCODING_UPDATE,TRANSCODING_DELETE,CUSTOM_DATA_PROFILE_BASE,CUSTOM_DATA_PROFILE_ADD,CUSTOM_DATA_PROFILE_UPDATE,CUSTOM_DATA_PROFILE_DELETE,CUSTOM_DATA_FIELD_ADD,CUSTOM_DATA_FIELD_UPDATE,CUSTOM_DATA_FIELD_DELETE,ANALYTICS_BASE,WIDGET_ADMIN,SEARCH_SERVICE,ANALYTICS_SEND_DATA,AUDIT_TRAIL_BASE,AUDIT_TRAIL_ADD,ADVERTISING_BASE,ADVERTISING_UPDATE_SETTINGS,PLAYLIST_EMBED_CODE,STUDIO_BRAND_UICONF,STUDIO_SELECT_CONTENT,CONTENT_MANAGE_EMBED_CODE,PLAYLIST_EMBED_CODE','kmc',now(), now(),null),
(4,'','Content Uploader','Content Uploader','Access to content ingestion and management functionalities',99,1,'KMC_ACCESS,KMC_READ_ONLY,CONTENT_INGEST_UPLOAD,CONTENT_INGEST_BULK_UPLOAD,CONTENT_MANAGE_BASE','kmc',now(),now(),null),
(5,'','Content Moderator','Content Moderator','Access to publisher content moderation panel',99,1,'KMC_ACCESS,KMC_READ_ONLY,CONTENT_MODERATE_APPROVE_REJECT,CONTENT_MODERATE_BASE,CONTENT_MODERATE_METADATA,CONTENT_MODERATE_CUSTOM_DATA','kmc',now(),now(),null),
(6,'','Player Designer','Player Designer','Access to publisher studio',99,1,'KMC_ACCESS,KMC_READ_ONLY,STUDIO_BASE,STUDIO_ADD_UICONF,STUDIO_UPDATE_UICONF,STUDIO_DELETE_UICONF,STUDIO_BRAND_UICONF','kmc',now(), now(),null),
(7,'','System Administrator','System Administrator','Full permissions to all functionalities',-2,1,'*','admin_console',now(), now(),null),
(8,'','Support Manager','Support Manager','Support manager',-2,1,'SYSTEM_ADMIN_BASE,SYSTEM_ADMIN_PUBLISHER_BASE,SYSTEM_ADMIN_PUBLISHER_KMC_ACCESS,SYSTEM_ADMIN_PUBLISHER_CONFIG,SYSTEM_ADMIN_PUBLISHER_BLOCK,SYSTEM_ADMIN_PUBLISHER_ADD,SYSTEM_ADMIN_PUBLISHER_USAGE,SYSTEM_ADMIN_DEVELOPERS_TAB,SYSTEM_ADMIN_BATCH_CONTROL,SYSTEM_ADMIN_CONTENT_DISTRIBUTION_BASE,SYSTEM_ADMIN_CONTENT_DISTRIBUTION_MODIFY,SYSTEM_ADMIN_PUBLISHER_RESET_USER_PASSWORD,systemPartner.SYSTEM_ADMIN_PUBLISHER_CONFIG_ACCOUNT_INFO,systemPartner.SYSTEM_ADMIN_PUBLISHER_CONFIG_GROUP_OPTIONS,systemPartner.SYSTEM_ADMIN_PUBLISHER_CONFIG_TECH_DATA,systemPartner.SYSTEM_ADMIN_PUBLISHER_CONFIG_GENERAL_INFORMATION,SYSTEM_ADMIN_PARTNER_CONFIGURATION_VIEW,SYSTEM_ADMIN_WIDGET,systemPartner.SYSTEM_ADMIN_PUBLISHER_CONFIG_ADMIN_KMC_USERS,AUDIT_TRAIL_BASE','admin_console',now(),now(),null),
(9,'','Publisher Administrator','Publisher Administrator','Publishers Administrator',-2,1,'SYSTEM_ADMIN_BASE,SYSTEM_ADMIN_PUBLISHER_BASE,SYSTEM_ADMIN_PUBLISHER_KMC_ACCESS,SYSTEM_ADMIN_PUBLISHER_CONFIG,SYSTEM_ADMIN_PUBLISHER_BLOCK,SYSTEM_ADMIN_PUBLISHER_ADD,SYSTEM_ADMIN_PUBLISHER_USAGE,SYSTEM_ADMIN_DEVELOPERS_TAB,systemPartner.SYSTEM_ADMIN_PUBLISHER_CONFIG_TECH_DATA,systemPartner.SYSTEM_ADMIN_PUBLISHER_CONFIG_ACCOUNT_INFO,systemPartner.SYSTEM_ADMIN_PUBLISHER_CONFIG_GENERAL_INFORMATION,systemPartner.SYSTEM_ADMIN_PUBLISHER_CONFIG_GROUP_OPTIONS,SYSTEM_ADMIN_PARTNER_CONFIGURATION_VIEW,SYSTEM_ADMIN_WIDGET,systemPartner.SYSTEM_ADMIN_PUBLISHER_CONFIG_ADMIN_KMC_USERS,SYSTEM_ADMIN_PUBLISHER_RESET_USER_PASSWORD,AUDIT_TRAIL_BASE','admin_console',now(),now(),null),
(10,'','Guest','Guest','Guest',-2,1,'SYSTEM_ADMIN_BASE','admin_console',now(),now(),null),
(11,'BULK_LOG_VIEWER_ROLE','Bulk Log Viewer Role','Bulk Log Viewer Role','Bulk Log Viewer Role',0,1,'BULK_LOG_DOWNLOAD',NULL,now(),now(),NULL);


insert into `widget`(`id`,`int_id`,`source_widget_id`,`root_widget_id`,`partner_id`,`subp_id`,`kshow_id`,`entry_id`,`ui_conf_id`,`custom_data`,`security_type`,`security_policy`,`created_at`,`updated_at`,`partner_data`) values 
('_99',1,null,null,99,9900,null,null,200,null,null,null,now(),now(),null);