insert into `access_control`(`id`,`partner_id`,`name`,`system_name`,`description`,`created_at`,`updated_at`,`deleted_at`,`site_restrict_type`,`site_restrict_list`,`country_restrict_type`,`country_restrict_list`,`ks_restrict_privilege`,`prv_restrict_privilege`,`prv_restrict_length`,`kdir_restrict_type`,`custom_data`) values (1,99,'Default','','default access control profile',now(),now(),null,null,null,null,null,null,null,null,null,null);

insert into `conversion_profile_2`(`id`,`partner_id`,`name`,`created_at`,`updated_at`,`deleted_at`,`description`,`system_name`,`tags`,`status`,`default_entry_id`,`crop_left`,`crop_top`,`crop_width`,`crop_height`,`clip_start`,`clip_duration`,`input_tags_map`,`creation_mode`,`custom_data`) values (1,99,'Default',now(),now(),null,'The default set of flavors. If not specified otherwise all media uploaded will be converted based on the definition in this profile','Default','',2,null,-1,-1,-1,-1,-1,-1,'web',1,null);

insert into `entry`(`id`,`kshow_id`,`kuser_id`,`name`,`type`,`media_type`,`data`,`thumbnail`,`views`,`votes`,`comments`,`favorites`,`total_rank`,`rank`,`tags`,`anonymous`,`status`,`source`,`source_id`,`source_link`,`license_type`,`credit`,`length_in_msecs`,`created_at`,`updated_at`,`partner_id`,`display_in_search`,`subp_id`,`custom_data`,`search_text`,`screen_name`,`site_url`,`permissions`,`group_id`,`plays`,`partner_data`,`int_id`,`indexed_custom_data_1`,`description`,`media_date`,`admin_tags`,`moderation_status`,`moderation_count`,`modified_at`,`puser_id`,`access_control_id`,`conversion_profile_id`,`categories`,`categories_ids`,`search_text_discrete`,`flavor_params_ids`,`start_date`,`end_date`,`available_from`) values 
('_KMCLOGO','_KMCLOGO',1,'Kaltura Logo For KMC',1,1,'&kmc_logo.flv','100000.jpg',0,0,0,0,0,0,'logo, animated, demo',null,2,null,null,null,null,null,2700,now(),now(),0,2,0,null,null,null,null,1,null,0,null,1,null,'A black version of the Kaltura animated logo',null,null,2,0,null,null,null,null,null,null,null,null,null,null,now()),
('_KMCLOGO1','_KMCLOGO1',1,'Kaltura Logo For KMC (Black)',1,1,'&kaltura_logo_animated_black.flv','100000.jpg',0,0,0,0,0,0,'logo, animated, demo',null,2,null,null,null,null,null,2700,now(),now(),0,2,0,null,null,null,null,1,null,0,null,2,null,'A black version of the Kaltura animated logo',null,null,2,0,null,null,null,null,null,null,null,null,null,null,now()),
('_KMCLOGO2','_KMCLOGO2',1,'Kaltura Logo For KMC (Blue)',1,1,'&kaltura_logo_animated_blue.flv','100000.jpg',0,0,0,0,0,0,'logo, animated, demo',null,2,null,null,null,null,null,2700,now(),now(),0,2,0,null,null,null,null,1,null,0,null,3,null,'A blue version of the Kaltura animated logo',null,null,2,0,null,null,null,null,null,null,null,null,null,null,now()),
('_KMCLOGO3','_KMCLOGO3',1,'Kaltura Logo For KMC (Green)',1,1,'&kaltura_logo_animated_green.flv','100000.jpg',0,0,0,0,0,0,'logo, animated, demo',null,2,null,null,null,null,null,2700,now(),now(),0,2,0,null,null,null,null,1,null,0,null,4,null,'A green version of the Kaltura animated logo',null,null,2,0,null,null,null,null,null,null,null,null,null,null,now()),
('_KMCLOGO4','_KMCLOGO4',1,'Kaltura Logo For KMC (Pink)',1,1,'&kaltura_logo_animated_pink.flv','100000.jpg',0,0,0,0,0,0,'logo, animated, demo',null,2,null,null,null,null,null,2700,now(),now(),0,2,0,null,null,null,null,1,null,0,null,5,null,'A purple version of the Kaltura animated logo',null,null,2,0,null,null,null,null,null,null,null,null,null,null,now()),
('_KMCLOGO5','_KMCLOGO5',1,'Kaltura Logo For KMC (Red)',1,1,'&kaltura_logo_animated_red.flv','100000.jpg',0,0,0,0,0,0,'logo, animated, demo',null,2,null,null,null,null,null,2700,now(),now(),0,2,0,null,null,null,null,1,null,0,null,6,null,'A red version of the Kaltura animated logo',null,null,2,0,null,null,null,null,null,null,null,null,null,null,now()),
('_KMCSPL1',null,1,'PlaylistDemo1',5,3,'100000.txt',null,0,0,0,0,0,0,'demo 1 for app studio',null,2,null,null,null,-1,null,0,now(),now(),0,2,0,null,null,null,null,1,null,0,null,7,null,null,null,null,2,0,now(),null,null,null,null,null,null,null,null,null,now()),
('_KMCSPL2',null,1,'PlaylistDemo2',5,3,'100000.txt',null,0,0,0,0,0,0,'demo 2 for app studio',null,2,null,null,null,-1,null,0,now(),now(),0,2,0,null,null,null,null,1,null,0,null,8,null,null,null,null,2,0,now(),null,null,null,null,null,null,null,null,null,now()),
('_TPNWQV400','a2w4knohjw',99,'Normal web quality video (400kbps)',1,1,'100000.flv','100000.jpg',9,0,0,0,0,0,'fish',null,2,5,null,null,-1,null,29780,now(),now(),99,2,9900,'a:5:{s:18:"conversion_quality";s:6:"101446";s:7:"puserId";N;s:6:"height";s:3:"480";s:5:"width";s:3:"640";s:12:"storage_size";i:1867662;}','_KAL_NET_ _99_ _MEDIA_TYPE_1|  Normal web quality video (400kbps) fish fish',null,null,1,null,3,null,4267710,null,'',null,'fish',6,0,now(),'1',1,null,'fish','4','_CAT_4 _DURATION_short _FLAVOR_',null,null,null,now()),
('_TPEWQ1200','p5okv2jqyu',99,'Excellent web quality video (1200kbps)',1,1,'100000.flv','100000.jpg',4,0,0,0,0,0,'fish',null,2,5,null,null,-1,null,29780,now(),now(),99,2,9900,'a:5:{s:18:"conversion_quality";s:6:"101447";s:7:"puserId";N;s:6:"height";s:3:"480";s:5:"width";s:3:"640";s:12:"storage_size";i:4825651;}','_KAL_NET_ _99_ _MEDIA_TYPE_1|  Excellent web quality video (1200kbps) fish fish',null,null,1,null,4,null,4267712,null,'',null,'fish',6,0,now(),'1',1,null,'fish','4','_CAT_4 _DURATION_short _FLAVOR_',null,null,null,now()),
('_TPSKL_PIC','t60g67o1g8',99,'Sample Kaltura Logo',1,2,'100000.png','100000.jpg',1,0,0,0,0,0,'logo, kaltura, image',null,2,1,null,null,null,null,0,now(),now(),99,2,9900,'a:5:{s:18:"conversion_quality";s:6:"101444";s:7:"puserId";N;s:6:"height";i:260;s:5:"width";i:350;s:12:"storage_size";i:21236;}','_KAL_NET_ _99_ _MEDIA_TYPE_2|  Sample Kaltura Logo logo, kaltura, image Kaltura logo image',null,null,1,null,1,'conversionQuality:101444;',4267713,null,'Kaltura logo',null,'image',2,0,now(),'1',1,null,'image','3','_CAT_3 _DURATION_short _FLAVOR_',null,null,null,now()),
('_TPSKALVID','hmuuutws7k',99,'Sample Kaltura Animated Logo',1,1,'100000.flv','100000.jpg',2,0,0,0,0,0,'kaltura, logo, anmated, video',null,2,1,null,null,null,null,5068,now(),now(),99,2,9900,'a:5:{s:18:"conversion_quality";s:6:"101445";s:7:"puserId";N;s:6:"height";s:3:"300";s:5:"width";s:3:"400";s:12:"storage_size";i:335684;}','_KAL_NET_ _99_ _MEDIA_TYPE_1|  Sample Kaltura Animated Logo kaltura, logo, anmated, video Kaltura animated logo video',null,null,1,null,2,'conversionQuality:101445;',4267715,null,'Kaltura animated logo',null,'video',6,0,now(),'1',1,null,'video','2','_CAT_2 _DURATION_short _FLAVOR_',null,null,null,now()),
('_TPSBBBTHD','corx3i318g',99,'Sample Big Buck Bunny Trailer (HD)',1,1,'100000.flv','100000.jpg',3,0,0,0,0,0,'hd content, video, bunny',null,2,5,null,'http://mirror.cs.umn.edu/blender.org/peach/trailer/trailer_720p.mov',-1,null,33023,now(),now(),99,2,9900,'a:5:{s:18:"conversion_quality";s:1:"4";s:7:"puserId";N;s:6:"height";s:3:"720";s:5:"width";s:4:"1280";s:12:"storage_size";i:11582028;}','_KAL_NET_ _99_ _MEDIA_TYPE_1|  Sample Big Buck Bunny Trailer (HD) hd content, video, bunny Big buck bunny trailer in HD hd content,video',null,null,1,null,3,null,4267716,null,'Big buck bunny trailer in HD',null,'hd content,video',6,0,now(),'1',1,null,'hd content,video','1,2','_CAT_1 _CAT_2 _DURATION_short _FLAVOR_',null,null,null,now()),
('_TPRSVLIST','-1',99,'Recent Sea Videos',5,10,'100000.xml',null,0,0,0,0,0,0,'',null,2,null,null,null,null,null,0,now(),now(),99,2,9900,'a:1:{s:7:"puserId";N;}',null,null,null,1,null,0,null,4267718,null,'',null,'',2,0,now(),'1',1,null,'','','_DURATION_short _FLAVOR_',null,null,null,now()),
('_TPMYIMGPL','-1',99,'My images',5,10,'100000.xml',null,0,0,0,0,0,0,'',null,2,null,null,null,null,null,0,now(),now(),99,2,9900,'a:1:{s:7:"puserId";N;}',null,null,null,1,null,0,null,4267720,null,'All my images 2',null,'',2,0,now(),'1',1,null,'','','_DURATION_short _FLAVOR_',null,null,null,now()),
('_TPMRVLIST','-1',99,'Most recent videos',5,10,'100000.xml',null,0,0,0,0,0,0,'',null,2,null,null,null,null,null,0,now(),now(),99,2,9900,'a:1:{s:7:"puserId";N;}',null,null,null,1,null,0,null,4267721,null,'10 most  recent videos',null,'',2,0,now(),'1',1,null,'','','_DURATION_short _FLAVOR_',null,null,null,now()),
('_TPMPVLIST','-1',99,'Most popular videos',5,10,'100000.xml',null,0,0,0,0,0,0,'',null,2,null,null,null,null,null,0,now(),now(),99,2,9900,'a:1:{s:7:"puserId";N;}',null,null,null,1,null,0,null,4267723,null,'Most Popular videos (top 30)',null,'',2,0,now(),'1',1,null,'','','_DURATION_short _FLAVOR_',null,null,null,now());

insert into `file_sync`(`id`,`partner_id`,`object_type`,`object_id`,`version`,`object_sub_type`,`dc`,`original`,`created_at`,`updated_at`,`ready_at`,`sync_time`,`status`,`file_type`,`linked_id`,`link_count`,`file_root`,`file_path`,`file_size`) values 
(1,0,4,'_KMCLOGO','1',1,0,1,now(),now(),now(),null,2,null,null,null,'@WEB_DIR@/','/content/templates/entry/data/kmc_logo.flv',277975),
(2,0,4,'_KMCLOGO2','1',1,0,1,now(),now(),now(),null,2,null,null,null,'@WEB_DIR@/','/content/templates/entry/data/kaltura_logo_animated_blue.flv',2743980),
(3,0,4,'_KMCLOGO3','1',1,0,1,now(),now(),now(),null,2,null,null,null,'@WEB_DIR@/','/content/templates/entry/data/kaltura_logo_animated_green.flv',2615388),
(4,0,4,'_KMCLOGO4','1',1,0,1,now(),now(),now(),null,2,null,null,null,'@WEB_DIR@/','/content/templates/entry/data/kaltura_logo_animated_pink.flv',2490304),
(5,0,4,'_KMCLOGO5','1',1,0,1,now(),now(),now(),null,2,null,null,null,'@WEB_DIR@/','/content/templates/entry/data/kaltura_logo_animated_red.flv',2966138),
(6,0,4,'_KMCLOGO1','1',1,0,1,now(),now(),now(),null,2,null,null,null,'@WEB_DIR@/','/content/templates/entry/data/kaltura_logo_animated_black.flv',2898373),
(7,0,1,'_KMCLOGO','100000',3,0,1,now(),now(),now(),null,2,null,null,null,'@WEB_DIR@/','/content/templates/entry/thumbnail/kmc_logo.jpg',36676),
(8,0,1,'_KMCLOGO2','100000',3,0,1,now(),now(),now(),null,2,null,null,null,'@WEB_DIR@/','/content/templates/entry/thumbnail/kaltura_logo_animated_blue.jpg',18463),
(9,0,1,'_KMCLOGO3','100000',3,0,1,now(),now(),now(),null,2,null,null,null,'@WEB_DIR@/','/content/templates/entry/thumbnail/kaltura_logo_animated_green.jpg',17572),
(10,0,1,'_KMCLOGO4','100000',3,0,1,now(),now(),now(),null,2,null,null,null,'@WEB_DIR@/','/content/templates/entry/thumbnail/kaltura_logo_animated_pink.jpg',16985),
(11,0,1,'_KMCLOGO5','100000',3,0,1,now(),now(),now(),null,2,null,null,null,'@WEB_DIR@/','/content/templates/entry/thumbnail/kaltura_logo_animated_red.jpg',19930),
(12,0,1,'_KMCLOGO1','100000',3,0,1,now(),now(),now(),null,2,null,null,null,'@WEB_DIR@/','/content/templates/entry/thumbnail/kaltura_logo_animated_black.jpg',19521),
(13,0,1,'_KMCSPL1','100000',1,0,1,now(),now(),now(),null,2,1,null,null,'@WEB_DIR@/','/content/templates/entry/data/kmc_template_playlist1.txt',49),
(14,0,1,'_KMCSPL1','100000',1,1,0,now(),now(),null,null,1,null,null,null,null,null,null),
(15,0,1,'_KMCSPL2','100000',1,0,1,now(),now(),now(),null,2,1,null,null,'@WEB_DIR@/','/content/templates/entry/data/kmc_template_playlist2.txt',49),
(16,0,1,'_KMCSPL2','100000',1,1,0,now(),now(),null,null,1,null,null,null,null,null,null),
(63,99,4,'FA_SBBBTHD','100000',1,0,1,now(),now(),now(),null,2,1,null,497,'@WEB_DIR@/','content/templates/entry/data/SampleBigBuckBunnyTrailer.flv',11582028),
(64,99,4,'FA_NWQV400','100000',1,0,1,now(),now(),now(),null,2,1,null,502,'@WEB_DIR@/','content/templates/entry/data/NormalWebQualityVideo.flv',1867662),
(65,99,4,'FA_EWQ1200','100000',1,0,1,now(),now(),now(),null,2,1,null,500,'@WEB_DIR@/','content/templates/entry/data/ExcellentWebQualityVideo.flv',4825651),
(66,99,4,'FA_SKALVID','100000',1,0,1,now(),now(),now(),null,2,1,null,501,'@WEB_DIR@/','content/templates/entry/data/SampleKalturaAnimatedLogo.flv',335684),
(67,99,1,'_TPMRVLIST','100000',1,0,1,now(),now(),now(),null,2,1,null,498,'@WEB_DIR@/','content/templates/entry/data/MostRecentVideos.xml',276),
(68,99,1,'_TPSKL_PIC','100000',1,0,1,now(),now(),now(),null,2,1,null,500,'@WEB_DIR@/','content/templates/entry/data/SampleKalturaLogo.png',10618),
(69,99,1,'_TPMPVLIST','100000',1,0,1,now(),now(),now(),null,2,1,null,499,'@WEB_DIR@/','content/templates/entry/data/MostPopularVideos.xml',271),
(70,99,1,'_TPMYIMGPL','100000',1,0,1,now(),now(),now(),null,2,1,null,499,'@WEB_DIR@/','content/templates/entry/data/MyImages.xml',286),
(71,99,1,'_TPSBBBTHD','100000',3,0,1,now(),now(),now(),null,2,1,null,499,'@WEB_DIR@/','content/templates/entry/thumbnail/SampleBigBuckBunnyThumb.jpg',270089),
(72,99,1,'_TPEWQ1200','100000',3,0,1,now(),now(),now(),null,2,1,null,504,'@WEB_DIR@/','content/templates/entry/thumbnail/ExcellentWebQualityVideoThumb.jpg',45457),
(73,99,1,'_TPSKALVID','100000',3,0,1,now(),now(),now(),null,2,1,null,500,'@WEB_DIR@/','content/templates/entry/thumbnail/SampleKalturaAnimatedLogoThumb.jpg',13617),
(74,99,1,'_TPSKL_PIC','100000',3,0,1,now(),now(),now(),null,2,1,null,null,'@WEB_DIR@/','content/templates/entry/thumbnail/SampleKalturaLogoThumb.jpg',1667),
(75,99,1,'_TPNWQV400','100000',3,0,1,now(),now(),now(),null,2,1,null,511,'@WEB_DIR@/','content/templates/entry/thumbnail/NormalWebQualityVideoThumb.jpg',42262),
(76,99,1,'_TPRSVLIST','100000',1,0,1,now(),now(),now(),null,2,1,null,498,'@WEB_DIR@/','content/templates/entry/data/RecentSeaVideos.xml',280);

insert into `flavor_asset`(`id`,`int_id`,`partner_id`,`tags`,`created_at`,`updated_at`,`deleted_at`,`entry_id`,`flavor_params_id`,`status`,`version`,`description`,`width`,`height`,`bitrate`,`frame_rate`,`size`,`is_original`,`file_ext`,`container_format`,`video_codec_id`,`type`,`custom_data`,`partner_data`) values 
('_KMCLOGO',1,0,'web,mbr',now(),now(),null,'_KMCLOGO',0,2,'1','',0,0,0,0,0,0,null,null,null,1,'a:3:{s:13:"FlavorBitrate";i:0;s:15:"FlavorFrameRate";d:0;s:18:"FlavorVideoCodecId";N;}',null),
('_KMCLOGO1',2,0,'web,mbr',now(),now(),null,'_KMCLOGO1',0,2,'1','',0,0,0,0,0,0,null,null,null,1,'a:3:{s:13:"FlavorBitrate";i:0;s:15:"FlavorFrameRate";d:0;s:18:"FlavorVideoCodecId";N;}',null),
('_KMCLOGO2',3,0,'web,mbr',now(),now(),null,'_KMCLOGO2',0,2,'1','',0,0,0,0,0,0,null,null,null,1,'a:3:{s:13:"FlavorBitrate";i:0;s:15:"FlavorFrameRate";d:0;s:18:"FlavorVideoCodecId";N;}',null),
('_KMCLOGO3',4,0,'web,mbr',now(),now(),null,'_KMCLOGO3',0,2,'1','',0,0,0,0,0,0,null,null,null,1,'a:3:{s:13:"FlavorBitrate";i:0;s:15:"FlavorFrameRate";d:0;s:18:"FlavorVideoCodecId";N;}',null),
('_KMCLOGO4',5,0,'web,mbr',now(),now(),null,'_KMCLOGO4',0,2,'1','',0,0,0,0,0,0,null,null,null,1,'a:3:{s:13:"FlavorBitrate";i:0;s:15:"FlavorFrameRate";d:0;s:18:"FlavorVideoCodecId";N;}',null),
('_KMCLOGO5',6,0,'web,mbr',now(),now(),null,'_KMCLOGO5',0,2,'1','',0,0,0,0,0,0,null,null,null,1,'a:3:{s:13:"FlavorBitrate";i:0;s:15:"FlavorFrameRate";d:0;s:18:"FlavorVideoCodecId";N;}',null),
('FA_SBBBTHD',7,99,'mbr,web',now(),now(),null,'_TPSBBBTHD',0,2,'100000','',1280,720,2721,25,11264,0,'flv','flash video','vp6',1,'a:3:{s:13:"FlavorBitrate";i:2721;s:15:"FlavorFrameRate";d:25;s:18:"FlavorVideoCodecId";s:3:"vp6";}',null),
('FA_EWQ1200',8,99,'mbr,web',now(),now(),null,'_TPEWQ1200',0,2,'100000','',640,480,1172,25,4710,0,'flv','flash video','h.263',1,'a:3:{s:13:"FlavorBitrate";i:1172;s:15:"FlavorFrameRate";d:25;s:18:"FlavorVideoCodecId";s:5:"h.263";}',null),
('FA_SKALVID',9,99,'mbr,web',now(),now(),null,'_TPSKALVID',0,2,'100000','',400,300,391,25,328,0,'flv','flash video','h.263',1,'a:3:{s:13:"FlavorBitrate";i:391;s:15:"FlavorFrameRate";d:25;s:18:"FlavorVideoCodecId";s:5:"h.263";}',null),
('FA_NWQV400',10,99,'mbr,web',now(),now(),null,'_TPNWQV400',0,2,'100000','',640,480,391,25,1822,0,'flv','flash video','h.263',1,'a:3:{s:13:"FlavorBitrate";i:391;s:15:"FlavorFrameRate";d:25;s:18:"FlavorVideoCodecId";s:5:"h.263";}',null);


insert into `flavor_params_conversion_profile`(`conversion_profile_id`,`flavor_params_id`,`system_name`,`origin`,`ready_behavior`,`force_none_complied`,`created_at`,`updated_at`,`id`) values 
(1,0,'Source',1,0,null,now(),now(),1),
(1,5,'',0,2,null,now(),now(),2),
(1,7,'',0,2,null,now(),now(),3),
(1,9,'',0,2,null,now(),now(),4),
(1,10,'',0,2,null,now(),now(),5),
(1,11,'',0,2,null,now(),now(),6),
(1,12,'',0,2,null,now(),now(),7),
(1,19,'',0,0,null,now(),now(),8);

insert into `ui_conf`(`id`,`obj_type`,`partner_id`,`subp_id`,`conf_file_path`,`name`,`width`,`height`,`html_params`,`swf_url`,`created_at`,`updated_at`,`conf_vars`,`use_cdn`,`tags`,`custom_data`,`status`,`description`,`display_in_search`,`creation_mode`,`version`,`html5_url`) values 
(1000005,1,99,9900,'content/templates/uiconf/kdp3/widescreenLightskin.xml','Widescreen player - light skin','400','285',null,'/flash/kdp3/v3.5.21/kdp3.swf',now(),now(),'',1,'kdp3,player','a:2:{s:8:"autoplay";s:5:"false";s:9:"automuted";s:5:"false";}',2,null,2,2,'1',null),
(1000006,1,99,9900,'content/templates/uiconf/kdp3/widescreenPlaylistDark.xml','Widescreen playlist player - dark skin, minimal','740','255',null,'/flash/kdp3/v3.5.21/kdp3.swf',now(),now(),'',1,'kdp3,playlist','a:2:{s:8:"autoplay";s:5:"false";s:9:"automuted";s:5:"false";}',2,null,2,2,'1',null),
(1000007,1,99,9900,'content/templates/uiconf/kdp3/playerNoShare.xml','Player with no share button','400','360',null,'/flash/kdp3/v3.5.21/kdp3.swf',now(),now(),'',1,'kdp3,player','a:2:{s:8:"autoplay";s:5:"false";s:9:"automuted";s:5:"false";}',2,null,2,2,'1',null),
(1000008,1,99,9900,'content/templates/uiconf/kdp3/WatermarkPlayer.xml','Player with custom watermark','400','330',null,'/flash/kdp3/v3.5.21/kdp3.swf',now(),now(),'',1,'kdp3,player','a:2:{s:8:"autoplay";s:5:"false";s:9:"automuted";s:5:"false";}',2,null,2,2,'1',null),
(1000009,1,99,9900,'content/templates/uiconf/kdp3/MultiPlaylists.xml','Multiple playlists - dark skin','740','330',null,'/flash/kdp3/v3.5.21/kdp3.swf',now(),now(),null,1,'kdp3,playlist','a:2:{s:8:"autoplay";s:5:"false";s:9:"automuted";s:5:"false";}',3,null,1,2,'1',null);

insert into `user_role`(`id`,`str_id`,`name`,`system_name`,`description`,`partner_id`,`status`,`permission_names`,`tags`,`created_at`,`updated_at`,`custom_data`) values
(1,'BASE_USER_SESSION_ROLE','Basic User Session Role','Basic User Session Role','Allowed actions for a basic user with no special permissions',0,1,'BASE_USER_SESSION_PERMISSION',null,now(), now(),null),
(2,'PARTNER_ADMIN_ROLE','Publisher Administrator','Publisher Administrator','Full control over publisher account and user management functionalities',0,1,'*','kmc,partner_admin',now(), now(),null),
(3,'','Manager','Manager','Full control over publisher account functionalities',99,1,'KMC_ACCESS,KMC_READ_ONLY,CONTENT_INGEST_UPLOAD,CONTENT_INGEST_BULK_UPLOAD,CONTENT_INGEST_FEED,CONTENT_MANAGE_DISTRIBUTION_BASE,CONTENT_MANAGE_DISTRIBUTION_WHERE,CONTENT_MANAGE_DISTRIBUTION_SEND,CONTENT_MANAGE_DISTRIBUTION_REMOVE,CONTENT_MANAGE_DISTRIBUTION_PROFILE_MODIFY,CONTENT_MANAGE_VIRUS_SCAN,CONTENT_MANAGE_MIX,CONTENT_MANAGE_BASE,CONTENT_MANAGE_METADATA,CONTENT_MANAGE_ASSIGN_CATEGORIES,CONTENT_MANAGE_THUMBNAIL,CONTENT_MANAGE_SCHEDULE,CONTENT_MANAGE_ACCESS_CONTROL,CONTENT_MANAGE_CUSTOM_DATA,CONTENT_MANAGE_DELETE,CONTENT_MANAGE_RECONVERT,CONTENT_MANAGE_EDIT_CATEGORIES,CONTENT_MANAGE_ANNOTATION,CONTENT_MANAGE_SHARE,CONTENT_MANAGE_DOWNLOAD,LIVE_STREAM_ADD,LIVE_STREAM_UPDATE,CONTENT_MODERATE_BASE,CONTENT_MODERATE_METADATA,CONTENT_MODERATE_CUSTOM_DATA,CONTENT_MODERATE_APPROVE_REJECT,PLAYLIST_BASE,PLAYLIST_ADD,PLAYLIST_UPDATE,PLAYLIST_DELETE,SYNDICATION_BASE,SYNDICATION_ADD,SYNDICATION_UPDATE,SYNDICATION_DELETE,STUDIO_BASE,STUDIO_ADD_UICONF,STUDIO_UPDATE_UICONF,STUDIO_DELETE_UICONF,ACCOUNT_BASE,INTEGRATION_BASE,ACCESS_CONTROL_BASE,ACCESS_CONTROL_ADD,ACCESS_CONTROL_UPDATE,ACCESS_CONTROL_DELETE,TRANSCODING_BASE,TRANSCODING_ADD,TRANSCODING_UPDATE,TRANSCODING_DELETE,CUSTOM_DATA_PROFILE_BASE,CUSTOM_DATA_PROFILE_ADD,CUSTOM_DATA_PROFILE_UPDATE,CUSTOM_DATA_PROFILE_DELETE,CUSTOM_DATA_FIELD_ADD,CUSTOM_DATA_FIELD_UPDATE,CUSTOM_DATA_FIELD_DELETE,ANALYTICS_BASE,WIDGET_ADMIN,SEARCH_SERVICE,ANALYTICS_SEND_DATA,AUDIT_TRAIL_BASE,AUDIT_TRAIL_ADD,ADVERTISING_BASE,ADVERTISING_UPDATE_SETTINGS,PLAYLIST_EMBED_CODE,STUDIO_BRAND_UICONF,STUDIO_SELECT_CONTENT,CONTENT_MANAGE_EMBED_CODE,PLAYLIST_EMBED_CODE','kmc',now(), now(),null),
(4,'','Content Uploader','Content Uploader','Access to content ingestion and management functionalities',99,1,'KMC_ACCESS,KMC_READ_ONLY,CONTENT_INGEST_UPLOAD,CONTENT_INGEST_BULK_UPLOAD,CONTENT_MANAGE_BASE','kmc',now(),now(),null),
(5,'','Content Moderator','Content Moderator','Access to publisher content moderation panel',99,1,'KMC_ACCESS,KMC_READ_ONLY,CONTENT_MODERATE_APPROVE_REJECT,CONTENT_MODERATE_BASE,CONTENT_MODERATE_METADATA,CONTENT_MODERATE_CUSTOM_DATA','kmc',now(),now(),null),
(6,'','Player Designer','Player Designer','Access to publisher studio',99,1,'KMC_ACCESS,KMC_READ_ONLY,STUDIO_BASE,STUDIO_ADD_UICONF,STUDIO_UPDATE_UICONF,STUDIO_DELETE_UICONF,STUDIO_BRAND_UICONF','kmc',now(), now(),null),
(7,'','System Administrator','System Administrator','Full permissions to all functionalities',-2,1,'*','admin_console',now(), now(),null),
(8,'','Support Manager','Support Manager','Support manager',-2,1,'SYSTEM_ADMIN_BASE,SYSTEM_ADMIN_PUBLISHER_BASE,SYSTEM_ADMIN_PUBLISHER_KMC_ACCESS,SYSTEM_ADMIN_PUBLISHER_CONFIG,SYSTEM_ADMIN_PUBLISHER_BLOCK,SYSTEM_ADMIN_PUBLISHER_ADD,SYSTEM_ADMIN_PUBLISHER_USAGE,SYSTEM_ADMIN_DEVELOPERS_TAB,SYSTEM_ADMIN_BATCH_CONTROL,SYSTEM_ADMIN_CONTENT_DISTRIBUTION_BASE,SYSTEM_ADMIN_CONTENT_DISTRIBUTION_MODIFY,SYSTEM_ADMIN_PUBLISHER_RESET_USER_PASSWORD,systemPartner.SYSTEM_ADMIN_PUBLISHER_CONFIG_ACCOUNT_INFO,systemPartner.SYSTEM_ADMIN_PUBLISHER_CONFIG_GROUP_OPTIONS,systemPartner.SYSTEM_ADMIN_PUBLISHER_CONFIG_TECH_DATA,systemPartner.SYSTEM_ADMIN_PUBLISHER_CONFIG_GENERAL_INFORMATION,SYSTEM_ADMIN_PARTNER_CONFIGURATION_VIEW,SYSTEM_ADMIN_WIDGET,systemPartner.SYSTEM_ADMIN_PUBLISHER_CONFIG_ADMIN_KMC_USERS,AUDIT_TRAIL_BASE','admin_console',now(),now(),null),
(9,'','Publisher Administrator','Publisher Administrator','Publishers Administrator',-2,1,'SYSTEM_ADMIN_BASE,SYSTEM_ADMIN_PUBLISHER_BASE,SYSTEM_ADMIN_PUBLISHER_KMC_ACCESS,SYSTEM_ADMIN_PUBLISHER_CONFIG,SYSTEM_ADMIN_PUBLISHER_BLOCK,SYSTEM_ADMIN_PUBLISHER_ADD,SYSTEM_ADMIN_PUBLISHER_USAGE,SYSTEM_ADMIN_DEVELOPERS_TAB,systemPartner.SYSTEM_ADMIN_PUBLISHER_CONFIG_TECH_DATA,systemPartner.SYSTEM_ADMIN_PUBLISHER_CONFIG_ACCOUNT_INFO,systemPartner.SYSTEM_ADMIN_PUBLISHER_CONFIG_GENERAL_INFORMATION,systemPartner.SYSTEM_ADMIN_PUBLISHER_CONFIG_GROUP_OPTIONS,SYSTEM_ADMIN_PARTNER_CONFIGURATION_VIEW,SYSTEM_ADMIN_WIDGET,systemPartner.SYSTEM_ADMIN_PUBLISHER_CONFIG_ADMIN_KMC_USERS,SYSTEM_ADMIN_PUBLISHER_RESET_USER_PASSWORD,AUDIT_TRAIL_BASE','admin_console',now(),now(),null),
(10,'','Guest','Guest','Guest',-2,1,'SYSTEM_ADMIN_BASE','admin_console',now(),now(),null),
(11,'BULK_LOG_VIEWER','Bulk Log Viewer Role','BULK_LOG_VIEWER','Bulk Log Viewer Role',0,1,'BULK_LOG_DOWNLOAD_EMAIL',NULL,now(),now(),NULL);

insert into `widget`(`id`,`int_id`,`source_widget_id`,`root_widget_id`,`partner_id`,`subp_id`,`kshow_id`,`entry_id`,`ui_conf_id`,`custom_data`,`security_type`,`security_policy`,`created_at`,`updated_at`,`partner_data`) values 
('_99',1,null,null,99,9900,null,null,200,null,null,null,now(),now(),null);
