insert into `access_control`(`id`,`partner_id`,`name`,`system_name`,`description`,`created_at`,`updated_at`,`deleted_at`,`site_restrict_type`,`site_restrict_list`,`country_restrict_type`,`country_restrict_list`,`ks_restrict_privilege`,`prv_restrict_privilege`,`prv_restrict_length`,`kdir_restrict_type`,`custom_data`) values (1,99,'Default','','default access control profile','2011-02-22 16:38:16','2011-02-22 16:38:16',null,null,null,null,null,null,null,null,null,null);

insert into `conversion_profile_2`(`id`,`partner_id`,`name`,`created_at`,`updated_at`,`deleted_at`,`description`,`system_name`,`tags`,`status`,`default_entry_id`,`crop_left`,`crop_top`,`crop_width`,`crop_height`,`clip_start`,`clip_duration`,`input_tags_map`,`creation_mode`,`custom_data`) values (1,99,'Default','2011-02-22 16:38:16','2011-02-22 16:38:16',null,'The default set of flavors. If not specified otherwise all media uploaded will be converted based on the definition in this profile','','',2,null,-1,-1,-1,-1,-1,-1,'web',1,null);

insert into `entry`(`id`,`kshow_id`,`kuser_id`,`name`,`type`,`media_type`,`data`,`thumbnail`,`views`,`votes`,`comments`,`favorites`,`total_rank`,`rank`,`tags`,`anonymous`,`status`,`source`,`source_id`,`source_link`,`license_type`,`credit`,`length_in_msecs`,`created_at`,`updated_at`,`partner_id`,`display_in_search`,`subp_id`,`custom_data`,`search_text`,`screen_name`,`site_url`,`permissions`,`group_id`,`plays`,`partner_data`,`int_id`,`indexed_custom_data_1`,`description`,`media_date`,`admin_tags`,`moderation_status`,`moderation_count`,`modified_at`,`puser_id`,`access_control_id`,`conversion_profile_id`,`categories`,`categories_ids`,`search_text_discrete`,`flavor_params_ids`,`start_date`,`end_date`,`available_from`) values 
('_KMCLOGO','_KMCLOGO',1,'Kaltura Logo For KMC',1,1,'&kmc_logo.flv','100000.jpg',0,0,0,0,0,0,'logo, animated, demo',null,2,null,null,null,null,null,2700,'2011-02-22 16:27:20','2011-02-22 16:27:20',0,2,0,null,null,null,null,1,null,0,null,1,null,'A black version of the Kaltura animated logo',null,null,2,0,null,null,null,null,null,null,null,null,null,null,'2011-02-22 16:27:20'),
('_KMCLOGO1','_KMCLOGO1',1,'Kaltura Logo For KMC (Black)',1,1,'&kaltura_logo_animated_black.flv','100000.jpg',0,0,0,0,0,0,'logo, animated, demo',null,2,null,null,null,null,null,2700,'2011-02-22 16:27:20','2011-02-22 16:27:20',0,2,0,null,null,null,null,1,null,0,null,2,null,'A black version of the Kaltura animated logo',null,null,2,0,null,null,null,null,null,null,null,null,null,null,'2011-02-22 16:27:20'),
('_KMCLOGO2','_KMCLOGO2',1,'Kaltura Logo For KMC (Blue)',1,1,'&kaltura_logo_animated_blue.flv','100000.jpg',0,0,0,0,0,0,'logo, animated, demo',null,2,null,null,null,null,null,2700,'2011-02-22 16:27:20','2011-02-22 16:27:20',0,2,0,null,null,null,null,1,null,0,null,3,null,'A blue version of the Kaltura animated logo',null,null,2,0,null,null,null,null,null,null,null,null,null,null,'2011-02-22 16:27:20'),
('_KMCLOGO3','_KMCLOGO3',1,'Kaltura Logo For KMC (Green)',1,1,'&kaltura_logo_animated_green.flv','100000.jpg',0,0,0,0,0,0,'logo, animated, demo',null,2,null,null,null,null,null,2700,'2011-02-22 16:27:20','2011-02-22 16:27:20',0,2,0,null,null,null,null,1,null,0,null,4,null,'A green version of the Kaltura animated logo',null,null,2,0,null,null,null,null,null,null,null,null,null,null,'2011-02-22 16:27:20'),
('_KMCLOGO4','_KMCLOGO4',1,'Kaltura Logo For KMC (Pink)',1,1,'&kaltura_logo_animated_pink.flv','100000.jpg',0,0,0,0,0,0,'logo, animated, demo',null,2,null,null,null,null,null,2700,'2011-02-22 16:27:20','2011-02-22 16:27:20',0,2,0,null,null,null,null,1,null,0,null,5,null,'A purple version of the Kaltura animated logo',null,null,2,0,null,null,null,null,null,null,null,null,null,null,'2011-02-22 16:27:20'),
('_KMCLOGO5','_KMCLOGO5',1,'Kaltura Logo For KMC (Red)',1,1,'&kaltura_logo_animated_red.flv','100000.jpg',0,0,0,0,0,0,'logo, animated, demo',null,2,null,null,null,null,null,2700,'2011-02-22 16:27:20','2011-02-22 16:27:20',0,2,0,null,null,null,null,1,null,0,null,6,null,'A red version of the Kaltura animated logo',null,null,2,0,null,null,null,null,null,null,null,null,null,null,'2011-02-22 16:27:20'),
('_KMCSPL1',null,1,'PlaylistDemo1',5,3,'100000.txt',null,0,0,0,0,0,0,'demo 1 for app studio',null,2,null,null,null,-1,null,0,'2011-02-22 16:27:20','2011-02-22 16:27:20',0,2,0,null,null,null,null,1,null,0,null,7,null,null,null,null,2,0,'2011-02-22 16:27:20',null,null,null,null,null,null,null,null,null,'2008-01-26 00:00:00'),
('_KMCSPL2',null,1,'PlaylistDemo2',5,3,'100000.txt',null,0,0,0,0,0,0,'demo 2 for app studio',null,2,null,null,null,-1,null,0,'2011-02-22 16:27:20','2011-02-22 16:27:20',0,2,0,null,null,null,null,1,null,0,null,8,null,null,null,null,2,0,'2011-02-22 16:27:20',null,null,null,null,null,null,null,null,null,'2008-01-26 00:00:00'),
('_TPNWQV400','a2w4knohjw',99,'Normal web quality video (400kbps)',1,1,'100000.flv','100000.jpg',9,0,0,0,0,0,'fish',null,2,5,null,null,-1,null,29780,'2011-02-22 16:38:16','2011-02-22 16:38:16',99,2,9900,'a:5:{s:18:"conversion_quality";s:6:"101446";s:7:"puserId";N;s:6:"height";s:3:"480";s:5:"width";s:3:"640";s:12:"storage_size";i:1867662;}','_KAL_NET_ _99_ _MEDIA_TYPE_1|  Normal web quality video (400kbps) fish fish',null,null,1,null,3,null,4267710,null,'',null,'fish',6,0,'2011-02-22 16:38:16','1',1,null,'fish','4','_CAT_4 _DURATION_short _FLAVOR_',null,null,null,'2011-02-22 16:38:16'),
('_TPEWQ1200','p5okv2jqyu',99,'Excellent web quality video (1200kbps)',1,1,'100000.flv','100000.jpg',4,0,0,0,0,0,'fish',null,2,5,null,null,-1,null,29780,'2011-02-22 16:38:16','2011-02-22 16:38:16',99,2,9900,'a:5:{s:18:"conversion_quality";s:6:"101447";s:7:"puserId";N;s:6:"height";s:3:"480";s:5:"width";s:3:"640";s:12:"storage_size";i:4825651;}','_KAL_NET_ _99_ _MEDIA_TYPE_1|  Excellent web quality video (1200kbps) fish fish',null,null,1,null,4,null,4267712,null,'',null,'fish',6,0,'2011-02-22 16:38:16','1',1,null,'fish','4','_CAT_4 _DURATION_short _FLAVOR_',null,null,null,'2011-02-22 16:38:16'),
('_TPSKL_PIC','t60g67o1g8',99,'Sample Kaltura Logo',1,2,'100000.png','100000.jpg',1,0,0,0,0,0,'logo, kaltura, image',null,2,1,null,null,null,null,0,'2011-02-22 16:38:16','2011-02-22 16:38:16',99,2,9900,'a:5:{s:18:"conversion_quality";s:6:"101444";s:7:"puserId";N;s:6:"height";i:260;s:5:"width";i:350;s:12:"storage_size";i:21236;}','_KAL_NET_ _99_ _MEDIA_TYPE_2|  Sample Kaltura Logo logo, kaltura, image Kaltura logo image',null,null,1,null,1,'conversionQuality:101444;',4267713,null,'Kaltura logo',null,'image',2,0,'2011-02-22 16:38:16','1',1,null,'image','3','_CAT_3 _DURATION_short _FLAVOR_',null,null,null,'2011-02-22 16:38:16'),
('_TPSKALVID','hmuuutws7k',99,'Sample Kaltura Animated Logo',1,1,'100000.flv','100000.jpg',2,0,0,0,0,0,'kaltura, logo, anmated, video',null,2,1,null,null,null,null,5068,'2011-02-22 16:38:16','2011-02-22 16:38:16',99,2,9900,'a:5:{s:18:"conversion_quality";s:6:"101445";s:7:"puserId";N;s:6:"height";s:3:"300";s:5:"width";s:3:"400";s:12:"storage_size";i:335684;}','_KAL_NET_ _99_ _MEDIA_TYPE_1|  Sample Kaltura Animated Logo kaltura, logo, anmated, video Kaltura animated logo video',null,null,1,null,2,'conversionQuality:101445;',4267715,null,'Kaltura animated logo',null,'video',6,0,'2011-02-22 16:38:16','1',1,null,'video','2','_CAT_2 _DURATION_short _FLAVOR_',null,null,null,'2011-02-22 16:38:16'),
('_TPSBBBTHD','corx3i318g',99,'Sample Big Buck Bunny Trailer (HD)',1,1,'100000.flv','100000.jpg',3,0,0,0,0,0,'hd content, video, bunny',null,2,5,null,'http://mirror.cs.umn.edu/blender.org/peach/trailer/trailer_720p.mov',-1,null,33023,'2011-02-22 16:38:16','2011-02-22 16:38:16',99,2,9900,'a:5:{s:18:"conversion_quality";s:1:"4";s:7:"puserId";N;s:6:"height";s:3:"720";s:5:"width";s:4:"1280";s:12:"storage_size";i:11582028;}','_KAL_NET_ _99_ _MEDIA_TYPE_1|  Sample Big Buck Bunny Trailer (HD) hd content, video, bunny Big buck bunny trailer in HD hd content,video',null,null,1,null,3,null,4267716,null,'Big buck bunny trailer in HD',null,'hd content,video',6,0,'2011-02-22 16:38:16','1',1,null,'hd content,video','1,2','_CAT_1 _CAT_2 _DURATION_short _FLAVOR_',null,null,null,'2011-02-22 16:38:16'),
('_TPRSVLIST','-1',99,'Recent Sea Videos',5,10,'100000.xml',null,0,0,0,0,0,0,'',null,2,null,null,null,null,null,0,'2011-02-22 16:38:16','2011-02-22 16:38:16',99,2,9900,'a:1:{s:7:"puserId";N;}',null,null,null,1,null,0,null,4267718,null,'',null,'',2,0,'2011-02-22 16:38:16','1',1,null,'','','_DURATION_short _FLAVOR_',null,null,null,'2011-02-22 16:38:16'),
('_TPMYIMGPL','-1',99,'My images',5,10,'100000.xml',null,0,0,0,0,0,0,'',null,2,null,null,null,null,null,0,'2011-02-22 16:38:16','2011-02-22 16:38:16',99,2,9900,'a:1:{s:7:"puserId";N;}',null,null,null,1,null,0,null,4267720,null,'All my images 2',null,'',2,0,'2011-02-22 16:38:16','1',1,null,'','','_DURATION_short _FLAVOR_',null,null,null,'2011-02-22 16:38:16'),
('_TPMRVLIST','-1',99,'Most recent videos',5,10,'100000.xml',null,0,0,0,0,0,0,'',null,2,null,null,null,null,null,0,'2011-02-22 16:38:16','2011-02-22 16:38:16',99,2,9900,'a:1:{s:7:"puserId";N;}',null,null,null,1,null,0,null,4267721,null,'10 most  recent videos',null,'',2,0,'2011-02-22 16:38:16','1',1,null,'','','_DURATION_short _FLAVOR_',null,null,null,'2011-02-22 16:38:16'),
('_TPMPVLIST','-1',99,'Most popular videos',5,10,'100000.xml',null,0,0,0,0,0,0,'',null,2,null,null,null,null,null,0,'2011-02-22 16:38:16','2011-02-22 16:38:16',99,2,9900,'a:1:{s:7:"puserId";N;}',null,null,null,1,null,0,null,4267723,null,'Most Popular videos (top 30)',null,'',2,0,'2011-02-22 16:38:16','1',1,null,'','','_DURATION_short _FLAVOR_',null,null,null,'2011-02-22 16:38:16');

insert into `file_sync`(`id`,`partner_id`,`object_type`,`object_id`,`version`,`object_sub_type`,`dc`,`original`,`created_at`,`updated_at`,`ready_at`,`sync_time`,`status`,`file_type`,`linked_id`,`link_count`,`file_root`,`file_path`,`file_size`) values 
(1,0,4,'_KMCLOGO','1',1,0,1,'2011-02-22 16:27:20','2011-02-22 16:27:20','2011-02-22 16:27:20',null,2,null,null,null,'@WEB_DIR@/','/content/templates/entry/data/kmc_logo.flv',277975),
(2,0,4,'_KMCLOGO2','1',1,0,1,'2011-02-22 16:27:20','2011-02-22 16:27:20','2011-02-22 16:27:20',null,2,null,null,null,'@WEB_DIR@/','/content/templates/entry/data/kaltura_logo_animated_blue.flv',2743980),
(3,0,4,'_KMCLOGO3','1',1,0,1,'2011-02-22 16:27:20','2011-02-22 16:27:20','2011-02-22 16:27:20',null,2,null,null,null,'@WEB_DIR@/','/content/templates/entry/data/kaltura_logo_animated_green.flv',2615388),
(4,0,4,'_KMCLOGO4','1',1,0,1,'2011-02-22 16:27:20','2011-02-22 16:27:20','2011-02-22 16:27:20',null,2,null,null,null,'@WEB_DIR@/','/content/templates/entry/data/kaltura_logo_animated_pink.flv',2490304),
(5,0,4,'_KMCLOGO5','1',1,0,1,'2011-02-22 16:27:20','2011-02-22 16:27:20','2011-02-22 16:27:20',null,2,null,null,null,'@WEB_DIR@/','/content/templates/entry/data/kaltura_logo_animated_red.flv',2966138),
(6,0,4,'_KMCLOGO1','1',1,0,1,'2011-02-22 16:27:20','2011-02-22 16:27:20','2011-02-22 16:27:20',null,2,null,null,null,'@WEB_DIR@/','/content/templates/entry/data/kaltura_logo_animated_black.flv',2898373),
(7,0,1,'_KMCLOGO','100000',3,0,1,'2011-02-22 16:27:20','2011-02-22 16:27:20','2011-02-22 16:27:20',null,2,null,null,null,'@WEB_DIR@/','/content/templates/entry/thumbnail/kmc_logo.jpg',36676),
(8,0,1,'_KMCLOGO2','100000',3,0,1,'2011-02-22 16:27:20','2011-02-22 16:27:20','2011-02-22 16:27:20',null,2,null,null,null,'@WEB_DIR@/','/content/templates/entry/thumbnail/kaltura_logo_animated_blue.jpg',18463),
(9,0,1,'_KMCLOGO3','100000',3,0,1,'2011-02-22 16:27:20','2011-02-22 16:27:20','2011-02-22 16:27:20',null,2,null,null,null,'@WEB_DIR@/','/content/templates/entry/thumbnail/kaltura_logo_animated_green.jpg',17572),
(10,0,1,'_KMCLOGO4','100000',3,0,1,'2011-02-22 16:27:20','2011-02-22 16:27:20','2011-02-22 16:27:20',null,2,null,null,null,'@WEB_DIR@/','/content/templates/entry/thumbnail/kaltura_logo_animated_pink.jpg',16985),
(11,0,1,'_KMCLOGO5','100000',3,0,1,'2011-02-22 16:27:20','2011-02-22 16:27:20','2011-02-22 16:27:20',null,2,null,null,null,'@WEB_DIR@/','/content/templates/entry/thumbnail/kaltura_logo_animated_red.jpg',19930),
(12,0,1,'_KMCLOGO1','100000',3,0,1,'2011-02-22 16:27:20','2011-02-22 16:27:20','2011-02-22 16:27:20',null,2,null,null,null,'@WEB_DIR@/','/content/templates/entry/thumbnail/kaltura_logo_animated_black.jpg',19521),
(13,0,1,'_KMCSPL1','100000',1,0,1,'2011-02-22 16:27:20','2011-02-22 16:27:20','2011-02-22 16:27:20',null,2,1,null,null,'@WEB_DIR@/','/content/templates/entry/data/kmc_template_playlist1.txt',49),
(14,0,1,'_KMCSPL1','100000',1,1,0,'2011-02-22 16:27:20','2011-02-22 16:27:20',null,null,1,null,null,null,null,null,null),
(15,0,1,'_KMCSPL2','100000',1,0,1,'2011-02-22 16:27:20','2011-02-22 16:27:20','2011-02-22 16:27:20',null,2,1,null,null,'@WEB_DIR@/','/content/templates/entry/data/kmc_template_playlist2.txt',49),
(16,0,1,'_KMCSPL2','100000',1,1,0,'2011-02-22 16:27:20','2011-02-22 16:27:20',null,null,1,null,null,null,null,null,null),
(17,0,2,'199',null,1,0,1,'2011-02-22 16:35:53','2011-02-22 16:35:53','2011-02-22 16:35:53',null,2,1,null,null,'@WEB_DIR@/','content/uiconf/kaltura/generic/kdp/kdp_regular.xml',14603),
(18,0,2,'200',null,1,0,1,'2011-02-22 16:35:53','2011-02-22 16:35:53','2011-02-22 16:35:53',null,2,1,null,null,'@WEB_DIR@/','content/uiconf/kaltura/kmc/embedplayers/player_dark_400_335.xml',11638),
(19,0,2,'47400',null,1,0,1,'2011-02-22 16:35:53','2011-02-22 16:35:53','2011-02-22 16:35:53',null,2,1,null,null,'@WEB_DIR@/','content/uiconf/kaltura/generic/kae_1.0.10/kae_generic_generic.xml',4405),
(20,0,2,'48304',null,1,0,1,'2011-02-22 16:35:53','2011-02-22 16:35:53','2011-02-22 16:35:53',null,2,1,null,null,'@WEB_DIR@/','content/uiconf/kaltura/kmc/embedplayers/playlist_vertical_white_400_600.xml',14503),
(21,0,2,'48305',null,1,0,1,'2011-02-22 16:35:53','2011-02-22 16:35:53','2011-02-22 16:35:53',null,2,1,null,null,'@WEB_DIR@/','content/uiconf/kaltura/kmc/embedplayers/playlist_vertical_dark_400_600.xml',14502),
(22,0,2,'48306',null,1,0,1,'2011-02-22 16:35:53','2011-02-22 16:35:53','2011-02-22 16:35:53',null,2,1,null,null,'@WEB_DIR@/','content/uiconf/kaltura/kmc/embedplayers/playlist_horizontal_white_740_335.xml',14516),
(23,0,2,'48307',null,1,0,1,'2011-02-22 16:35:53','2011-02-22 16:35:53','2011-02-22 16:35:53',null,2,1,null,null,'@WEB_DIR@/','content/uiconf/kaltura/kmc/embedplayers/playlist_horizontal_dark_740_335.xml',14502),
(24,0,2,'501',null,1,0,1,'2011-02-22 16:35:53','2011-02-22 16:35:53','2011-02-22 16:35:53',null,2,1,null,null,'@WEB_DIR@/','content/uiconf/kaltura/wordpress/cw_wordpress.xml',4606),
(25,0,2,'502',null,1,0,1,'2011-02-22 16:35:53','2011-02-22 16:35:53','2011-02-22 16:35:53',null,2,1,null,null,'@WEB_DIR@/','content/uiconf/kaltura/wordpress/se_wordpress.xml',482),
(26,0,2,'503',null,1,0,1,'2011-02-22 16:35:53','2011-02-22 16:35:53','2011-02-22 16:35:53',null,2,1,null,null,'@WEB_DIR@/','content/uiconf/kaltura/wordpress/cw_wordpress_comments.xml',3822),
(27,0,2,'504',null,1,0,1,'2011-02-22 16:35:53','2011-02-22 16:35:53','2011-02-22 16:35:53',null,2,1,null,null,'@WEB_DIR@/','content/uiconf/kaltura/wordpress/cw_wordpress_in_se.xml',4614),
(28,0,2,'520',null,1,0,1,'2011-02-22 16:35:53','2011-02-22 16:35:53','2011-02-22 16:35:53',null,2,1,null,null,'@WEB_DIR@/','content/uiconf/kaltura/wordpress/kdp_1.1.11/kdp_wordpress_v2.1_whiteblue.xml',19830),
(29,0,2,'521',null,1,0,1,'2011-02-22 16:35:53','2011-02-22 16:35:53','2011-02-22 16:35:53',null,2,1,null,null,'@WEB_DIR@/','content/uiconf/kaltura/wordpress/kdp_1.1.11/kdp_wordpress_v2.1_dark.xml',29950),
(30,0,2,'522',null,1,0,1,'2011-02-22 16:35:53','2011-02-22 16:35:53','2011-02-22 16:35:53',null,2,1,null,null,'@WEB_DIR@/','content/uiconf/kaltura/wordpress/kdp_1.1.11/kdp_wordpress_v2.1_gray.xml',19810),
(31,0,2,'523',null,1,0,1,'2011-02-22 16:35:53','2011-02-22 16:35:53','2011-02-22 16:35:53',null,2,1,null,null,'@WEB_DIR@/','content//uiconf/kaltura/wordpress/kdp_1.1.11/kdp_wordpress_thumb_v2.1_gray.xml',4959),
(32,0,2,'530',null,1,0,1,'2011-02-22 16:35:53','2011-02-22 16:35:53','2011-02-22 16:35:53',null,2,1,null,null,'@WEB_DIR@/','content/uiconf/kaltura/wordpress/kdp_2.0.12/kdp_wordpress_v2_blue.xml',34037),
(33,0,2,'531',null,1,0,1,'2011-02-22 16:35:53','2011-02-22 16:35:53','2011-02-22 16:35:53',null,2,1,null,null,'@WEB_DIR@/','content/uiconf/kaltura/wordpress/kdp_2.0.12/kdp_wordpress_v2_dark.xml',34003),
(34,0,2,'532',null,1,0,1,'2011-02-22 16:35:53','2011-02-22 16:35:53','2011-02-22 16:35:53',null,2,1,null,null,'@WEB_DIR@/','content/uiconf/kaltura/wordpress/kdp_2.0.12/kdp_wordpress_v2_light.xml',34045),
(35,0,2,'600',null,1,0,1,'2011-02-22 16:35:53','2011-02-22 16:35:53','2011-02-22 16:35:53',null,2,1,null,null,'@WEB_DIR@/','content/uiconf/kaltura/drupal/kdp_drupal.xml',3101),
(36,0,2,'601',null,1,0,1,'2011-02-22 16:35:53','2011-02-22 16:35:53','2011-02-22 16:35:53',null,2,1,null,null,'@WEB_DIR@/','content/uiconf/kaltura/drupal/cw_drupal.xml',4123),
(37,0,2,'602',null,1,0,1,'2011-02-22 16:35:53','2011-02-22 16:35:53','2011-02-22 16:35:53',null,2,1,null,null,'@WEB_DIR@/','content/uiconf/kaltura/drupal/cw_drupal_in_se.xml',4131),
(38,0,2,'603',null,1,0,1,'2011-02-22 16:35:53','2011-02-22 16:35:53','2011-02-22 16:35:53',null,2,1,null,null,'@WEB_DIR@/','content/uiconf/kaltura/drupal/se_drupal.xml',719),
(39,0,2,'604',null,1,0,1,'2011-02-22 16:35:53','2011-02-22 16:35:53','2011-02-22 16:35:53',null,2,1,null,null,'@WEB_DIR@/','content/uiconf/kaltura/drupal/kdp_1.1.11/kdp_drupal_v2.1_dark_remix.xml',7413),
(40,0,2,'605',null,1,0,1,'2011-02-22 16:35:53','2011-02-22 16:35:53','2011-02-22 16:35:53',null,2,1,null,null,'@WEB_DIR@/','content/uiconf/kaltura/drupal/kdp_1.1.11/kdp_drupal_v2.1_dark_view.xml',7149),
(41,0,2,'606',null,1,0,1,'2011-02-22 16:35:53','2011-02-22 16:35:53','2011-02-22 16:35:53',null,2,1,null,null,'@WEB_DIR@/','content/uiconf/kaltura/drupal/kdp_1.1.11/kdp_drupal_v2.1_gray_remix.xml',4878),
(42,0,2,'607',null,1,0,1,'2011-02-22 16:35:53','2011-02-22 16:35:53','2011-02-22 16:35:53',null,2,1,null,null,'@WEB_DIR@/','content/uiconf/kaltura/drupal/kdp_1.1.11/kdp_drupal_v2.1_gray_view.xml',4605),
(43,0,2,'608',null,1,0,1,'2011-02-22 16:35:53','2011-02-22 16:35:53','2011-02-22 16:35:53',null,2,1,null,null,'@WEB_DIR@/','content/uiconf/kaltura/drupal/kdp_1.1.11/kdp_drupal_v2.1_whiteblue_remix.xml',4884),
(44,0,2,'609',null,1,0,1,'2011-02-22 16:35:53','2011-02-22 16:35:53','2011-02-22 16:35:53',null,2,1,null,null,'@WEB_DIR@/','content/uiconf/kaltura/drupal/kdp_1.1.11/kdp_drupal_v2.1_whiteblue_view.xml',4610),
(45,0,2,'610',null,1,0,1,'2011-02-22 16:35:53','2011-02-22 16:35:53','2011-02-22 16:35:53',null,2,1,null,null,'@WEB_DIR@/','content/uiconf/kaltura/drupal/cw_drupal_comments.xml',996),
(46,0,2,'48506',null,1,0,1,'2011-02-22 16:35:53','2011-02-22 16:35:53','2011-02-22 16:35:53',null,2,1,null,null,'@WEB_DIR@/','content/uiconf/kaltura/kmc/content/kdp_kmc_content_moderation.xml',5403),
(47,0,2,'31008',null,1,0,1,'2011-02-22 16:35:53','2011-02-22 16:35:53','2011-02-22 16:35:53',null,2,1,null,null,'@WEB_DIR@/','content/uiconf/kaltura/kmc/appstudio/kdp3/player_30_ui.xml',37374),
(48,0,2,'31008',null,2,0,1,'2011-02-22 16:35:53','2011-02-22 16:35:53','2011-02-22 16:35:53',null,2,1,null,null,'@WEB_DIR@/','content/uiconf/kaltura/kmc/appstudio/kdp3/player_30_ui.features.xml',63329),
(49,0,2,'31009',null,1,0,1,'2011-02-22 16:35:53','2011-02-22 16:35:53','2011-02-22 16:35:53',null,2,1,null,null,'@WEB_DIR@/','content/uiconf/kaltura/kmc/appstudio/kdp3/playlist_30_ui.xml',37368),
(50,0,2,'31009',null,2,0,1,'2011-02-22 16:35:53','2011-02-22 16:35:53','2011-02-22 16:35:53',null,2,1,null,null,'@WEB_DIR@/','content/uiconf/kaltura/kmc/appstudio/kdp3/playlist_30_ui.features.xml',66924),
(51,0,2,'48501',null,1,0,1,'2011-02-22 16:35:53','2011-02-22 16:35:53','2011-02-22 16:35:53',null,2,1,null,null,'@WEB_DIR@/','content/uiconf/kaltura/kmc/content/kdp_kmc_content_light.xml',6173),
(52,0,2,'48502',null,1,0,1,'2011-02-22 16:35:53','2011-02-22 16:35:53','2011-02-22 16:35:53',null,2,1,null,null,'@WEB_DIR@/','content/uiconf/kaltura/kmc/content/kdp_kmc_content_dark.xml',10611),
(53,0,2,'1000005','1',1,0,1,'2011-02-22 16:35:53','2011-02-22 16:35:53','2011-02-22 16:35:53',null,2,1,null,null,'@WEB_DIR@/','content/templates/uiconf/kdp3/widescreenLightskin.xml',12792),
(54,0,2,'1000005','1',2,0,1,'2011-02-22 16:35:53','2011-02-22 16:35:53','2011-02-22 16:35:53',null,2,1,null,null,'@WEB_DIR@/','content/templates/uiconf/kdp3/widescreenLightskin.features.xml',12561),
(55,0,2,'1000006','1',1,0,1,'2011-02-22 16:35:53','2011-02-22 16:35:53','2011-02-22 16:35:53',null,2,1,null,null,'@WEB_DIR@/','content/templates/uiconf/kdp3/widescreenPlaylistDark.xml',14431),
(56,0,2,'1000006','1',2,0,1,'2011-02-22 16:35:53','2011-02-22 16:35:53','2011-02-22 16:35:53',null,2,1,null,null,'@WEB_DIR@/','content/templates/uiconf/kdp3/widescreenPlaylistDark.features.xml',15946),
(57,0,2,'1000007','1',1,0,1,'2011-02-22 16:35:53','2011-02-22 16:35:53','2011-02-22 16:35:53',null,2,1,null,null,'@WEB_DIR@/','content/templates/uiconf/kdp3/playerNoShare.xml',11215),
(58,0,2,'1000007','1',2,0,1,'2011-02-22 16:35:53','2011-02-22 16:35:53','2011-02-22 16:35:53',null,2,1,null,null,'@WEB_DIR@/','content/templates/uiconf/kdp3/playerNoShare.features.xml',12586),
(59,0,2,'1000008','1',1,0,1,'2011-02-22 16:35:53','2011-02-22 16:35:53','2011-02-22 16:35:53',null,2,1,null,null,'@WEB_DIR@/','content/templates/uiconf/kdp3/WatermarkPlayer.xml',12725),
(60,0,2,'1000008','1',2,0,1,'2011-02-22 16:35:53','2011-02-22 16:35:53','2011-02-22 16:35:53',null,2,1,null,null,'@WEB_DIR@/','content/templates/uiconf/kdp3/WatermarkPlayer.features.xml',12585),
(61,0,2,'1000009','1',1,0,1,'2011-02-22 16:35:53','2011-02-22 16:35:53','2011-02-22 16:35:53',null,2,1,null,null,'@WEB_DIR@/','content/templates/uiconf/kdp3/MultiPlaylists.xml',15150),
(62,0,2,'1000009','1',2,0,1,'2011-02-22 16:35:53','2011-02-22 16:35:53','2011-02-22 16:35:53',null,2,1,null,null,'@WEB_DIR@/','content/templates/uiconf/kdp3/MultiPlaylists.features.xml',15919),
(63,99,4,'FA_SBBBTHD','100000',1,0,1,'2011-02-22 16:38:16','2011-02-22 16:38:16','2011-02-22 16:38:16',null,2,1,null,497,'@WEB_DIR@/','content/templates/entry/data/SampleBigBuckBunnyTrailer.flv',11582028),
(64,99,4,'FA_NWQV400','100000',1,0,1,'2011-02-22 16:38:16','2011-02-22 16:38:16','2011-02-22 16:38:16',null,2,1,null,502,'@WEB_DIR@/','content/templates/entry/data/NormalWebQualityVideo.flv',1867662),
(65,99,4,'FA_EWQ1200','100000',1,0,1,'2011-02-22 16:38:16','2011-02-22 16:38:16','2011-02-22 16:38:16',null,2,1,null,500,'@WEB_DIR@/','content/templates/entry/data/ExcellentWebQualityVideo.flv',4825651),
(66,99,4,'FA_SKALVID','100000',1,0,1,'2011-02-22 16:38:16','2011-02-22 16:38:16','2011-02-22 16:38:16',null,2,1,null,501,'@WEB_DIR@/','content/templates/entry/data/SampleKalturaAnimatedLogo.flv',335684),
(67,99,1,'_TPMRVLIST','100000',1,0,1,'2011-02-22 16:38:16','2011-02-22 16:38:16','2011-02-22 16:38:16',null,2,1,null,498,'@WEB_DIR@/','content/templates/entry/data/MostRecentVideos.xml',276),
(68,99,1,'_TPSKL_PIC','100000',1,0,1,'2011-02-22 16:38:16','2011-02-22 16:38:16','2011-02-22 16:38:16',null,2,1,null,500,'@WEB_DIR@/','content/templates/entry/data/SampleKalturaLogo.png',10618),
(69,99,1,'_TPMPVLIST','100000',1,0,1,'2011-02-22 16:38:16','2011-02-22 16:38:16','2011-02-22 16:38:16',null,2,1,null,499,'@WEB_DIR@/','content/templates/entry/data/MostPopularVideos.xml',271),
(70,99,1,'_TPMYIMGPL','100000',1,0,1,'2011-02-22 16:38:16','2011-02-22 16:38:16','2011-02-22 16:38:16',null,2,1,null,499,'@WEB_DIR@/','content/templates/entry/data/MyImages.xml',286),
(71,99,1,'_TPSBBBTHD','100000',3,0,1,'2011-02-22 16:38:16','2011-02-22 16:38:16','2011-02-22 16:38:16',null,2,1,null,499,'@WEB_DIR@/','content/templates/entry/thumbnail/SampleBigBuckBunnyThumb.jpg',270089),
(72,99,1,'_TPEWQ1200','100000',3,0,1,'2011-02-22 16:38:16','2011-02-22 16:38:16','2011-02-22 16:38:16',null,2,1,null,504,'@WEB_DIR@/','content/templates/entry/thumbnail/ExcellentWebQualityVideoThumb.jpg',45457),
(73,99,1,'_TPSKALVID','100000',3,0,1,'2011-02-22 16:38:16','2011-02-22 16:38:16','2011-02-22 16:38:16',null,2,1,null,500,'@WEB_DIR@/','content/templates/entry/thumbnail/SampleKalturaAnimatedLogoThumb.jpg',13617),
(74,99,1,'_TPSKL_PIC','100000',3,0,1,'2011-02-22 16:38:16','2011-02-22 16:38:16','2011-02-22 16:38:16',null,2,1,null,null,'@WEB_DIR@/','content/templates/entry/thumbnail/SampleKalturaLogoThumb.jpg',1667),
(75,99,1,'_TPNWQV400','100000',3,0,1,'2011-02-22 16:38:16','2011-02-22 16:38:16','2011-02-22 16:38:16',null,2,1,null,511,'@WEB_DIR@/','content/templates/entry/thumbnail/NormalWebQualityVideoThumb.jpg',42262),
(76,99,1,'_TPRSVLIST','100000',1,0,1,'2011-02-22 16:38:16','2011-02-22 16:38:16','2011-02-22 16:38:16',null,2,1,null,498,'@WEB_DIR@/','content/templates/entry/data/RecentSeaVideos.xml',280),
(77,0,2,'1002217',null,1,0,1,'2011-02-22 16:41:25','2011-02-22 16:41:25',null,null,2,1,null,null,'@WEB_DIR@/','content/uiconf/special/1002217.xml',2765),
(78,0,2,'1002225',null,1,0,1,'2011-02-22 16:41:25','2011-02-22 16:41:25',null,null,2,1,null,null,'@WEB_DIR@/','content/uiconf/special/1002225.xml',5018),
(79,0,2,'1002226',null,1,0,1,'2011-02-22 16:41:25','2011-02-22 16:41:25',null,null,2,1,null,null,'@WEB_DIR@/','content/uiconf/special/1002226.xml',774),
(80,0,2,'1003069',null,1,0,1,'2011-02-22 16:41:25','2011-02-22 16:41:25',null,null,2,1,null,null,'@WEB_DIR@/','content/uiconf/special/1003069.xml',0),
(81,0,2,'611',null,1,0,1,'2011-02-22 16:41:25','2011-02-22 16:41:25',null,null,2,1,null,null,'@WEB_DIR@/','content/uiconf/kaltura/drupal/cw_drupal_2.0_video_only.xml',3630),
(82,0,2,'612',null,1,0,1,'2011-02-22 16:41:25','2011-02-22 16:41:25',null,null,2,1,null,null,'@WEB_DIR@/','content/uiconf/kaltura/drupal/cw_drupal_2.0_image_only.xml',3017),
(83,0,2,'613',null,1,0,1,'2011-02-22 16:41:25','2011-02-22 16:41:25',null,null,2,1,null,null,'@WEB_DIR@/','content/uiconf/kaltura/drupal/cw_drupal_2.0_audio_only.xml',2783),
(84,0,2,'614',null,1,0,1,'2011-02-22 16:41:25','2011-02-22 16:41:25',null,null,2,1,null,null,'@WEB_DIR@/','content/uiconf/kaltura/drupal/cw_drupal_2.0_all.xml',6464),
(85,0,2,'1000865',null,1,0,1,'2011-02-22 16:41:25','2011-02-22 16:41:25',null,null,2,1,null,null,'@WEB_DIR@/','content/uiconf/kaltura/generic/kae_1.0.15/kae_generic_generic.xml',5097),
(86,0,2,'1638692',null,1,0,1,'2011-02-22 16:41:25','2011-02-22 16:41:25',null,null,2,1,null,null,'@WEB_DIR@/','content/uiconf/special/1638692.xml',1905),
(87,0,2,'1466342',null,1,0,1,'2011-02-22 16:41:25','2011-02-22 16:41:25',null,null,2,1,null,null,'@WEB_DIR@/','content/uiconf/special/1466342.xml',13246),
(88,0,2,'1466432',null,1,0,1,'2011-02-22 16:41:25','2011-02-22 16:41:25',null,null,2,1,null,null,'@WEB_DIR@/','content/uiconf/special/1466432.xml',13241),
(89,0,2,'1466482',null,1,0,1,'2011-02-22 16:41:25','2011-02-22 16:41:25',null,null,2,1,null,null,'@WEB_DIR@/','content/uiconf/special/1466482.xml',13242),
(90,0,2,'1496582',null,1,0,1,'2011-02-22 16:41:25','2011-02-22 16:41:25',null,null,2,1,null,null,'@WEB_DIR@/','content/uiconf/special/1496582.xml',13243),
(91,0,2,'1347302',null,1,0,1,'2011-02-22 16:41:25','2011-02-22 16:41:25',null,null,2,1,null,null,'@WEB_DIR@/','content/uiconf/special/1347302.xml',13277),
(92,0,2,'1347352',null,1,0,1,'2011-02-22 16:41:25','2011-02-22 16:41:25',null,null,2,1,null,null,'@WEB_DIR@/','content/uiconf/special/1347352.xml',13284),
(93,0,2,'1676202',null,1,0,1,'2011-02-22 16:41:25','2011-02-22 16:41:25',null,null,2,1,null,null,'@WEB_DIR@/','content/uiconf/special/1676202.xml',13259),
(94,0,2,'1347462',null,1,0,1,'2011-02-22 16:41:25','2011-02-22 16:41:25',null,null,2,1,null,null,'@WEB_DIR@/','content/uiconf/special/1347462.xml',13284),
(95,0,2,'1433562',null,1,0,1,'2011-02-22 16:41:25','2011-02-22 16:41:25',null,null,2,1,null,null,'@WEB_DIR@/','content/uiconf/special/1433562.xml',13275),
(96,0,2,'1435082',null,1,0,1,'2011-02-22 16:41:25','2011-02-22 16:41:25',null,null,2,1,null,null,'@WEB_DIR@/','content/uiconf/special/1435082.xml',13283),
(97,0,2,'1435152',null,1,0,1,'2011-02-22 16:41:25','2011-02-22 16:41:25',null,null,2,1,null,null,'@WEB_DIR@/','content/uiconf/special/1435152.xml',13258),
(98,0,2,'1435202',null,1,0,1,'2011-02-22 16:41:25','2011-02-22 16:41:25',null,null,2,1,null,null,'@WEB_DIR@/','content/uiconf/special/1435202.xml',13283),
(99,0,2,'1013682',null,1,0,1,'2011-02-22 16:41:25','2011-02-22 16:41:25',null,null,2,1,null,null,'@WEB_DIR@/','content/uiconf/special/1013682.xml',2883),
(100,0,2,'1013692',null,1,0,1,'2011-02-22 16:41:25','2011-02-22 16:41:25',null,null,2,1,null,null,'@WEB_DIR@/','content/uiconf/special/1013692.xml',4680),
(101,0,2,'1292302',null,1,0,1,'2011-02-22 16:41:25','2011-02-22 16:41:25',null,null,2,1,null,null,'@WEB_DIR@/','content/uiconf/special/1292302.xml',13271),
(102,0,2,'1103',null,1,0,1,'2011-02-22 16:41:25','2011-02-22 16:41:25',null,null,2,1,null,null,'@WEB_DIR@/','content/uiconf/special/1103.xml',1959),
(103,0,2,'1002613',null,1,0,1,'2011-02-22 16:41:25','2011-02-22 16:41:25',null,null,2,1,null,null,'@WEB_DIR@/','content/uiconf/moodle/kuploader/kuploader_all.xml',453),
(104,0,2,'1000973',null,1,0,1,'2011-02-22 16:41:25','2011-02-22 16:41:25',null,null,2,1,null,null,'@WEB_DIR@/','content/uiconf/kaltura/generic/kcw_1.6.5/dark/kcw_noclose.xml',4575),
(105,0,2,'1727872',null,1,0,1,'2011-02-22 16:41:25','2011-02-22 16:41:25',null,null,2,1,null,null,'@WEB_DIR@/','content/uiconf/special/1727872.xml',5197),
(106,0,2,'533',null,1,0,1,'2011-02-22 16:41:25','2011-02-22 16:41:25',null,null,2,1,null,null,'@WEB_DIR@/','content/uiconf/kaltura/wordpress/kdp_2.0.12/kdp_wordpress_v2_thumbnail.xml',5787),
(107,0,2,'534',null,1,0,1,'2011-02-22 16:41:25','2011-02-22 16:41:25',null,null,2,1,null,null,'@WEB_DIR@/','content/uiconf/kaltura/wordpress/wordpress_2.5/kdp3_light.xml',19286),
(108,0,2,'535',null,1,0,1,'2011-02-22 16:41:25','2011-02-22 16:41:25',null,null,2,1,null,null,'@WEB_DIR@/','content/uiconf/special/1466342.xml',14088),
(109,0,2,'540',null,1,0,1,'2011-02-22 16:41:25','2011-02-22 16:41:25',null,null,2,1,null,null,'@WEB_DIR@/','content/uiconf/kaltura/wordpress/wordpress_2.5/kse.xml',482),
(110,0,2,'541',null,1,0,1,'2011-02-22 16:41:25','2011-02-22 16:41:25',null,null,2,1,null,null,'@WEB_DIR@/','content/uiconf/kaltura/wordpress/wordpress_2.5/kcw_for_kse.xml',5847),
(111,0,2,'542',null,1,0,1,'2011-02-22 16:41:25','2011-02-22 16:41:25',null,null,2,1,null,null,'@WEB_DIR@/','content/uiconf/kaltura/wordpress/wordpress_2.5/kcw.xml',4738),
(112,0,2,'543',null,1,0,1,'2011-02-22 16:41:25','2011-02-22 16:41:25',null,null,2,1,null,null,'@WEB_DIR@/','content/uiconf/kaltura/wordpress/wordpress_2.5/kcw_admin.xml',5865),
(113,0,2,'544',null,1,0,1,'2011-02-22 16:41:25','2011-02-22 16:41:25',null,null,2,1,null,null,'@WEB_DIR@/','content/uiconf/kaltura/wordpress/wordpress_2.5/kcw_comments.xml',3925),
(114,0,2,'4396041',null,1,0,1,'2011-04-28 12:33:50','2011-04-28 12:34:32',null,null,2,1,null,null,'@WEB_DIR@/','content/uiconf/special/4396041.xml',2700),
(115,0,2,'4396051',null,1,0,1,'2011-04-28 12:39:05','2011-04-28 12:40:09',null,null,2,1,null,null,'@WEB_DIR@/','content/uiconf/special/4396051.xml',2430),
(116,0,2,'4396061',null,1,0,1,'2011-04-28 12:45:03','2011-04-28 12:46:06',null,null,2,1,null,null,'@WEB_DIR@/','content/uiconf/special/4396061.xml',2620),
(117,0,2,'4396231',null,1,0,1,'2011-04-28 12:46:44','2011-04-28 12:47:44',null,null,2,1,null,null,'@WEB_DIR@/','content/uiconf/special/4396231.xml',2120),
(118,0,2,'4396241',null,1,0,1,'2011-04-28 12:49:00','2011-04-28 12:50:05',null,null,2,1,null,null,'@WEB_DIR@/','content/uiconf/special/4396241.xml',4200),
(119,0,2,'1426232',null,1,0,1,'2010-04-25 13:08:49','2010-04-25 13:08:49',null,null,2,1,null,null,'@WEB_DIR@/','content/uiconf/special/1426232.xml',10912),
(120,0,2,'1426232',null,2,0,1,'2010-04-25 13:08:49','2010-04-25 13:08:49',null,null,2,1,null,null,'@WEB_DIR@/','content/uiconf/special/1426232.features.xml',12851),
(121,0,2,'1426242',null,1,0,1,'2010-09-07 03:52:20','2010-09-07 03:52:20',null,null,2,1,null,null,'@WEB_DIR@/','content/uiconf/special/1426242.xml',15012),
(122,0,2,'1426242',null,2,0,1,'2010-09-07 03:52:20','2010-09-07 03:52:20',null,null,2,1,null,null,'@WEB_DIR@/','content/uiconf/special/1426242.features.xml',12849),
(123,0,2,'1798342',null,1,0,1,'2010-06-23 05:20:14','2010-06-23 05:20:14',null,null,2,1,null,null,'@WEB_DIR@/','content/uiconf/special/1798342.xml',797),
(124,0,2,'4421301',null,1,0,1,'2011-05-19 14:25:44','2011-05-19 14:49:34',null,null,2,1,null,null,'@WEB_DIR@/','content/uiconf/special/4421301.xml',null),
(125,0,2,'4421471',null,1,0,1,'2011-05-18 04:53:03','2011-05-18 04:53:03',null,null,2,1,null,null,'@WEB_DIR@/','content/uiconf/special/4421471.xml',null),
(126,0,2,'1522202',null,1,0,1,'2010-10-20 10:46:30','2010-10-20 10:46:30',null,null,2,1,null,null,'@WEB_DIR@/','content/uiconf/special/1522202.xml',15268),
(127,0,2,'1522202',null,2,0,1,'2010-10-20 10:46:30','2010-10-20 10:46:30',null,null,2,1,null,null,'@WEB_DIR@/','content/uiconf/special/1522202.features.xml',13143),
(128,0,2,'1522362',null,1,0,1,'2010-10-20 10:43:38','2010-10-20 10:43:38',null,null,2,1,null,null,'@WEB_DIR@/','content/uiconf/special/1522362.xml',14943),
(129,0,2,'1522362',null,2,0,1,'2010-10-20 10:43:38','2010-10-20 10:43:38',null,null,2,1,null,null,'@WEB_DIR@/','content/uiconf/special/1522362.features.xml',13257),
(130,0,2,'2011401',null,1,0,1,'2011-01-10 03:16:05','2011-01-10 03:16:05',null,null,2,1,null,null,'@WEB_DIR@/','content/uiconf/special/2011401.xml',5221),
(131,0,2,'2158531',null,1,0,1,'2010-08-29 06:34:51','2010-08-29 06:34:51',null,null,2,1,null,null,'@WEB_DIR@/','content/uiconf/special/2158531.xml',10186),
(132,0,2,'2162571',null,1,0,1,'2010-08-30 04:26:06','2010-08-30 04:26:06',null,null,2,1,null,null,'@WEB_DIR@/','content/uiconf/special/2162571.xml',8867),
(133,0,2,'2162571',null,2,0,1,'2010-08-30 04:26:06','2010-08-30 04:26:06',null,null,2,1,null,null,'@WEB_DIR@/','content/uiconf/special/2162571.features.xml',15903),
(134,0,2,'2733871',null,1,0,1,'2010-12-06 13:30:19','2010-12-06 13:30:19',null,null,2,1,null,null,'@WEB_DIR@/','content/uiconf/special/2733871.xml',4974);

insert into `flavor_asset`(`id`,`int_id`,`partner_id`,`tags`,`created_at`,`updated_at`,`deleted_at`,`entry_id`,`flavor_params_id`,`status`,`version`,`description`,`width`,`height`,`bitrate`,`frame_rate`,`size`,`is_original`,`file_ext`,`container_format`,`video_codec_id`,`type`,`custom_data`,`partner_data`) values 
('_KMCLOGO',1,0,'web,mbr','2011-02-22 16:27:20','2011-02-23 10:29:39',null,'_KMCLOGO',0,2,'1','',0,0,0,0,0,0,null,null,null,1,'a:3:{s:13:"FlavorBitrate";i:0;s:15:"FlavorFrameRate";d:0;s:18:"FlavorVideoCodecId";N;}',null),
('_KMCLOGO1',2,0,'web,mbr','2011-02-22 16:27:20','2011-02-23 10:29:39',null,'_KMCLOGO1',0,2,'1','',0,0,0,0,0,0,null,null,null,1,'a:3:{s:13:"FlavorBitrate";i:0;s:15:"FlavorFrameRate";d:0;s:18:"FlavorVideoCodecId";N;}',null),
('_KMCLOGO2',3,0,'web,mbr','2011-02-22 16:27:20','2011-02-23 10:29:39',null,'_KMCLOGO2',0,2,'1','',0,0,0,0,0,0,null,null,null,1,'a:3:{s:13:"FlavorBitrate";i:0;s:15:"FlavorFrameRate";d:0;s:18:"FlavorVideoCodecId";N;}',null),
('_KMCLOGO3',4,0,'web,mbr','2011-02-22 16:27:20','2011-02-23 10:29:39',null,'_KMCLOGO3',0,2,'1','',0,0,0,0,0,0,null,null,null,1,'a:3:{s:13:"FlavorBitrate";i:0;s:15:"FlavorFrameRate";d:0;s:18:"FlavorVideoCodecId";N;}',null),
('_KMCLOGO4',5,0,'web,mbr','2011-02-22 16:27:20','2011-02-23 10:29:39',null,'_KMCLOGO4',0,2,'1','',0,0,0,0,0,0,null,null,null,1,'a:3:{s:13:"FlavorBitrate";i:0;s:15:"FlavorFrameRate";d:0;s:18:"FlavorVideoCodecId";N;}',null),
('_KMCLOGO5',6,0,'web,mbr','2011-02-22 16:27:20','2011-02-23 10:29:39',null,'_KMCLOGO5',0,2,'1','',0,0,0,0,0,0,null,null,null,1,'a:3:{s:13:"FlavorBitrate";i:0;s:15:"FlavorFrameRate";d:0;s:18:"FlavorVideoCodecId";N;}',null),
('FA_SBBBTHD',7,99,'mbr,web','2011-02-22 16:38:16','2011-02-23 10:29:39',null,'_TPSBBBTHD',0,2,'100000','',1280,720,2721,25,11264,0,'flv','flash video','vp6',1,'a:3:{s:13:"FlavorBitrate";i:2721;s:15:"FlavorFrameRate";d:25;s:18:"FlavorVideoCodecId";s:3:"vp6";}',null),
('FA_EWQ1200',8,99,'mbr,web','2011-02-22 16:38:16','2011-02-23 10:29:39',null,'_TPEWQ1200',0,2,'100000','',640,480,1172,25,4710,0,'flv','flash video','h.263',1,'a:3:{s:13:"FlavorBitrate";i:1172;s:15:"FlavorFrameRate";d:25;s:18:"FlavorVideoCodecId";s:5:"h.263";}',null),
('FA_SKALVID',9,99,'mbr,web','2011-02-22 16:38:16','2011-02-23 10:29:39',null,'_TPSKALVID',0,2,'100000','',400,300,391,25,328,0,'flv','flash video','h.263',1,'a:3:{s:13:"FlavorBitrate";i:391;s:15:"FlavorFrameRate";d:25;s:18:"FlavorVideoCodecId";s:5:"h.263";}',null),
('FA_NWQV400',10,99,'mbr,web','2011-02-22 16:38:16','2011-02-23 10:29:39',null,'_TPNWQV400',0,2,'100000','',640,480,391,25,1822,0,'flv','flash video','h.263',1,'a:3:{s:13:"FlavorBitrate";i:391;s:15:"FlavorFrameRate";d:25;s:18:"FlavorVideoCodecId";s:5:"h.263";}',null);


insert into `flavor_params`(`id`,`version`,`partner_id`,`name`,`system_name`,`tags`,`description`,`ready_behavior`,`created_at`,`updated_at`,`deleted_at`,`is_default`,`format`,`video_codec`,`video_bitrate`,`audio_codec`,`audio_bitrate`,`audio_channels`,`audio_sample_rate`,`audio_resolution`,`width`,`height`,`frame_rate`,`gop_size`,`two_pass`,`conversion_engines`,`conversion_engines_extra_params`,`custom_data`,`view_order`,`bypass_by_extension`,`creation_mode`,`deinterlice`,`rotate`,`operators`,`engine_version`,`type`) values 
(0,0,0,'Source','','source','Maintains the original format and settings of the file - duplicate of the source file',0,'2011-02-22 16:35:36','2011-02-23 10:29:39',null,1,'','',0,'',0,0,0,0,0,0,0,0,0,'','','a:12:{s:16:"FlavorVideoCodec";s:0:"";s:18:"FlavorVideoBitrate";i:0;s:16:"FlavorAudioCodec";s:0:"";s:18:"FlavorAudioBitrate";i:0;s:19:"FlavorAudioChannels";i:0;s:21:"FlavorAudioSampleRate";i:0;s:21:"FlavorAudioResolution";i:0;s:15:"FlavorFrameRate";d:0;s:13:"FlavorGopSize";i:0;s:13:"FlavorTwoPass";b:0;s:17:"FlavorDeinterlice";i:0;s:12:"FlavorRotate";i:0;}',0,null,1,0,0,null,null,1);
update flavor_params set id = 0 where id = 1;
ALTER TABLE flavor_params AUTO_INCREMENT = 1;

insert into `flavor_params`(`id`,`version`,`partner_id`,`name`,`system_name`,`tags`,`description`,`ready_behavior`,`created_at`,`updated_at`,`deleted_at`,`is_default`,`format`,`video_codec`,`video_bitrate`,`audio_codec`,`audio_bitrate`,`audio_channels`,`audio_sample_rate`,`audio_resolution`,`width`,`height`,`frame_rate`,`gop_size`,`two_pass`,`conversion_engines`,`conversion_engines_extra_params`,`custom_data`,`view_order`,`bypass_by_extension`,`creation_mode`,`deinterlice`,`rotate`,`operators`,`engine_version`,`type`) values 
(1,0,0,'HD','','web,mbr','High Definition',2,'2011-02-22 16:35:37','2011-02-23 10:29:39',null,1,'flv','vp6',4000,'mp3',192,0,0,0,0,1080,0,0,0,'2,99,3','','a:12:{s:16:"FlavorVideoCodec";s:3:"vp6";s:18:"FlavorVideoBitrate";i:4000;s:16:"FlavorAudioCodec";s:3:"mp3";s:18:"FlavorAudioBitrate";i:192;s:19:"FlavorAudioChannels";i:0;s:21:"FlavorAudioSampleRate";i:0;s:21:"FlavorAudioResolution";i:0;s:15:"FlavorFrameRate";d:0;s:13:"FlavorGopSize";i:0;s:13:"FlavorTwoPass";b:0;s:17:"FlavorDeinterlice";i:0;s:12:"FlavorRotate";i:0;}',0,null,1,0,0,null,null,1),
(2,0,0,'High - Large','','web,mbr','High web quality, large frame',2,'2011-02-22 16:35:37','2011-02-23 10:29:39',null,1,'flv','vp6',2500,'mp3',128,0,0,0,0,720,0,0,0,'2,99,3','','a:12:{s:16:"FlavorVideoCodec";s:3:"vp6";s:18:"FlavorVideoBitrate";i:2500;s:16:"FlavorAudioCodec";s:3:"mp3";s:18:"FlavorAudioBitrate";i:128;s:19:"FlavorAudioChannels";i:0;s:21:"FlavorAudioSampleRate";i:0;s:21:"FlavorAudioResolution";i:0;s:15:"FlavorFrameRate";d:0;s:13:"FlavorGopSize";i:0;s:13:"FlavorTwoPass";b:0;s:17:"FlavorDeinterlice";i:0;s:12:"FlavorRotate";i:0;}',0,null,1,0,0,null,null,1),
(3,0,0,'Standard - Large','','web,mbr','Standard web quality, large frame',2,'2011-02-22 16:35:37','2011-02-23 10:29:39',null,1,'flv','vp6',1350,'mp3',96,0,0,0,0,720,0,0,0,'2,99,3','','a:12:{s:16:"FlavorVideoCodec";s:3:"vp6";s:18:"FlavorVideoBitrate";i:1350;s:16:"FlavorAudioCodec";s:3:"mp3";s:18:"FlavorAudioBitrate";i:96;s:19:"FlavorAudioChannels";i:0;s:21:"FlavorAudioSampleRate";i:0;s:21:"FlavorAudioResolution";i:0;s:15:"FlavorFrameRate";d:0;s:13:"FlavorGopSize";i:0;s:13:"FlavorTwoPass";b:0;s:17:"FlavorDeinterlice";i:0;s:12:"FlavorRotate";i:0;}',0,null,1,0,0,null,null,1),
(4,0,0,'Standard - Small','','web,mbr','Standard web quality, small frame',2,'2011-02-22 16:35:37','2011-02-23 10:29:39',null,1,'flv','vp6',750,'mp3',96,0,0,0,0,352,0,0,0,'2,99,3','','a:12:{s:16:"FlavorVideoCodec";s:3:"vp6";s:18:"FlavorVideoBitrate";i:750;s:16:"FlavorAudioCodec";s:3:"mp3";s:18:"FlavorAudioBitrate";i:96;s:19:"FlavorAudioChannels";i:0;s:21:"FlavorAudioSampleRate";i:0;s:21:"FlavorAudioResolution";i:0;s:15:"FlavorFrameRate";d:0;s:13:"FlavorGopSize";i:0;s:13:"FlavorTwoPass";b:0;s:17:"FlavorDeinterlice";i:0;s:12:"FlavorRotate";i:0;}',0,null,1,0,0,null,null,1),
(5,0,0,'Basic - Small','','web,mbr','Basic web quality, small frame. To be used for low resource environments.',2,'2011-02-22 16:35:37','2011-02-23 10:29:39',null,1,'flv','vp6',400,'mp3',96,0,0,0,0,352,0,0,0,'2,99,3','','a:12:{s:16:"FlavorVideoCodec";s:3:"vp6";s:18:"FlavorVideoBitrate";i:400;s:16:"FlavorAudioCodec";s:3:"mp3";s:18:"FlavorAudioBitrate";i:96;s:19:"FlavorAudioChannels";i:0;s:21:"FlavorAudioSampleRate";i:0;s:21:"FlavorAudioResolution";i:0;s:15:"FlavorFrameRate";d:0;s:13:"FlavorGopSize";i:0;s:13:"FlavorTwoPass";b:0;s:17:"FlavorDeinterlice";i:0;s:12:"FlavorRotate";i:0;}',0,null,1,0,0,null,null,1),
(6,0,0,'HQ MP4 for Export','','mp4_export,web','High web quality in MP4 format, to be used for download or syndication',0,'2011-02-22 16:35:37','2011-02-23 10:29:39',null,1,'mp4','h264',2500,'aac',128,0,0,0,0,720,0,0,0,'2','','a:12:{s:16:"FlavorVideoCodec";s:4:"h264";s:18:"FlavorVideoBitrate";i:2500;s:16:"FlavorAudioCodec";s:3:"aac";s:18:"FlavorAudioBitrate";i:128;s:19:"FlavorAudioChannels";i:0;s:21:"FlavorAudioSampleRate";i:0;s:21:"FlavorAudioResolution";i:0;s:15:"FlavorFrameRate";d:0;s:13:"FlavorGopSize";i:0;s:13:"FlavorTwoPass";b:0;s:17:"FlavorDeinterlice";i:0;s:12:"FlavorRotate";i:0;}',0,null,1,0,0,null,null,1),
(7,0,0,'Editable','','edit,web','Good web quality, to be used for editable content',0,'2011-02-22 16:35:37','2011-02-23 10:29:39',null,1,'flv','vp6',700,'mp3',64,0,0,0,0,480,0,5,0,'2,99,3','','a:12:{s:16:"FlavorVideoCodec";s:3:"vp6";s:18:"FlavorVideoBitrate";i:700;s:16:"FlavorAudioCodec";s:3:"mp3";s:18:"FlavorAudioBitrate";i:64;s:19:"FlavorAudioChannels";i:0;s:21:"FlavorAudioSampleRate";i:0;s:21:"FlavorAudioResolution";i:0;s:15:"FlavorFrameRate";d:0;s:13:"FlavorGopSize";i:5;s:13:"FlavorTwoPass";b:0;s:17:"FlavorDeinterlice";i:0;s:12:"FlavorRotate";i:0;}',0,null,1,0,0,null,null,1),
(8,0,0,'Basic - Small (H264)','','web,mbr','',2,'2011-02-22 16:35:37','2011-02-23 10:29:39',null,1,'mp4','h264',400,'aac',96,0,0,0,0,352,0,0,0,'2','','a:12:{s:16:"FlavorVideoCodec";s:4:"h264";s:18:"FlavorVideoBitrate";i:400;s:16:"FlavorAudioCodec";s:3:"aac";s:18:"FlavorAudioBitrate";i:96;s:19:"FlavorAudioChannels";i:0;s:21:"FlavorAudioSampleRate";i:0;s:21:"FlavorAudioResolution";i:0;s:15:"FlavorFrameRate";d:0;s:13:"FlavorGopSize";i:0;s:13:"FlavorTwoPass";b:0;s:17:"FlavorDeinterlice";i:0;s:12:"FlavorRotate";i:0;}',0,null,1,0,0,null,null,1),
(9,0,0,'Standard - Small (H264)','','web,mbr','',2,'2011-02-22 16:35:37','2011-02-23 10:29:39',null,1,'mp4','h264',750,'aac',96,0,0,0,0,352,0,0,0,'2','','a:12:{s:16:"FlavorVideoCodec";s:4:"h264";s:18:"FlavorVideoBitrate";i:750;s:16:"FlavorAudioCodec";s:3:"aac";s:18:"FlavorAudioBitrate";i:96;s:19:"FlavorAudioChannels";i:0;s:21:"FlavorAudioSampleRate";i:0;s:21:"FlavorAudioResolution";i:0;s:15:"FlavorFrameRate";d:0;s:13:"FlavorGopSize";i:0;s:13:"FlavorTwoPass";b:0;s:17:"FlavorDeinterlice";i:0;s:12:"FlavorRotate";i:0;}',0,null,1,0,0,null,null,1),
(10,0,0,'Standard - Large (H264)','','web,mbr','',2,'2011-02-22 16:35:37','2011-02-23 10:29:39',null,1,'mp4','h264',1350,'aac',96,0,0,0,0,720,0,0,0,'2','','a:12:{s:16:"FlavorVideoCodec";s:4:"h264";s:18:"FlavorVideoBitrate";i:1350;s:16:"FlavorAudioCodec";s:3:"aac";s:18:"FlavorAudioBitrate";i:96;s:19:"FlavorAudioChannels";i:0;s:21:"FlavorAudioSampleRate";i:0;s:21:"FlavorAudioResolution";i:0;s:15:"FlavorFrameRate";d:0;s:13:"FlavorGopSize";i:0;s:13:"FlavorTwoPass";b:0;s:17:"FlavorDeinterlice";i:0;s:12:"FlavorRotate";i:0;}',0,null,1,0,0,null,null,1),
(11,0,0,'High - Large (H264)','','web,mbr','',2,'2011-02-22 16:35:37','2011-02-23 10:29:39',null,1,'mp4','h264',2500,'aac',128,0,0,0,0,720,0,0,0,'2','','a:12:{s:16:"FlavorVideoCodec";s:4:"h264";s:18:"FlavorVideoBitrate";i:2500;s:16:"FlavorAudioCodec";s:3:"aac";s:18:"FlavorAudioBitrate";i:128;s:19:"FlavorAudioChannels";i:0;s:21:"FlavorAudioSampleRate";i:0;s:21:"FlavorAudioResolution";i:0;s:15:"FlavorFrameRate";d:0;s:13:"FlavorGopSize";i:0;s:13:"FlavorTwoPass";b:0;s:17:"FlavorDeinterlice";i:0;s:12:"FlavorRotate";i:0;}',0,null,1,0,0,null,null,1),
(12,0,0,'HD (H264)','','web,mbr','',2,'2011-02-22 16:35:37','2011-02-23 10:29:39',null,1,'mp4','h264',4000,'aac',192,0,0,0,0,1080,0,0,0,'2','','a:12:{s:16:"FlavorVideoCodec";s:4:"h264";s:18:"FlavorVideoBitrate";i:4000;s:16:"FlavorAudioCodec";s:3:"aac";s:18:"FlavorAudioBitrate";i:192;s:19:"FlavorAudioChannels";i:0;s:21:"FlavorAudioSampleRate";i:0;s:21:"FlavorAudioResolution";i:0;s:15:"FlavorFrameRate";d:0;s:13:"FlavorGopSize";i:0;s:13:"FlavorTwoPass";b:0;s:17:"FlavorDeinterlice";i:0;s:12:"FlavorRotate";i:0;}',0,null,1,0,0,null,null,1),
(13,0,0,'iPad','','web,ipad,ipadnew','iPad',2,'2011-02-22 16:35:37','2011-02-23 10:29:39',null,1,'mp4','h264',1500,'aac',160,2,48000,0,1024,0,25,50,0,'2,99','-flags +loop+mv4 -cmp 256 -partitions +parti4x4+partp8x8+partb8x8 -trellis 1 -refs 1 -me_range 16 -keyint_min 20 -sc_threshold 40 -i_qfactor 0.71 -bt 800k -maxrate 1200k -bufsize 1200k -rc_eq ''blurCplx^(1-qComp)'' -level 30 -async 2  -vsync 2 | -flags +loop+mv4 -cmp 256 -partitions +parti4x4+partp8x8+partb8x8 -trellis 1 -refs 1 -me_range 16 -keyint_min 20 -sc_threshold 40 -i_qfactor 0.71 -bt 800k -maxrate 1200k -bufsize 1200k -rc_eq ''blurCplx^(1-qComp)'' -level 30 -async 2 -vsync 2','a:13:{s:16:"FlavorVideoCodec";s:5:"h264m";s:18:"FlavorVideoBitrate";s:4:"1500";s:16:"FlavorAudioCodec";s:3:"aac";s:18:"FlavorAudioBitrate";s:3:"160";s:19:"FlavorAudioChannels";s:1:"2";s:21:"FlavorAudioSampleRate";s:5:"48000";s:21:"FlavorAudioResolution";s:1:"0";s:15:"FlavorFrameRate";s:2:"25";s:13:"FlavorGopSize";s:2:"50";s:13:"FlavorTwoPass";b:0;s:17:"FlavorDeinterlice";i:0;s:12:"FlavorRotate";i:0;s:19:"requiredPermissions";a:1:{i:0;s:22:"FEATURE_MOBILE_FLAVORS";}}}',0,null,1,0,0,null,0,1),
(14,0,0,'Mobile (3GP)','','mobile,mpeg4','Nokia/Blackberry',0,'2011-02-22 16:35:37','2011-02-23 10:29:39',null,1,'3gp','mpeg4',800,'aac',64,0,0,0,480,0,0,300,0,'2,4','','a:13:{s:16:"FlavorVideoCodec";s:5:"mpeg4";s:18:"FlavorVideoBitrate";s:3:"800";s:16:"FlavorAudioCodec";s:3:"aac";s:18:"FlavorAudioBitrate";s:2:"64";s:19:"FlavorAudioChannels";s:1:"0";s:21:"FlavorAudioSampleRate";s:1:"0";s:21:"FlavorAudioResolution";s:1:"0";s:15:"FlavorFrameRate";s:1:"0";s:13:"FlavorGopSize";s:3:"300";s:13:"FlavorTwoPass";b:0;s:17:"FlavorDeinterlice";i:0;s:12:"FlavorRotate";i:0;s:19:"requiredPermissions";a:1:{i:0;s:22:"FEATURE_MOBILE_FLAVORS";}}}}',0,null,1,0,0,null,0,1),
(15,0,0,'Mobile (H264) - Basic','','mobile,iphone,h264,web,iphonenew','iPhone,android',0,'2011-02-22 16:35:37','2011-02-23 10:29:39',null,1,'mp4','h264b',400,'aac',64,2,22050,0,480,0,25,50,0,'2,99','-flags +loop+mv4 -cmp 256 -partitions +parti4x4+partp8x8+partb8x8 -trellis 1 -refs 1 -me_range 16 -keyint_min 20 -sc_threshold 40 -i_qfactor 0.71 -bt 400k -maxrate 1200k -bufsize 1200k -rc_eq ''blurCplx^(1-qComp)'' -level 30 -async 2  -vsync 2 | -flags +loop+mv4 -cmp 256 -partitions +parti4x4+partp8x8+partb8x8 -trellis 1 -refs 1 -me_range 16 -keyint_min 20 -sc_threshold 40 -i_qfactor 0.71 -bt 400k -maxrate 1200k -bufsize 1200k -rc_eq ''blurCplx^(1-qComp)'' -level 30 -async 2 -vsync 2','a:13:{s:16:"FlavorVideoCodec";s:5:"h264b";s:18:"FlavorVideoBitrate";s:3:"400";s:16:"FlavorAudioCodec";s:3:"aac";s:18:"FlavorAudioBitrate";s:2:"64";s:19:"FlavorAudioChannels";s:1:"2";s:21:"FlavorAudioSampleRate";s:5:"22050";s:21:"FlavorAudioResolution";s:1:"0";s:15:"FlavorFrameRate";s:2:"25";s:13:"FlavorGopSize";s:2:"50";s:13:"FlavorTwoPass";b:0;s:17:"FlavorDeinterlice";i:0;s:12:"FlavorRotate";i:0;s:19:"requiredPermissions";a:1:{i:0;s:22:"FEATURE_MOBILE_FLAVORS";}}}}',0,null,1,0,0,null,0,1),
(16,0,0,'Mobile (H264) - Standard','','mobile,iphone,h264,web,iphonenew','Mobile (H264) - Standard',2,'2011-02-22 16:35:37','2011-02-23 10:29:39',null,1,'mp4','h264b',800,'aac',64,2,22050,0,480,0,25,50,0,'2,99','-flags +loop+mv4 -cmp 256 -partitions +parti4x4+partp8x8+partb8x8 -trellis 1 -refs 1 -me_range 16 -keyint_min 20 -sc_threshold 40 -i_qfactor 0.71 -bt 800k -maxrate 1200k -bufsize 1200k -rc_eq ''blurCplx^(1-qComp)'' -level 30 -async 2  -vsync 2 | -flags +loop+mv4 -cmp 256 -partitions +parti4x4+partp8x8+partb8x8 -trellis 1 -refs 1 -me_range 16 -keyint_min 20 -sc_threshold 40 -i_qfactor 0.71 -bt 800k -maxrate 1200k -bufsize 1200k -rc_eq ''blurCplx^(1-qComp)'' -level 30 -async 2 -vsync 2','a:13:{s:16:"FlavorVideoCodec";s:5:"h264b";s:18:"FlavorVideoBitrate";s:3:"800";s:16:"FlavorAudioCodec";s:3:"aac";s:18:"FlavorAudioBitrate";s:2:"64";s:19:"FlavorAudioChannels";s:1:"2";s:21:"FlavorAudioSampleRate";s:5:"22050";s:21:"FlavorAudioResolution";s:1:"0";s:15:"FlavorFrameRate";s:2:"25";s:13:"FlavorGopSize";s:2:"50";s:13:"FlavorTwoPass";b:0;s:17:"FlavorDeinterlice";i:0;s:12:"FlavorRotate";i:0;s:19:"requiredPermissions";a:1:{i:0;s:22:"FEATURE_MOBILE_FLAVORS";}}}}',0,null,1,0,0,null,0,1),
(17,0,0,'Apple streaming - Med','','applembr','Apple streaming - Med',2,'0001-01-01 00:00:00','0001-01-01 00:00:00',null,0,'applehttp','h264b',800,'aac',64,2,22050,0,480,0,25,50,0,'','','a:12:{s:16:"FlavorVideoCodec";s:5:"h264b";s:18:"FlavorVideoBitrate";s:3:"800";s:16:"FlavorAudioCodec";s:3:"aac";s:18:"FlavorAudioBitrate";s:2:"64";s:19:"FlavorAudioChannels";s:1:"2";s:21:"FlavorAudioSampleRate";s:5:"22050";s:21:"FlavorAudioResolution";s:1:"0";s:15:"FlavorFrameRate";s:2:"25";s:13:"FlavorGopSize";s:2:"50";s:13:"FlavorTwoPass";b:0;s:17:"FlavorDeinterlice";i:0;s:12:"FlavorRotate";i:0;}',0,null,1,0,0,'[[{"id":2,"extra":"-flags +loop+mv4 -cmp 256 -partitions +parti4x4+partp8x8+partb8x8 -trellis 1 -refs 1 -me_range 16 -keyint_min 20 -sc_threshold 40 -i_qfactor 0.71 -bt 400k -maxrate 1200k -bufsize 1200k -rc_eq ''blurCplx^(1-qComp)'' -level 30 -async 2 -vsync 2 ","command":null},{"id":"segmenter.Segmenter","extra":null,"command":null}],[{"id":99,"extra":"-flags +loop+mv4 -cmp 256 -partitions +parti4x4+partp8x8+partb8x8 -trellis 1 -refs 1 -me_range 16 -keyint_min 20 -sc_threshold 40 -i_qfactor 0.71 -bt 400k -maxrate 1200k -bufsize 1200k -rc_eq ''blurCplx^(1-qComp)'' -level 30 -async 2 -vsync 2 ","command":null},{"id":"segmenter.Segmenter","extra":null,"command":null}]]',1,1),
(18,0,0,'Apple streaming - Basic','','applembr','Apple streaming',0,'0001-01-01 00:00:00','0001-01-01 00:00:00',null,0,'applehttp','h264b',400,'aac',64,2,22050,0,480,0,25,50,0,'','','a:12:{s:16:"FlavorVideoCodec";s:5:"h264b";s:18:"FlavorVideoBitrate";s:3:"400";s:16:"FlavorAudioCodec";s:3:"aac";s:18:"FlavorAudioBitrate";s:2:"64";s:19:"FlavorAudioChannels";s:1:"2";s:21:"FlavorAudioSampleRate";s:5:"22050";s:21:"FlavorAudioResolution";s:1:"0";s:15:"FlavorFrameRate";s:2:"25";s:13:"FlavorGopSize";s:2:"50";s:13:"FlavorTwoPass";b:0;s:17:"FlavorDeinterlice";i:0;s:12:"FlavorRotate";i:0;}',0,null,1,0,0,'[[{"id":2,"extra":"-flags +loop+mv4 -cmp 256 -partitions +parti4x4+partp8x8+partb8x8 -trellis 1 -refs 1 -me_range 16 -keyint_min 20 -sc_threshold 40 -i_qfactor 0.71 -bt 400k -maxrate 1200k -bufsize 1200k -rc_eq ''blurCplx^(1-qComp)'' -level 30 -async 2 -vsync 2 ","command":null},{"id":"segmenter.Segmenter","extra":null,"command":null}],[{"id":99,"extra":"-flags +loop+mv4 -cmp 256 -partitions +parti4x4+partp8x8+partb8x8 -trellis 1 -refs 1 -me_range 16 -keyint_min 20 -sc_threshold 40 -i_qfactor 0.71 -bt 400k -maxrate 1200k -bufsize 1200k -rc_eq ''blurCplx^(1-qComp)'' -level 30 -async 2 -vsync 2 ","command":null},{"id":"segmenter.Segmenter","extra":null,"command":null}]]',1,1),
(19,0,0,'Default Thumbnail','','default_thumb','Default Thumbnail',0,'0001-01-01 00:00:00','0001-01-01 00:00:00',null,1,'jpg','',0,'',0,0,0,0,0,0,0,0,0,null,null,'a:11:{s:13:"ThumbCropType";i:1;s:12:"ThumbQuality";i:100;s:10:"ThumbCropX";i:0;s:10:"ThumbCropY";i:0;s:14:"ThumbCropWidth";i:0;s:15:"ThumbCropHeight";i:0;s:16:"ThumbVideoOffset";i:3;s:15:"ThumbScaleWidth";i:0;s:16:"ThumbScaleHeight";i:0;s:20:"ThumbBackgroundColor";i:0;s:19:"ThumbSourceParamsId";i:0;}',0,null,1,0,0,null,null,2),
(-1,0,0,'Generic (H264)','','','High Definition',2,'2011-08-11 17:17:09','2011-08-11 17:17:09',null,0,'mp4','h264m',4000,'aac',192,0,0,0,0,1080,0,0,0,'2,1,99,3','',null,0,null,1,0,0,'',0,1);

insert into `flavor_params_conversion_profile`(`conversion_profile_id`,`flavor_params_id`,`system_name`,`origin`,`ready_behavior`,`force_none_complied`,`created_at`,`updated_at`,`id`) values 
(1,0,'Source',1,0,null,'2011-02-22 16:38:16','2011-02-22 16:38:16',1),
(1,5,'',0,2,null,'2011-02-22 16:38:16','2011-02-22 16:38:16',2),
(1,7,'',0,2,null,'2011-02-22 16:38:16','2011-02-22 16:38:16',3),
(1,9,'',0,2,null,'2011-02-22 16:38:16','2011-02-22 16:38:16',4),
(1,10,'',0,2,null,'2011-02-22 16:38:16','2011-02-22 16:38:16',5),
(1,11,'',0,2,null,'2011-02-22 16:38:16','2011-02-22 16:38:16',6),
(1,12,'',0,2,null,'2011-02-22 16:38:16','2011-02-22 16:38:16',7),
(1,19,'',0,0,null,'2011-03-16 11:39:25','2011-03-16 11:39:25',8);

insert into `kuser`(`id`,`login_data_id`,`is_admin`,`screen_name`,`first_name`,`last_name`,`full_name`,`email`,`sha1_password`,`salt`,`date_of_birth`,`country`,`state`,`city`,`zip`,`url_list`,`picture`,`icon`,`about_me`,`tags`,`tagline`,`network_highschool`,`network_college`,`network_other`,`mobile_num`,`mature_content`,`gender`,`registration_ip`,`registration_cookie`,`im_list`,`views`,`fans`,`entries`,`produced_kshows`,`status`,`created_at`,`updated_at`,`partner_id`,`display_in_search`,`search_text`,`partner_data`,`storage_size`,`puser_id`,`admin_tags`,`indexed_partner_data_int`,`indexed_partner_data_string`,`custom_data`) values
(1,null,null,'user for template en',null,null,'user for template entries',null,null,null,null,null,null,null,null,null,null,null,null,null,null,null,null,null,null,null,null,null,null,null,0,0,0,0,null,null,null,0,1,null,null,0,'999999',null,null,null,null),
(99,null,0,'template kuser','template','kuser','template kuser','@TEMPLATE_KUSER_MAIL@',null,null,null,null,null,null,null,null,null,null,null,null,null,null,null,null,null,null,null,null,null,null,0,0,0,0,1,null,'2011-02-23 09:45:25',99,1,'_PAR_ONLY_ _99_ |  template kuser template kuser ',null,0,'1',null,null,null,null),
(100,1,1,'Template','Template',null,null,'@TEMPLATE_PARTNER_MAIL@',null,null,null,null,null,null,null,null,null,null,null,null,null,null,null,null,null,null,null,null,null,null,0,0,0,0,1,'2011-02-23 09:45:44','2011-02-23 09:45:44',99,2,'_KAL_NET_ _99_ |  Template Template ',null,0,'__ADMIN__36734',null,null,null,'a:1:{s:17:"status_updated_at";s:19:"2011-02-23 09:45:44";}'),
(101,2,1,null,'batch','admin',null,'@BATCH_KUSER_MAIL@',null,null,null,null,null,null,null,null,null,null,null,null,null,null,null,null,null,null,null,null,null,null,0,0,0,0,1,'2011-02-23 09:45:44','2011-02-23 09:45:44',-1,0,'_NONE_ _-1_ |  batch admin ',null,0,'__ADMIN__99998',null,null,null,'a:1:{s:17:"status_updated_at";s:19:"2011-02-23 09:45:44";}'),
(102,4,1,'admin admin','admin','admin',null,'@SYSTEM_USER_ADMIN_EMAIL@',null,null,null,null,null,null,null,null,null,null,null,null,null,null,null,null,null,null,null,null,null,null,0,0,0,0,1,'2011-02-23 09:46:01','2011-08-11 17:34:39',-2,0,'_NONE_ _-2_ |  admin admin admin admin ','O:35:"Kaltura_AdminConsoleUserPartnerData":2:{s:9:"isPrimary";b:1;s:4:"role";s:5:"admin";}',0,'@SYSTEM_USER_ADMIN_EMAIL@',null,null,null,'a:2:{s:17:"status_updated_at";s:19:"2011-02-23 09:46:01";s:15:"last_login_time";i:1313098479;}');

insert into `kuser_to_user_role`(`id`,`kuser_id`,`user_role_id`,`created_at`,`updated_at`) values 
(1,100,2,'2011-02-23 10:07:13','2011-02-23 10:07:13'),
(2,101,2,'2011-02-23 10:07:13','2011-02-23 10:07:13'),
(3,102,7,'2011-02-23 10:08:17','2011-02-23 10:08:17');

insert into `partner`(`id`,`partner_name`,`url1`,`url2`,`secret`,`admin_secret`,`max_number_of_hits_per_day`,`appear_in_search`,`debug_level`,`invalid_login_count`,`created_at`,`updated_at`,`partner_alias`,`ANONYMOUS_KUSER_ID`,`ks_max_expiry_in_seconds`,`create_user_on_demand`,`prefix`,`admin_name`,`admin_email`,`description`,`commercial_use`,`moderate_content`,`notify`,`custom_data`,`service_config_id`,`status`,`content_categories`,`type`,`phone`,`describe_yourself`,`adult_content`,`partner_package`,`usage_percent`,`storage_usage`,`eighty_percent_warning`,`usage_limit_warning`,`monitor_usage`,`priority_group_id`,`work_group_id`,`partner_group_type`,`partner_parent_id`,`kmc_version`) values
(0,'partner 0','',null,'@PARTNER_ZERO_SECRET@','@PARTNER_ZERO_ADMIN_SECRET@',-1,0,0,null,'2011-02-22 16:38:15','2011-02-22 16:38:15','@PARTNER_ZERO_PARTNER_ALIAS@',null,86400,1,'kal','','partner0@kalturace.com','',0,0,0,'a:1:{s:12:"isFirstLogin";b:1;}',null,1,'',1,null,null,0,1,266,547,null,1274091814,0,null,null,1,null,'4');
UPDATE `partner` SET id = 0 where partner_name = 'partner 0';

insert into `partner`(`id`,`partner_name`,`url1`,`url2`,`secret`,`admin_secret`,`max_number_of_hits_per_day`,`appear_in_search`,`debug_level`,`invalid_login_count`,`created_at`,`updated_at`,`partner_alias`,`ANONYMOUS_KUSER_ID`,`ks_max_expiry_in_seconds`,`create_user_on_demand`,`prefix`,`admin_name`,`admin_email`,`description`,`commercial_use`,`moderate_content`,`notify`,`custom_data`,`service_config_id`,`status`,`content_categories`,`type`,`phone`,`describe_yourself`,`adult_content`,`partner_package`,`usage_percent`,`storage_usage`,`eighty_percent_warning`,`usage_limit_warning`,`monitor_usage`,`priority_group_id`,`work_group_id`,`partner_group_type`,`partner_parent_id`,`kmc_version`) values
(-1,'batch partner','',null,'@BATCH_PARTNER_SECRET@','@BATCH_PARTNER_ADMIN_SECRET@',-1,0,0,null,'2011-02-22 16:38:15','2011-08-11 17:18:30','@BATCH_PARTNER_PARTNER_ALIAS@',null,86400,1,'-10','batch admin','@BATCH_ADMIN_MAIL@','Build-in partner - used for batch operations',0,0,0,'a:4:{s:12:"isFirstLogin";b:1;s:23:"admin_login_users_quota";i:3;s:22:"account_owner_kuser_id";i:101;s:19:"role_cache_dirty_at";i:1313097510;}','services_batch.ct',1,null,0,null,null,0,1,0,0,null,null,1,null,null,1,null,'4'),
(-2,'admin console','',null,'@ADMIN_CONSOLE_PARTNER_SECRET@','@ADMIN_CONSOLE_PARTNER_ADMIN_SECRET@',-1,0,0,null,'2011-02-22 16:38:15','2011-08-11 17:18:28','@ADMIN_CONSOLE_PARTNER_ALIAS@',null,86400,1,'-10','console admin','@ADMIN_CONSOLE_ADMIN_MAIL@','Build-in partner - used for admin console',0,0,0,'a:6:{s:12:"isFirstLogin";b:1;s:23:"admin_login_users_quota";i:-1;s:22:"account_owner_kuser_id";i:103;s:21:"admin_session_role_id";i:7;s:26:"pass_reset_url_prefix_name";s:13:"admin_console";s:19:"role_cache_dirty_at";i:1313097508;}','services_console.ct',1,null,0,null,null,0,1,0,0,null,null,1,null,null,1,null,'4'),
(99,'Template KMC account',null,null,'8e81fdce8808cbf71b8dc6c8ee258842','a5c1cb2c9bcd66b825db68533c3ec792',-1,2,0,null,'2011-02-22 16:38:15','2011-02-23 09:45:44','@TEMPLATE_PARTNER_ALIAS@',null,86400,1,'17','Template KMC account','@TEMPLATE_PARTNER_MAIL@','Template KMC account is used to load the default content, players & playlists for a new partner',1,0,0,'a:8:{s:24:"defConversionProfileType";s:3:"med";s:22:"defaultAccessControlId";i:1;s:26:"defaultConversionProfileId";i:1;s:14:"enabledPlugins";a:2:{s:5:"audit";b:0;s:8:"metadata";b:1;}s:10:"enableVast";b:1;s:11:"liveEnabled";b:1;s:23:"admin_login_users_quota";i:3;s:22:"account_owner_kuser_id";i:100;}',null,1,null,1,null,null,0,1,0,0,null,null,1,null,null,1,null,'4');

insert into `permission`(`id`,`type`,`name`,`friendly_name`,`description`,`partner_id`,`status`,`depends_on_permission_names`,`tags`,`created_at`,`updated_at`,`custom_data`) values 
(1,3,'METADATA_PLUGIN_PERMISSION','metadata Plugin','Permission to use metadata plugin',99,1,null,null,'2011-02-23 09:49:14','2011-02-23 09:49:14',null),
(2,2,'FEATURE_VAST','VAST feature','Permission to use VAST',99,1,null,null,'2011-02-23 09:49:15','2011-02-23 09:49:15',null),
(3,2,'FEATURE_LIVE_STREAM','Live stream feature','Permission to use live stream',99,1,null,null,'2011-02-23 09:49:15','2011-02-23 09:49:15',null),
(4,1,'BATCH_BASE','Batch system permission',null,-1,1,null,null,'2011-02-23 09:50:12','2011-02-23 09:50:12',null),
(5,1,'BASE_USER_SESSION_PERMISSION','User session permission',null,0,1,null,null,'2011-02-23 09:50:12','2011-02-23 09:50:12',null),
(6,1,'ALWAYS_ALLOWED_ACTIONS','No session permission',null,0,1,null,null,'2011-02-23 09:50:12','2011-02-23 09:50:12',null),
(7,1,'CONTENT_INGEST_UPLOAD','Upload',null,0,1,null,null,'2011-02-23 09:50:12','2011-02-23 09:50:12',null),
(8,1,'CONTENT_INGEST_BULK_UPLOAD','Bulk upload',null,0,1,null,null,'2011-02-23 09:50:12','2011-02-23 09:50:12',null),
(9,1,'CONTENT_INGEST_FEED','Feed subscription',null,0,1,null,null,'2011-02-23 09:50:12','2011-02-23 09:50:12',null),
(10,1,'CONTENT_MANAGE_MIX','Manage remix',null,0,1,null,null,'2011-02-23 09:50:12','2011-02-23 09:50:12',null),
(11,1,'CONTENT_MANAGE_BASE','Basic content management',null,0,1,null,null,'2011-02-23 09:50:12','2011-02-23 09:50:12',null),
(12,1,'CONTENT_MANAGE_METADATA','Modify metadata',null,0,1,null,null,'2011-02-23 09:50:12','2011-02-23 09:50:12',null),
(13,1,'CONTENT_MANAGE_ASSIGN_CATEGORIES','Assign categories',null,0,1,null,null,'2011-02-23 09:50:12','2011-02-23 09:50:12',null),
(14,1,'CONTENT_MANAGE_THUMBNAIL','Modify thumbnails',null,0,1,null,null,'2011-02-23 09:50:12','2011-02-23 09:50:12',null),
(15,1,'CONTENT_MANAGE_SCHEDULE','Modify scheduling',null,0,1,null,null,'2011-02-23 09:50:12','2011-02-23 09:50:12',null),
(16,1,'CONTENT_MANAGE_ACCESS_CONTROL','Modify content access control',null,0,1,null,null,'2011-02-23 09:50:12','2011-02-23 09:50:12',null),
(17,1,'CONTENT_MANAGE_CUSTOM_DATA','Modify custom data',null,0,1,'METADATA_PLUGIN_PERMISSION',null,'2011-02-23 09:50:12','2011-02-23 09:50:12',null),
(18,1,'CONTENT_MANAGE_DELETE','Delete content',null,0,1,null,null,'2011-02-23 09:50:12','2011-02-23 09:50:12',null),
(19,1,'CONTENT_MANAGE_RECONVERT','Reconvert flavors',null,0,1,null,null,'2011-02-23 09:50:12','2011-02-23 09:50:12',null),
(20,1,'CONTENT_MANAGE_EDIT_CATEGORIES','Manage categories',null,0,1,null,null,'2011-02-23 09:50:12','2011-02-23 09:50:12',null),
(21,1,'CONTENT_MANAGE_EMBED_CODE','Grab embed code',null,0,1,null,null,'2011-02-23 09:50:12','2011-02-23 09:50:12',null),
(22,1,'CONTENT_MANAGE_DISTRIBUTION_BASE','Distribution base',null,0,1,'CONTENTDISTRIBUTION_PLUGIN_PERMISSION',null,'2011-02-23 09:50:12','2011-02-23 09:50:12',null),
(23,1,'CONTENT_MANAGE_DISTRIBUTION_WHERE','Where to distribute',null,0,1,'CONTENTDISTRIBUTION_PLUGIN_PERMISSION',null,'2011-02-23 09:50:12','2011-02-23 09:50:12',null),
(24,1,'CONTENT_MANAGE_DISTRIBUTION_SEND','Distribution submit',null,0,1,'CONTENTDISTRIBUTION_PLUGIN_PERMISSION',null,'2011-02-23 09:50:12','2011-02-23 09:50:12',null),
(25,1,'CONTENT_MANAGE_DISTRIBUTION_REMOVE','Distribution remove',null,0,1,'CONTENTDISTRIBUTION_PLUGIN_PERMISSION',null,'2011-02-23 09:50:12','2011-02-23 09:50:12',null),
(26,1,'CONTENT_MANAGE_DISTRIBUTION_PROFILE_MODIFY','Distribution profile manage',null,0,1,'CONTENTDISTRIBUTION_PLUGIN_PERMISSION',null,'2011-02-23 09:50:12','2011-02-23 09:50:12',null),
(27,1,'CONTENT_MANAGE_VIRUS_SCAN','Virus scan actions',null,0,1,'VIRUSSCAN_PLUGIN_PERMISSION',null,'2011-02-23 09:50:12','2011-02-23 09:50:12',null),
(28,1,'CONTENT_MANAGE_DOWNLOAD','Content download',null,0,1,null,null,'2011-02-23 09:50:12','2011-02-23 09:50:12',null),
(29,1,'CONTENT_MANAGE_ANNOTATION','Annotate',null,0,1,'ANNOTATION_PLUGIN_PERMISSION',null,'2011-02-23 09:50:12','2011-02-23 09:50:12',null),
(30,1,'CONTENT_MANAGE_SHARE','Share content',null,0,1,null,null,'2011-02-23 09:50:12','2011-02-23 09:50:12',null),
(31,1,'LIVE_STREAM_ADD','Add live streams',null,0,1,'FEATURE_LIVE_STREAM',null,'2011-02-23 09:50:12','2011-02-23 09:50:12',null),
(32,1,'LIVE_STREAM_UPDATE','Modify live streams',null,0,1,'FEATURE_LIVE_STREAM',null,'2011-02-23 09:50:12','2011-02-23 09:50:12',null),
(33,1,'CONTENT_MODERATE_BASE','Basic moderation',null,0,1,null,null,'2011-02-23 09:50:12','2011-02-23 09:50:12',null),
(34,1,'CONTENT_MODERATE_METADATA','Moderate metadata',null,0,1,null,null,'2011-02-23 09:50:12','2011-02-23 09:50:12',null),
(35,1,'CONTENT_MODERATE_CUSTOM_DATA','Moderate custom data',null,0,1,'METADATA_PLUGIN_PERMISSION',null,'2011-02-23 09:50:12','2011-02-23 09:50:12',null),
(36,1,'CONTENT_MODERATE_APPROVE_REJECT','Approve/Reject content',null,0,1,null,null,'2011-02-23 09:50:12','2011-02-23 09:50:12',null),
(37,1,'PLAYLIST_BASE','Playlist access',null,0,1,null,null,'2011-02-23 09:50:12','2011-02-23 09:50:12',null),
(38,1,'PLAYLIST_ADD','Add playlists',null,0,1,null,null,'2011-02-23 09:50:12','2011-02-23 09:50:12',null),
(39,1,'PLAYLIST_UPDATE','Modify playlists',null,0,1,null,null,'2011-02-23 09:50:12','2011-02-23 09:50:12',null),
(40,1,'PLAYLIST_DELETE','Delete playlists',null,0,1,null,null,'2011-02-23 09:50:12','2011-02-23 09:50:12',null),
(41,1,'PLAYLIST_EMBED_CODE','Grab playlist embed code',null,0,1,null,null,'2011-02-23 09:50:12','2011-02-23 09:50:12',null),
(42,1,'SYNDICATION_BASE','Syndication feeds access',null,0,1,null,null,'2011-02-23 09:50:12','2011-02-23 09:50:12',null),
(43,1,'SYNDICATION_ADD','Create syndication feeds',null,0,1,null,null,'2011-02-23 09:50:12','2011-02-23 09:50:12',null),
(44,1,'SYNDICATION_UPDATE','Modify syndication feeds',null,0,1,null,null,'2011-02-23 09:50:12','2011-02-23 09:50:12',null),
(45,1,'SYNDICATION_DELETE','Delete syndication feeds',null,0,1,null,null,'2011-02-23 09:50:12','2011-02-23 09:50:12',null),
(46,1,'STUDIO_BASE','Appstudio access',null,0,1,null,null,'2011-02-23 09:50:12','2011-02-23 09:50:12',null),
(47,1,'STUDIO_ADD_UICONF','Create players',null,0,1,null,null,'2011-02-23 09:50:12','2011-02-23 09:50:12',null),
(48,1,'STUDIO_UPDATE_UICONF','Modify players',null,0,1,null,null,'2011-02-23 09:50:12','2011-02-23 09:50:12',null),
(49,1,'STUDIO_DELETE_UICONF','Delete players',null,0,1,null,null,'2011-02-23 09:50:12','2011-02-23 09:50:12',null),
(50,1,'STUDIO_BRAND_UICONF','Set player branding',null,0,1,null,null,'2011-02-23 09:50:12','2011-02-23 09:50:12',null),
(51,1,'STUDIO_SELECT_CONTENT','Select player content',null,0,1,null,null,'2011-02-23 09:50:12','2011-02-23 09:50:12',null),
(52,1,'ADVERTISING_BASE','Advertising access',null,0,1,null,null,'2011-02-23 09:50:12','2011-02-23 09:50:12',null),
(53,1,'ADVERTISING_UPDATE_SETTINGS','Modify advertising settings',null,0,1,null,null,'2011-02-23 09:50:12','2011-02-23 09:50:12',null),
(54,1,'ACCOUNT_BASE','Account settings access',null,0,1,null,null,'2011-02-23 09:50:12','2011-02-23 09:50:12',null),
(55,1,'ACCOUNT_UPDATE_SETTINGS','Modify account settings',null,0,1,null,null,'2011-02-23 09:50:12','2011-02-23 09:50:12',null),
(56,1,'INTEGRATION_BASE','Integration settings access',null,0,1,null,null,'2011-02-23 09:50:12','2011-02-23 09:50:12',null),
(57,1,'INTEGRATION_UPDATE_SETTINGS','Modify integration settings',null,0,1,null,null,'2011-02-23 09:50:12','2011-02-23 09:50:12',null),
(58,1,'ACCESS_CONTROL_BASE','Access control profiles access',null,0,1,null,null,'2011-02-23 09:50:12','2011-02-23 09:50:12',null),
(59,1,'ACCESS_CONTROL_ADD','Create access control profiles',null,0,1,null,null,'2011-02-23 09:50:12','2011-02-23 09:50:12',null),
(60,1,'ACCESS_CONTROL_UPDATE','Modify access control profiles',null,0,1,null,null,'2011-02-23 09:50:12','2011-02-23 09:50:12',null),
(61,1,'ACCESS_CONTROL_DELETE','Delete access control profiles',null,0,1,null,null,'2011-02-23 09:50:12','2011-02-23 09:50:12',null),
(62,1,'TRANSCODING_BASE','Transcoding profiles access',null,0,1,null,null,'2011-02-23 09:50:12','2011-02-23 09:50:12',null),
(63,1,'TRANSCODING_ADD','Create transcoding profiles',null,0,1,null,null,'2011-02-23 09:50:12','2011-02-23 09:50:12',null),
(64,1,'TRANSCODING_UPDATE','Modify transcoding profiles',null,0,1,null,null,'2011-02-23 09:50:12','2011-02-23 09:50:12',null),
(65,1,'TRANSCODING_DELETE','Delete transcoding profiles',null,0,1,null,null,'2011-02-23 09:50:12','2011-02-23 09:50:12',null),
(66,1,'CUSTOM_DATA_PROFILE_BASE','Custom data access',null,0,1,'METADATA_PLUGIN_PERMISSION',null,'2011-02-23 09:50:12','2011-02-23 09:50:12',null),
(67,1,'CUSTOM_DATA_PROFILE_ADD','Create custom data',null,0,1,'METADATA_PLUGIN_PERMISSION',null,'2011-02-23 09:50:12','2011-02-23 09:50:12',null),
(68,1,'CUSTOM_DATA_PROFILE_UPDATE','Modify custom data',null,0,1,'METADATA_PLUGIN_PERMISSION',null,'2011-02-23 09:50:12','2011-02-23 09:50:12',null),
(69,1,'CUSTOM_DATA_PROFILE_DELETE','Delete custom data',null,0,1,'METADATA_PLUGIN_PERMISSION',null,'2011-02-23 09:50:12','2011-02-23 09:50:12',null),
(70,1,'ADMIN_BASE','Administration settings access',null,0,1,null,null,'2011-02-23 09:50:12','2011-02-23 09:50:12',null),
(71,1,'ADMIN_USER_ADD','Add users',null,0,1,null,null,'2011-02-23 09:50:12','2011-02-23 09:50:12',null),
(72,1,'ADMIN_USER_UPDATE','Modify users',null,0,1,null,null,'2011-02-23 09:50:12','2011-02-23 09:50:12',null),
(73,1,'ADMIN_USER_DELETE','Delete users',null,0,1,null,null,'2011-02-23 09:50:12','2011-02-23 09:50:12',null),
(74,1,'ADMIN_ROLE_ADD','Add roles',null,0,1,null,null,'2011-02-23 09:50:12','2011-02-23 09:50:12',null),
(75,1,'ADMIN_ROLE_UPDATE','Modify roles',null,0,1,null,null,'2011-02-23 09:50:12','2011-02-23 09:50:12',null),
(76,1,'ADMIN_ROLE_DELETE','Delete roles',null,0,1,null,null,'2011-02-23 09:50:12','2011-02-23 09:50:12',null),
(77,1,'ADMIN_PUBLISHER_MANAGE','Manage publishers',null,0,1,null,null,'2011-02-23 09:50:12','2011-02-23 09:50:12',null),
(78,1,'ADMIN_WHITE_BRANDING','Manage whitebranding',null,0,1,null,null,'2011-02-23 09:50:12','2011-02-23 09:50:12',null),
(79,1,'ANALYTICS_BASE','Analytics access',null,0,1,'FEATURE_ANALYTICS_TAB',null,'2011-02-23 09:50:12','2011-02-23 09:50:12',null),
(80,1,'WIDGET_ADMIN','Widget admin',null,0,1,null,null,'2011-02-23 09:50:12','2011-02-23 09:50:12',null),
(81,1,'ANALYTICS_SEND_DATA','Send analytics data',null,0,1,null,null,'2011-02-23 09:50:12','2011-02-23 09:50:12',null),
(82,1,'WIDGET_ADMIN','Widget admin',null,0,1,null,null,'2011-02-23 09:50:12','2011-02-23 09:50:12',null),
(83,1,'SEARCH_SERVICE','Search service',null,0,1,null,null,'2011-02-23 09:50:12','2011-02-23 09:50:12',null),
(84,1,'ANALYTICS_SEND_DATA','Send analytics data',null,0,1,null,null,'2011-02-23 09:50:12','2011-02-23 09:50:12',null),
(85,1,'AUDIT_TRAIL_BASE','Audit trail base',null,0,1,'AUDIT_PLUGIN_PERMISSION',null,'2011-02-23 09:50:12','2011-02-23 09:50:12',null),
(86,1,'AUDIT_TRAIL_ADD','Audit trail add',null,0,1,'AUDIT_PLUGIN_PERMISSION',null,'2011-02-23 09:50:12','2011-02-23 09:50:12',null),
(87,1,'KMC_ACCESS','KMC access',null,0,1,null,null,'2011-02-23 09:50:12','2011-02-23 09:50:12',null),
(88,1,'KMC_READ_ONLY','KMC access',null,0,1,'KMC_ACCESS',null,'2011-02-23 09:50:12','2011-02-23 09:50:12',null),
(89,1,'CUSTOM_DATA_FIELD_ADD','Add custom data field',null,0,1,null,null,'2011-02-23 09:50:12','2011-02-23 09:50:12',null),
(90,1,'CUSTOM_DATA_FIELD_UPDATE','Update custom data field',null,0,1,null,null,'2011-02-23 09:50:12','2011-02-23 09:50:12',null),
(91,1,'CUSTOM_DATA_FIELD_DELETE','Delete custom data field',null,0,1,null,null,'2011-02-23 09:50:12','2011-02-23 09:50:12',null),
(92,1,'SYSTEM_ADMIN_BASE','Base system admin permission',null,-2,1,null,null,'2011-02-23 09:50:12','2011-02-23 09:50:12',null),
(93,1,'SYSTEM_ADMIN_PUBLISHER_BASE','Base system admin permission',null,-2,1,null,null,'2011-02-23 09:50:12','2011-02-23 09:50:12',null),
(94,1,'SYSTEM_ADMIN_PUBLISHER_KMC_ACCESS','Base system admin permission',null,-2,1,null,null,'2011-02-23 09:50:12','2011-02-23 09:50:12',null),
(95,1,'SYSTEM_ADMIN_PUBLISHER_CONFIG','Base system admin permission',null,-2,1,null,null,'2011-02-23 09:50:12','2011-02-23 09:50:12',null),
(96,1,'SYSTEM_ADMIN_PUBLISHER_BLOCK','Base system admin permission',null,-2,1,null,null,'2011-02-23 09:50:12','2011-02-23 09:50:12',null),
(97,1,'SYSTEM_ADMIN_PUBLISHER_REMOVE','Base system admin permission',null,-2,1,null,null,'2011-02-23 09:50:12','2011-02-23 09:50:12',null),
(98,1,'SYSTEM_ADMIN_PUBLISHER_ADD','Base system admin permission',null,-2,1,null,null,'2011-02-23 09:50:12','2011-02-23 09:50:12',null),
(99,1,'SYSTEM_ADMIN_PUBLISHER_USAGE','Base system admin permission',null,-2,1,null,null,'2011-02-23 09:50:12','2011-02-23 09:50:12',null),
(100,1,'SYSTEM_ADMIN_USER_MANAGE','Base system admin permission',null,-2,1,null,null,'2011-02-23 09:50:12','2011-02-23 09:50:12',null),
(101,1,'SYSTEM_ADMIN_SYSTEM_MONITOR','Base system admin permission',null,-2,1,null,null,'2011-02-23 09:50:12','2011-02-23 09:50:12',null),
(102,1,'SYSTEM_ADMIN_DEVELOPERS_TAB','Base system admin permission',null,-2,1,null,null,'2011-02-23 09:50:12','2011-02-23 09:50:12',null),
(103,1,'SYSTEM_ADMIN_BATCH_CONTROL','Base system admin permission',null,-2,1,null,null,'2011-02-23 09:50:12','2011-02-23 09:50:12',null),
(104,1,'SYSTEM_ADMIN_BATCH_CONTROL_INPROGRESS','Base system admin permission',null,-2,1,null,null,'2011-02-23 09:50:12','2011-02-23 09:50:12',null),
(105,1,'SYSTEM_ADMIN_BATCH_CONTROL_FAILED','Base system admin permission',null,-2,1,null,null,'2011-02-23 09:50:12','2011-02-23 09:50:12',null),
(106,1,'SYSTEM_ADMIN_BATCH_CONTROL_SETUP','Base system admin permission',null,-2,1,null,null,'2011-02-23 09:50:12','2011-02-23 09:50:12',null),
(107,1,'SYSTEM_ADMIN_STORAGE','Base system admin permission',null,-2,1,null,null,'2011-02-23 09:50:12','2011-02-23 09:50:12',null),
(108,1,'SYSTEM_ADMIN_VIRUS_SCAN','Base system admin permission',null,-2,1,null,null,'2011-02-23 09:50:12','2011-02-23 09:50:12',null),
(109,1,'SYSTEM_ADMIN_EMAIL_INGESTION','Base system admin permission',null,-2,1,null,null,'2011-02-23 09:50:12','2011-02-23 09:50:12',null),
(110,1,'SYSTEM_ADMIN_CONTENT_DISTRIBUTION_BASE','Base system admin permission',null,-2,1,null,null,'2011-02-23 09:50:12','2011-02-23 09:50:12',null),
(111,1,'SYSTEM_ADMIN_CONTENT_DISTRIBUTION_MODIFY','Base system admin permission',null,-2,1,null,null,'2011-02-23 09:50:12','2011-02-23 09:50:12',null),
(112,1,'SYSTEM_ADMIN_PERMISSIONS_MANAGE','Base system admin permission',null,-2,1,null,null,'2011-02-23 09:50:12','2011-02-23 09:50:12',null),
(113,1,'SYSTEM_INTERNAL','System internal actions',null,-2,1,null,null,'2011-02-23 09:50:12','2011-02-23 09:50:12',null),
(114,1,'SYSTEM_ADMIN_ENTRY_INVESTIGATION','Entry investigation',null,-2,1,null,null,'2011-02-23 09:50:12','2011-02-23 09:50:12',null),
(115,1,'SYSTEM_FILESYNC','Filesync actions',null,-2,1,null,null,'2011-02-23 09:50:12','2011-02-23 09:50:12',null),
(116,2,'FEATURE_PS2_PERMISSIONS_VALIDATION','PS2 permissions validation',null,99,1,null,null,'2011-02-23 09:50:12','2011-02-23 09:50:12',null),
(117,4,'PARTNER_-1_GROUP_*_PERMISSION','Partner -1 permission for group *','Partner -1 permission for group *',-1,1,null,null,'2011-02-23 09:58:37','2011-02-23 09:58:37','a:1:{s:13:"partner_group";s:1:"*";}'),
(118,4,'PARTNER_-2_GROUP_*_PERMISSION','Partner -2 permission for group *','Partner -2 permission for group *',-2,1,null,null,'2011-02-23 09:59:10','2011-02-23 09:59:10','a:1:{s:13:"partner_group";s:1:"*";}'),
(119,1,'ADMIN_PERMISSION_ADD','Add permissions','Permission to add permission objects',0,1,'','','2011-02-23 10:24:20','2011-02-23 10:24:20','a:1:{s:13:"partner_group";s:0:"";}'),
(120,1,'ADMIN_PERMISSION_UPDATE','Update permissions','Permission to update permission objects',0,1,'','','2011-02-23 10:24:20','2011-02-23 10:24:20','a:1:{s:13:"partner_group";s:0:"";}'),
(121,1,'ADMIN_PERMISSION_DELETE','Delete permissions','Permission to delete permission objects',0,1,'','','2011-02-23 10:24:20','2011-02-23 10:24:20','a:1:{s:13:"partner_group";s:0:"";}'),
(122,1,'SHORT_LINK_BASE','Short Link Base','Permission to use Short Link objects',0,1,'','','2011-02-23 10:25:37','2011-02-23 10:25:37','a:1:{s:13:"partner_group";s:0:"";}'),
(123,1,'SHORT_LINK_MODIFY','Short Link Modify','Permission to modify Short Link objects',0,1,'','','2011-02-23 10:25:37','2011-02-23 10:25:37','a:1:{s:13:"partner_group";s:0:"";}'),
(124,2,'FEATURE_ANALYTICS_TAB','FEATURE_ANALYTICS_TAB',null,99,1,null,null,'2011-02-23 10:25:37','2011-02-23 10:25:37',null),
(125,3,'CONTENTDISTRIBUTION_PLUGIN_PERMISSION','contentDistribution plugin permission','Permission to use contentDistribution plugin',99,1,null,null,'2011-08-11 17:17:14','2011-08-11 17:17:14',null),
(126,2,'FEATURE_MOBILE_FLAVORS','FEATURE_MOBILE_FLAVORS',null,99,1,null,null,'2011-08-11 17:17:14','2011-08-11 17:17:14',null),
(127,1,'PARTNER_AGGREGATION_VIEW','View partner aggregation','Permission to view partner aggregation data warehouse records',0,1,'','','2011-08-11 17:17:14','2011-08-11 17:17:14','a:1:{s:13:"partner_group";s:0:"";}'),
(128,1,'SYSTEM_ADMIN_PUBLISHER_LIST_COMMERCIAL','Commercial publisher list','View commercial publisher list',-2,1,'SYSTEM_ADMIN_PUBLISHER_BASE','','2011-08-11 17:17:19','2011-08-11 17:17:19','a:1:{s:13:"partner_group";s:0:"";}'),
(129,1,'CONTENT_INGEST_REFERENCE_MODIFY','Content ingest reference modify','Permission to modify entry reference id',0,1,'','','2011-08-11 17:17:20','2011-08-11 17:17:20','a:1:{s:13:"partner_group";s:0:"";}'),
(130,1,'dropFolder.SYSTEM_ADMIN_DROP_FOLDER_BASE','Drop Folder Base - System Admin','Permission to use drop folder objects',-2,1,'','','2011-08-11 17:17:27','2011-08-11 17:17:27','a:1:{s:13:"partner_group";s:0:"";}'),
(131,1,'dropFolder.SYSTEM_ADMIN_DROP_FOLDER_MODIFY','Drop Folder Modify - System Admin','Permission to modify drop folder objects',-2,1,'','','2011-08-11 17:17:27','2011-08-11 17:17:27','a:1:{s:13:"partner_group";s:0:"";}'),
(132,1,'dropFolder.CONTENT_INGEST_DROP_FOLDER_BASE','Drop Folder Modify','Permission to modify drop folder objects',0,1,'DROPFOLDER_PLUGIN_PERMISSION','','2011-08-11 17:17:27','2011-08-11 17:17:27','a:1:{s:13:"partner_group";s:0:"";}'),
(133,1,'dropFolder.CONTENT_INGEST_DROP_FOLDER_MODIFY','Drop Folder Modify','Permission to modify drop folder objects',0,1,'DROPFOLDER_PLUGIN_PERMISSION','','2011-08-11 17:17:27','2011-08-11 17:17:27','a:1:{s:13:"partner_group";s:0:"";}'),
(134,1,'dropFolder.CONTENT_INGEST_DROP_FOLDER_MATCH','Drop Folder Match','Permission to match drop folder file to entry',0,1,'DROPFOLDER_PLUGIN_PERMISSION','','2011-08-11 17:17:27','2011-08-11 17:17:27','a:1:{s:13:"partner_group";s:0:"";}'),
(135,1,'dropFolder.CONTENT_INGEST_DROP_FOLDER_DELETE','Drop Folder Delete','Permission to delete drop folder file',0,1,'DROPFOLDER_PLUGIN_PERMISSION','','2011-08-11 17:17:27','2011-08-11 17:17:27','a:1:{s:13:"partner_group";s:0:"";}'),
(136,3,'METADATA_PLUGIN_PERMISSION','metadata plugin permission','Permission to use metadata plugin',-2,1,'','','2011-08-11 17:17:35','2011-08-11 17:17:35','a:1:{s:13:"partner_group";s:0:"";}'),
(137,1,'SYSTEM_ADMIN_PUBLISHER_RESET_USER_PASSWORD','System admin reset partners user password permission1.description = Permission to reset a partners ',null,-2,1,'','','2011-08-11 17:17:36','2011-08-11 17:17:36','a:1:{s:13:"partner_group";s:0:"";}'),
(138,1,'BULK_LOG_BASE','Bulk upload log base','Permission to view bulk upload logs',0,1,'','','2011-08-11 17:17:39','2011-08-11 17:17:39','a:1:{s:13:"partner_group";s:0:"";}'),
(139,1,'BULK_LOG_DOWNLOAD','Bulk upload log download','Permission to download bulk upload logs',0,1,'BULK_LOG_BASE','','2011-08-11 17:17:39','2011-08-11 17:17:39','a:1:{s:13:"partner_group";s:0:"";}'),
(140,1,'BULK_LOG_DELETE','Bulk upload log delete','Permission to delete bulk upload logs',0,1,'BULK_LOG_BASE','','2011-08-11 17:17:39','2011-08-11 17:17:39','a:1:{s:13:"partner_group";s:0:"";}'),
(141,1,'CONTENT_INGEST_EXTERNAL_SEARCH','Content ingest external search','Permission to ingest content from external providers',0,1,'','','2011-08-11 17:17:46','2011-08-11 17:17:46','a:1:{s:13:"partner_group";s:0:"";}'),
(142,1,'CONTENT_INGEST_WEBCAM','Content ingest webcam','Permission to ingest content from webcam',0,1,'','','2011-08-11 17:17:46','2011-08-11 17:17:46','a:1:{s:13:"partner_group";s:0:"";}'),
(143,1,'CONTENT_INGEST_REMOTE_STORAGE','Content ingest remote storage','Permission to ingest content from remote storage',0,1,'FEATURE_REMOTE_STORAGE_INGEST','','2011-08-11 17:17:46','2011-08-11 17:17:46','a:1:{s:13:"partner_group";s:0:"";}'),
(144,1,'CONTENT_INGEST_REPLACE','Content ingest replace','Permission to replace entry content',0,1,'FEATURE_ENTRY_REPLACEMENT','','2011-08-11 17:17:46','2011-08-11 17:17:46','a:1:{s:13:"partner_group";s:0:"";}'),
(145,1,'CONTENT_INGEST_ORPHAN_VIDEO','Content ingest orphan video','Permission to create orphan video media entry',0,1,'','','2011-08-11 17:17:46','2011-08-11 17:17:46','a:1:{s:13:"partner_group";s:0:"";}'),
(146,1,'CONTENT_INGEST_ORPHAN_AUDIO','Content ingest orphan audio','Permission to create orphan audio media entry',0,1,'','','2011-08-11 17:17:46','2011-08-11 17:17:46','a:1:{s:13:"partner_group";s:0:"";}'),
(147,1,'CONTENT_INGEST_INTO_ORPHAN','Content ingest into orphan entry','Permission to ingest flavors to existing orphan media entry',0,1,'','','2011-08-11 17:17:46','2011-08-11 17:17:46','a:1:{s:13:"partner_group";s:0:"";}'),
(148,1,'CONTENT_INGEST_INTO_READY','Content ingest into orphan entry','Permission to ingest flavors to existing orphan media entry',0,1,'FEATURE_ENTRY_REPLACEMENT','','2011-08-11 17:17:46','2011-08-11 17:17:46','a:1:{s:13:"partner_group";s:0:"";}'),
(149,1,'CONTENT_INGEST_BASE','Content ingest replace','Permission to replace entry content',0,1,'','','2011-08-11 17:17:46','2011-08-11 17:17:46','a:1:{s:13:"partner_group";s:0:"";}'),
(150,1,'systemPartner.SYSTEM_ADMIN_PUBLISHER_CONFIG_TECH_DATA','System admin config publisher tech data','Permission to modify publishers tech data',-2,1,'','','2011-08-11 17:17:54','2011-08-11 17:17:54','a:1:{s:13:"partner_group";s:0:"";}'),
(151,1,'systemPartner.SYSTEM_ADMIN_PUBLISHER_CONFIG_ACCOUNT_INFO','System admin config publisher account info','Permission to modify publishers account info',-2,1,'','','2011-08-11 17:17:54','2011-08-11 17:17:54','a:1:{s:13:"partner_group";s:0:"";}'),
(152,1,'systemPartner.SYSTEM_ADMIN_PUBLISHER_CONFIG_GROUP_OPTIONS','System admin config publisher group options','Permission to modify publisherss group options',-2,1,'','','2011-08-11 17:17:54','2011-08-11 17:17:54','a:1:{s:13:"partner_group";s:0:"";}'),
(153,1,'cuePoint.MANAGE','Cue points management','Permission to add, update and delete cue points',0,1,'CONTENT_MANAGE_BASE','','2011-08-11 17:17:55','2011-08-11 17:17:55','a:1:{s:13:"partner_group";s:0:"";}'),
(154,1,'adCuePoint.MANAGE','AD cue points management','Permission to insert and update ad attributes',0,1,'CONTENT_MANAGE_BASE','','2011-08-11 17:17:55','2011-08-11 17:17:55','a:1:{s:13:"partner_group";s:0:"";}'),
(155,1,'CONTENT_INGEST_CLIP_MEDIA','Content ingest clipped media','Permission to ingest clipped media entry',0,1,'','','2011-08-11 17:18:02','2011-08-11 17:18:02','a:1:{s:13:"partner_group";s:0:"";}'),
(156,1,'ATTACHMENT_MODIFY','Modify Attachment','Permission to modify attachment',0,1,'ATTACHMENT_PLUGIN_PERMISSION','','2011-08-11 17:18:03','2011-08-11 17:18:03','a:1:{s:13:"partner_group";s:0:"";}'),
(157,1,'CAPTION_MODIFY','Modify Captions','Permission to modify captions',0,1,'CAPTION_PLUGIN_PERMISSION','','2011-08-11 17:18:13','2011-08-11 17:18:13','a:1:{s:13:"partner_group";s:0:"";}'),
(158,1,'CAPTION_SEARCH','Captions Search','Permission to search captions by content',0,1,'CAPTIONSEARCH_PLUGIN_PERMISSION','','2011-08-11 17:18:29','2011-08-11 17:18:29','a:1:{s:13:"partner_group";s:0:"";}');

insert into `permission_item`(`id`,`type`,`partner_id`,`param_1`,`param_2`,`param_3`,`param_4`,`param_5`,`tags`,`created_at`,`updated_at`,`custom_data`) values 
(1,'kApiActionPermissionItem',0,'metadata_metadataprofile','list','','','',null,'2011-02-23 09:53:15','2011-02-23 09:53:15',null),
(2,'kApiActionPermissionItem',0,'metadata_metadataprofile','add','','','',null,'2011-02-23 09:53:15','2011-02-23 09:53:15',null),
(3,'kApiActionPermissionItem',0,'metadata_metadataprofile','addfromfile','','','',null,'2011-02-23 09:53:15','2011-02-23 09:53:15',null),
(4,'kApiActionPermissionItem',0,'metadata_metadataprofile','delete','','','',null,'2011-02-23 09:53:15','2011-02-23 09:53:15',null),
(5,'kApiActionPermissionItem',0,'metadata_metadataprofile','get','','','',null,'2011-02-23 09:53:15','2011-02-23 09:53:15',null),
(6,'kApiActionPermissionItem',0,'metadata_metadataprofile','update','','','',null,'2011-02-23 09:53:15','2011-02-23 09:53:15',null),
(7,'kApiActionPermissionItem',0,'metadata_metadataprofile','updatedefinitionfromfile','','','',null,'2011-02-23 09:53:15','2011-02-23 09:53:15',null),
(8,'kApiActionPermissionItem',0,'metadata_metadataprofile','updateviewsfromfile','','','',null,'2011-02-23 09:53:15','2011-02-23 09:53:15',null),
(9,'kApiActionPermissionItem',0,'metadata_metadataprofile','listfields','','','',null,'2011-02-23 09:53:15','2011-02-23 09:53:15',null),
(10,'kApiActionPermissionItem',0,'metadata_metadataprofile','revert','','','',null,'2011-02-23 09:53:15','2011-02-23 09:53:15',null),
(11,'kApiActionPermissionItem',0,'metadata_metadata','list','','','',null,'2011-02-23 09:53:15','2011-02-23 09:53:15',null),
(12,'kApiActionPermissionItem',0,'metadata_metadata','add','','','',null,'2011-02-23 09:53:15','2011-02-23 09:53:15',null),
(13,'kApiActionPermissionItem',0,'metadata_metadata','addfromfile','','','',null,'2011-02-23 09:53:15','2011-02-23 09:53:15',null),
(14,'kApiActionPermissionItem',0,'metadata_metadata','addfromurl','','','',null,'2011-02-23 09:53:15','2011-02-23 09:53:15',null),
(15,'kApiActionPermissionItem',0,'metadata_metadata','delete','','','',null,'2011-02-23 09:53:15','2011-02-23 09:53:15',null),
(16,'kApiActionPermissionItem',0,'metadata_metadata','get','','','',null,'2011-02-23 09:53:15','2011-02-23 09:53:15',null),
(17,'kApiActionPermissionItem',0,'metadata_metadata','update','','','',null,'2011-02-23 09:53:15','2011-02-23 09:53:15',null),
(18,'kApiActionPermissionItem',0,'metadata_metadata','updatefromfile','','','',null,'2011-02-23 09:53:15','2011-02-23 09:53:15',null),
(19,'kApiActionPermissionItem',0,'document_documents','addfromuploadedfile','','','',null,'2011-02-23 09:53:15','2011-02-23 09:53:15',null),
(20,'kApiActionPermissionItem',0,'document_documents','convert','','','',null,'2011-02-23 09:53:16','2011-02-23 09:53:16',null),
(21,'kApiActionPermissionItem',0,'document_documents','addfromentry','','','',null,'2011-02-23 09:53:16','2011-02-23 09:53:16',null),
(22,'kApiActionPermissionItem',0,'document_documents','addfromflavorasset','','','',null,'2011-02-23 09:53:16','2011-02-23 09:53:16',null),
(23,'kApiActionPermissionItem',0,'document_documents','get','','','',null,'2011-02-23 09:53:16','2011-02-23 09:53:16',null),
(24,'kApiActionPermissionItem',0,'document_documents','update','','','',null,'2011-02-23 09:53:16','2011-02-23 09:53:16',null),
(25,'kApiActionPermissionItem',0,'document_documents','delete','','','',null,'2011-02-23 09:53:16','2011-02-23 09:53:16',null),
(26,'kApiActionPermissionItem',0,'document_documents','list','','','',null,'2011-02-23 09:53:16','2011-02-23 09:53:16',null),
(27,'kApiActionPermissionItem',0,'document_documents','upload','','','',null,'2011-02-23 09:53:16','2011-02-23 09:53:16',null),
(28,'kApiActionPermissionItem',0,'document_documents','convertppttoswf','','','',null,'2011-02-23 09:53:16','2011-02-23 09:53:16',null),
(29,'kApiActionPermissionItem',0,'document_documents','serve','','','',null,'2011-02-23 09:53:16','2011-02-23 09:53:16',null),
(30,'kApiActionPermissionItem',0,'document_documents','servebyflavorparamsid','','','',null,'2011-02-23 09:53:16','2011-02-23 09:53:16',null),
(31,'kApiActionPermissionItem',0,'session','start','','','',null,'2011-02-23 09:53:16','2011-02-23 09:53:16',null),
(32,'kApiActionPermissionItem',0,'session','startwidgetsession','','','',null,'2011-02-23 09:53:16','2011-02-23 09:53:16',null),
(33,'kApiActionPermissionItem',0,'session','end','','','',null,'2011-02-23 09:53:17','2011-02-23 09:53:17',null),
(34,'kApiActionPermissionItem',0,'session','impersonate','','','',null,'2011-02-23 09:53:17','2011-02-23 09:53:17',null),
(35,'kApiActionPermissionItem',0,'uiconf','add','','','',null,'2011-02-23 09:53:17','2011-02-23 09:53:17',null),
(36,'kApiActionPermissionItem',0,'uiconf','update','','','',null,'2011-02-23 09:53:17','2011-02-23 09:53:17',null),
(37,'kApiActionPermissionItem',0,'uiconf','get','','','',null,'2011-02-23 09:53:17','2011-02-23 09:53:17',null),
(38,'kApiActionPermissionItem',0,'uiconf','delete','','','',null,'2011-02-23 09:53:17','2011-02-23 09:53:17',null),
(39,'kApiActionPermissionItem',0,'uiconf','clone','','','',null,'2011-02-23 09:53:17','2011-02-23 09:53:17',null),
(40,'kApiActionPermissionItem',0,'uiconf','list','','','',null,'2011-02-23 09:53:17','2011-02-23 09:53:17',null),
(41,'kApiActionPermissionItem',0,'uiconf','listtemplates','','','',null,'2011-02-23 09:53:17','2011-02-23 09:53:17',null),
(42,'kApiActionPermissionItem',0,'user','add','','','',null,'2011-02-23 09:53:17','2011-02-23 09:53:17',null),
(43,'kApiActionPermissionItem',0,'user','get','','','',null,'2011-02-23 09:53:17','2011-02-23 09:53:17',null),
(44,'kApiActionPermissionItem',0,'user','update','','','',null,'2011-02-23 09:53:17','2011-02-23 09:53:17',null),
(45,'kApiActionPermissionItem',0,'user','delete','','','',null,'2011-02-23 09:53:17','2011-02-23 09:53:17',null),
(46,'kApiActionPermissionItem',0,'user','list','','','',null,'2011-02-23 09:53:17','2011-02-23 09:53:17',null),
(47,'kApiActionPermissionItem',0,'user','notifyban','','','',null,'2011-02-23 09:53:17','2011-02-23 09:53:17',null),
(48,'kApiActionPermissionItem',0,'user','login','','','',null,'2011-02-23 09:53:17','2011-02-23 09:53:17',null),
(49,'kApiActionPermissionItem',0,'user','loginbyloginid','','','',null,'2011-02-23 09:53:17','2011-02-23 09:53:17',null),
(50,'kApiActionPermissionItem',0,'user','getbyloginid','','','',null,'2011-02-23 09:53:17','2011-02-23 09:53:17',null),
(51,'kApiActionPermissionItem',0,'user','updatelogindata','','','',null,'2011-02-23 09:53:18','2011-02-23 09:53:18',null),
(52,'kApiActionPermissionItem',0,'user','resetpassword','','','',null,'2011-02-23 09:53:18','2011-02-23 09:53:18',null),
(53,'kApiActionPermissionItem',0,'user','setinitialpassword','','','',null,'2011-02-23 09:53:18','2011-02-23 09:53:18',null),
(54,'kApiActionPermissionItem',0,'user','enablelogin','','','',null,'2011-02-23 09:53:18','2011-02-23 09:53:18',null),
(55,'kApiActionPermissionItem',0,'user','disablelogin','','','',null,'2011-02-23 09:53:18','2011-02-23 09:53:18',null),
(56,'kApiActionPermissionItem',0,'widget','add','','','',null,'2011-02-23 09:53:18','2011-02-23 09:53:18',null),
(57,'kApiActionPermissionItem',0,'widget','clone','','','',null,'2011-02-23 09:53:18','2011-02-23 09:53:18',null),
(58,'kApiActionPermissionItem',0,'widget','get','','','',null,'2011-02-23 09:53:18','2011-02-23 09:53:18',null),
(59,'kApiActionPermissionItem',0,'widget','update','','','',null,'2011-02-23 09:53:18','2011-02-23 09:53:18',null),
(60,'kApiActionPermissionItem',0,'widget','list','','','',null,'2011-02-23 09:53:18','2011-02-23 09:53:18',null),
(61,'kApiActionPermissionItem',0,'partner','register','','','',null,'2011-02-23 09:53:18','2011-02-23 09:53:18',null),
(62,'kApiActionPermissionItem',0,'partner','update','','','',null,'2011-02-23 09:53:19','2011-02-23 09:53:19',null),
(63,'kApiActionPermissionItem',0,'partner','getsecrets','','','',null,'2011-02-23 09:53:19','2011-02-23 09:53:19',null),
(64,'kApiActionPermissionItem',0,'partner','getinfo','','','',null,'2011-02-23 09:53:19','2011-02-23 09:53:19',null),
(65,'kApiActionPermissionItem',0,'partner','getusage','','','',null,'2011-02-23 09:53:19','2011-02-23 09:53:19',null),
(66,'kApiActionPermissionItem',0,'adminuser','updatepassword','','','',null,'2011-02-23 09:53:19','2011-02-23 09:53:19',null),
(67,'kApiActionPermissionItem',0,'adminuser','resetpassword','','','',null,'2011-02-23 09:53:19','2011-02-23 09:53:19',null),
(68,'kApiActionPermissionItem',0,'adminuser','login','','','',null,'2011-02-23 09:53:19','2011-02-23 09:53:19',null),
(69,'kApiActionPermissionItem',0,'adminuser','setinitialpassword','','','',null,'2011-02-23 09:53:19','2011-02-23 09:53:19',null),
(70,'kApiActionPermissionItem',0,'search','search','','','',null,'2011-02-23 09:53:20','2011-02-23 09:53:20',null),
(71,'kApiActionPermissionItem',0,'search','getmediainfo','','','',null,'2011-02-23 09:53:20','2011-02-23 09:53:20',null),
(72,'kApiActionPermissionItem',0,'search','searchurl','','','',null,'2011-02-23 09:53:20','2011-02-23 09:53:20',null),
(73,'kApiActionPermissionItem',0,'search','externallogin','','','',null,'2011-02-23 09:53:20','2011-02-23 09:53:20',null),
(74,'kApiActionPermissionItem',0,'playlist','add','','','',null,'2011-02-23 09:53:20','2011-02-23 09:53:20',null),
(75,'kApiActionPermissionItem',0,'playlist','update','','','',null,'2011-02-23 09:53:20','2011-02-23 09:53:20',null),
(76,'kApiActionPermissionItem',0,'playlist','get','','','',null,'2011-02-23 09:53:20','2011-02-23 09:53:20',null),
(77,'kApiActionPermissionItem',0,'playlist','delete','','','',null,'2011-02-23 09:53:21','2011-02-23 09:53:21',null),
(78,'kApiActionPermissionItem',0,'playlist','clone','','','',null,'2011-02-23 09:53:21','2011-02-23 09:53:21',null),
(79,'kApiActionPermissionItem',0,'playlist','list','','','',null,'2011-02-23 09:53:21','2011-02-23 09:53:21',null),
(80,'kApiActionPermissionItem',0,'playlist','execute','','','',null,'2011-02-23 09:53:21','2011-02-23 09:53:21',null),
(81,'kApiActionPermissionItem',0,'playlist','executefromcontent','','','',null,'2011-02-23 09:53:21','2011-02-23 09:53:21',null),
(82,'kApiActionPermissionItem',0,'playlist','executefromfilters','','','',null,'2011-02-23 09:53:21','2011-02-23 09:53:21',null),
(83,'kApiActionPermissionItem',0,'playlist','getstatsfromcontent','','','',null,'2011-02-23 09:53:21','2011-02-23 09:53:21',null),
(84,'kApiActionPermissionItem',0,'media','addfromurl','','','',null,'2011-02-23 09:53:21','2011-02-23 09:53:21',null),
(85,'kApiActionPermissionItem',0,'media','addfromsearchresult','','','',null,'2011-02-23 09:53:21','2011-02-23 09:53:21',null),
(86,'kApiActionPermissionItem',0,'media','addfromuploadedfile','','','',null,'2011-02-23 09:53:21','2011-02-23 09:53:21',null),
(87,'kApiActionPermissionItem',0,'media','addfromrecordedwebcam','','','',null,'2011-02-23 09:53:22','2011-02-23 09:53:22',null),
(88,'kApiActionPermissionItem',0,'media','get','','','',null,'2011-02-23 09:53:22','2011-02-23 09:53:22',null),
(89,'kApiActionPermissionItem',0,'media','convert','','','',null,'2011-02-23 09:53:22','2011-02-23 09:53:22',null),
(90,'kApiActionPermissionItem',0,'media','addfromentry','','','',null,'2011-02-23 09:53:22','2011-02-23 09:53:22',null),
(91,'kApiActionPermissionItem',0,'media','addfromflavorasset','','','',null,'2011-02-23 09:53:22','2011-02-23 09:53:22',null),
(92,'kApiActionPermissionItem',0,'media','update','','','',null,'2011-02-23 09:53:23','2011-02-23 09:53:23',null),
(93,'kApiActionPermissionItem',0,'media','upload','','','',null,'2011-02-23 09:53:23','2011-02-23 09:53:23',null),
(94,'kApiActionPermissionItem',0,'media','delete','','','',null,'2011-02-23 09:53:23','2011-02-23 09:53:23',null),
(95,'kApiActionPermissionItem',0,'media','list','','','',null,'2011-02-23 09:53:23','2011-02-23 09:53:23',null),
(96,'kApiActionPermissionItem',0,'media','count','','','',null,'2011-02-23 09:53:24','2011-02-23 09:53:24',null),
(97,'kApiActionPermissionItem',0,'media','updatethumbnail','','','',null,'2011-02-23 09:53:24','2011-02-23 09:53:24',null),
(98,'kApiActionPermissionItem',0,'media','updatethumbnailjpeg','','','',null,'2011-02-23 09:53:24','2011-02-23 09:53:24',null),
(99,'kApiActionPermissionItem',0,'media','updatethumbnailfromurl','','','',null,'2011-02-23 09:53:24','2011-02-23 09:53:24',null),
(100,'kApiActionPermissionItem',0,'media','updatethumbnailfromsourceentry','','','',null,'2011-02-23 09:53:24','2011-02-23 09:53:24',null),
(101,'kApiActionPermissionItem',0,'media','requestconversion','','','',null,'2011-02-23 09:53:25','2011-02-23 09:53:25',null),
(102,'kApiActionPermissionItem',0,'media','flag','','','',null,'2011-02-23 09:53:25','2011-02-23 09:53:25',null),
(103,'kApiActionPermissionItem',0,'media','reject','','','',null,'2011-02-23 09:53:25','2011-02-23 09:53:25',null),
(104,'kApiActionPermissionItem',0,'media','approve','','','',null,'2011-02-23 09:53:25','2011-02-23 09:53:25',null),
(105,'kApiActionPermissionItem',0,'media','listflags','','','',null,'2011-02-23 09:53:25','2011-02-23 09:53:25',null),
(106,'kApiActionPermissionItem',0,'media','anonymousrank','','','',null,'2011-02-23 09:53:25','2011-02-23 09:53:25',null),
(107,'kApiActionPermissionItem',0,'livestream','add','','','',null,'2011-02-23 09:53:25','2011-02-23 09:53:25',null),
(108,'kApiActionPermissionItem',0,'livestream','get','','','',null,'2011-02-23 09:53:25','2011-02-23 09:53:25',null),
(109,'kApiActionPermissionItem',0,'livestream','update','','','',null,'2011-02-23 09:53:26','2011-02-23 09:53:26',null),
(110,'kApiActionPermissionItem',0,'livestream','delete','','','',null,'2011-02-23 09:53:26','2011-02-23 09:53:26',null),
(111,'kApiActionPermissionItem',0,'livestream','list','','','',null,'2011-02-23 09:53:26','2011-02-23 09:53:26',null),
(112,'kApiActionPermissionItem',0,'livestream','updateofflinethumbnailjpeg','','','',null,'2011-02-23 09:53:26','2011-02-23 09:53:26',null),
(113,'kApiActionPermissionItem',0,'livestream','updateofflinethumbnailfromurl','','','',null,'2011-02-23 09:53:26','2011-02-23 09:53:26',null),
(114,'kApiActionPermissionItem',0,'mixing','add','','','',null,'2011-02-23 09:53:27','2011-02-23 09:53:27',null),
(115,'kApiActionPermissionItem',0,'mixing','get','','','',null,'2011-02-23 09:53:27','2011-02-23 09:53:27',null),
(116,'kApiActionPermissionItem',0,'mixing','update','','','',null,'2011-02-23 09:53:27','2011-02-23 09:53:27',null),
(117,'kApiActionPermissionItem',0,'mixing','delete','','','',null,'2011-02-23 09:53:27','2011-02-23 09:53:27',null),
(118,'kApiActionPermissionItem',0,'mixing','list','','','',null,'2011-02-23 09:53:27','2011-02-23 09:53:27',null),
(119,'kApiActionPermissionItem',0,'mixing','count','','','',null,'2011-02-23 09:53:28','2011-02-23 09:53:28',null),
(120,'kApiActionPermissionItem',0,'mixing','clone','','','',null,'2011-02-23 09:53:28','2011-02-23 09:53:28',null),
(121,'kApiActionPermissionItem',0,'mixing','appendmediaentry','','','',null,'2011-02-23 09:53:28','2011-02-23 09:53:28',null),
(122,'kApiActionPermissionItem',0,'mixing','requestflattening','','','',null,'2011-02-23 09:53:29','2011-02-23 09:53:29',null),
(123,'kApiActionPermissionItem',0,'mixing','getmixesbymediaid','','','',null,'2011-02-23 09:53:29','2011-02-23 09:53:29',null),
(124,'kApiActionPermissionItem',0,'mixing','getreadymediaentries','','','',null,'2011-02-23 09:53:29','2011-02-23 09:53:29',null),
(125,'kApiActionPermissionItem',0,'mixing','anonymousrank','','','',null,'2011-02-23 09:53:30','2011-02-23 09:53:30',null),
(126,'kApiActionPermissionItem',0,'data','add','','','',null,'2011-02-23 09:53:30','2011-02-23 09:53:30',null),
(127,'kApiActionPermissionItem',0,'data','get','','','',null,'2011-02-23 09:53:30','2011-02-23 09:53:30',null),
(128,'kApiActionPermissionItem',0,'data','update','','','',null,'2011-02-23 09:53:30','2011-02-23 09:53:30',null),
(129,'kApiActionPermissionItem',0,'data','delete','','','',null,'2011-02-23 09:53:31','2011-02-23 09:53:31',null),
(130,'kApiActionPermissionItem',0,'data','list','','','',null,'2011-02-23 09:53:31','2011-02-23 09:53:31',null),
(131,'kApiActionPermissionItem',0,'data','serve','','','',null,'2011-02-23 09:53:31','2011-02-23 09:53:31',null),
(132,'kApiActionPermissionItem',0,'baseentry','addfromuploadedfile','','','',null,'2011-02-23 09:53:32','2011-02-23 09:53:32',null),
(133,'kApiActionPermissionItem',0,'baseentry','list','','','',null,'2011-02-23 09:53:32','2011-02-23 09:53:32',null),
(134,'kApiActionPermissionItem',0,'baseentry','count','','','',null,'2011-02-23 09:53:33','2011-02-23 09:53:33',null),
(135,'kApiActionPermissionItem',0,'baseentry','get','','','',null,'2011-02-23 09:53:33','2011-02-23 09:53:33',null),
(136,'kApiActionPermissionItem',0,'baseentry','getcontextdata','','','',null,'2011-02-23 09:53:33','2011-02-23 09:53:33',null),
(137,'kApiActionPermissionItem',0,'baseentry','update','','','',null,'2011-02-23 09:53:34','2011-02-23 09:53:34',null),
(138,'kApiActionPermissionItem',0,'baseentry','upload','','','',null,'2011-02-23 09:53:34','2011-02-23 09:53:34',null),
(139,'kApiActionPermissionItem',0,'baseentry','getbyids','','','',null,'2011-02-23 09:53:34','2011-02-23 09:53:34',null),
(140,'kApiActionPermissionItem',0,'baseentry','delete','','','',null,'2011-02-23 09:53:35','2011-02-23 09:53:35',null),
(141,'kApiActionPermissionItem',0,'baseentry','updatethumbnailjpeg','','','',null,'2011-02-23 09:53:35','2011-02-23 09:53:35',null),
(142,'kApiActionPermissionItem',0,'baseentry','updatethumbnailfromurl','','','',null,'2011-02-23 09:53:35','2011-02-23 09:53:35',null),
(143,'kApiActionPermissionItem',0,'baseentry','updatethumbnailfromsourceentry','','','',null,'2011-02-23 09:53:36','2011-02-23 09:53:36',null),
(144,'kApiActionPermissionItem',0,'baseentry','flag','','','',null,'2011-02-23 09:53:36','2011-02-23 09:53:36',null),
(145,'kApiActionPermissionItem',0,'baseentry','reject','','','',null,'2011-02-23 09:53:37','2011-02-23 09:53:37',null),
(146,'kApiActionPermissionItem',0,'baseentry','approve','','','',null,'2011-02-23 09:53:37','2011-02-23 09:53:37',null),
(147,'kApiActionPermissionItem',0,'baseentry','listflags','','','',null,'2011-02-23 09:53:37','2011-02-23 09:53:37',null),
(148,'kApiActionPermissionItem',0,'baseentry','anonymousrank','','','',null,'2011-02-23 09:53:37','2011-02-23 09:53:37',null),
(149,'kApiActionPermissionItem',0,'bulkupload','add','','','',null,'2011-02-23 09:53:37','2011-02-23 09:53:37',null),
(150,'kApiActionPermissionItem',0,'bulkupload','get','','','',null,'2011-02-23 09:53:37','2011-02-23 09:53:37',null),
(151,'kApiActionPermissionItem',0,'bulkupload','delete','','','',null,'2011-02-23 09:53:37','2011-02-23 09:53:37',null),
(152,'kApiActionPermissionItem',0,'bulkupload','list','','','',null,'2011-02-23 09:53:37','2011-02-23 09:53:37',null),
(153,'kApiActionPermissionItem',0,'report','getgraphs','','','',null,'2011-02-23 09:53:37','2011-02-23 09:53:37',null),
(154,'kApiActionPermissionItem',0,'report','gettotal','','','',null,'2011-02-23 09:53:37','2011-02-23 09:53:37',null),
(155,'kApiActionPermissionItem',0,'report','gettable','','','',null,'2011-02-23 09:53:37','2011-02-23 09:53:37',null),
(156,'kApiActionPermissionItem',0,'report','geturlforreportascsv','','','',null,'2011-02-23 09:53:37','2011-02-23 09:53:37',null),
(157,'kApiActionPermissionItem',0,'stats','collect','','','',null,'2011-02-23 09:53:37','2011-02-23 09:53:37',null),
(158,'kApiActionPermissionItem',0,'stats','kmccollect','','','',null,'2011-02-23 09:53:38','2011-02-23 09:53:38',null),
(159,'kApiActionPermissionItem',0,'stats','reportkceerror','','','',null,'2011-02-23 09:53:38','2011-02-23 09:53:38',null),
(160,'kApiActionPermissionItem',0,'system','ping','','','',null,'2011-02-23 09:53:39','2011-02-23 09:53:39',null),
(161,'kApiActionPermissionItem',0,'notification','getclientnotification','','','',null,'2011-02-23 09:53:39','2011-02-23 09:53:39',null),
(162,'kApiActionPermissionItem',0,'conversionprofile','add','','','',null,'2011-02-23 09:53:39','2011-02-23 09:53:39',null),
(163,'kApiActionPermissionItem',0,'conversionprofile','get','','','',null,'2011-02-23 09:53:39','2011-02-23 09:53:39',null),
(164,'kApiActionPermissionItem',0,'conversionprofile','update','','','',null,'2011-02-23 09:53:39','2011-02-23 09:53:39',null),
(165,'kApiActionPermissionItem',0,'conversionprofile','delete','','','',null,'2011-02-23 09:53:39','2011-02-23 09:53:39',null),
(166,'kApiActionPermissionItem',0,'conversionprofile','list','','','',null,'2011-02-23 09:53:39','2011-02-23 09:53:39',null),
(167,'kApiActionPermissionItem',0,'conversionprofile','addflavorparams','','','',null,'2011-02-23 09:53:40','2011-02-23 09:53:40',null),
(168,'kApiActionPermissionItem',0,'conversionprofile','removeflavorparams','','','',null,'2011-02-23 09:53:40','2011-02-23 09:53:40',null),
(169,'kApiActionPermissionItem',0,'flavorparams','add','','','',null,'2011-02-23 09:53:40','2011-02-23 09:53:40',null),
(170,'kApiActionPermissionItem',0,'flavorparams','get','','','',null,'2011-02-23 09:53:40','2011-02-23 09:53:40',null),
(171,'kApiActionPermissionItem',0,'flavorparams','update','','','',null,'2011-02-23 09:53:40','2011-02-23 09:53:40',null),
(172,'kApiActionPermissionItem',0,'flavorparams','delete','','','',null,'2011-02-23 09:53:40','2011-02-23 09:53:40',null),
(173,'kApiActionPermissionItem',0,'flavorparams','list','','','',null,'2011-02-23 09:53:40','2011-02-23 09:53:40',null),
(174,'kApiActionPermissionItem',0,'flavorparams','getbyconversionprofileid','','','',null,'2011-02-23 09:53:40','2011-02-23 09:53:40',null),
(175,'kApiActionPermissionItem',0,'flavorparams','getdefault','','','',null,'2011-02-23 09:53:40','2011-02-23 09:53:40',null),
(176,'kApiActionPermissionItem',0,'thumbparams','add','','','',null,'2011-02-23 09:53:40','2011-02-23 09:53:40',null),
(177,'kApiActionPermissionItem',0,'thumbparams','get','','','',null,'2011-02-23 09:53:40','2011-02-23 09:53:40',null),
(178,'kApiActionPermissionItem',0,'thumbparams','update','','','',null,'2011-02-23 09:53:40','2011-02-23 09:53:40',null),
(179,'kApiActionPermissionItem',0,'thumbparams','delete','','','',null,'2011-02-23 09:53:40','2011-02-23 09:53:40',null),
(180,'kApiActionPermissionItem',0,'thumbparams','list','','','',null,'2011-02-23 09:53:40','2011-02-23 09:53:40',null),
(181,'kApiActionPermissionItem',0,'thumbparams','getbyconversionprofileid','','','',null,'2011-02-23 09:53:40','2011-02-23 09:53:40',null),
(182,'kApiActionPermissionItem',0,'thumbparams','getdefault','','','',null,'2011-02-23 09:53:40','2011-02-23 09:53:40',null),
(183,'kApiActionPermissionItem',0,'flavorasset','get','','','',null,'2011-02-23 09:53:40','2011-02-23 09:53:40',null),
(184,'kApiActionPermissionItem',0,'flavorasset','getbyentryid','','','',null,'2011-02-23 09:53:41','2011-02-23 09:53:41',null),
(185,'kApiActionPermissionItem',0,'flavorasset','getwebplayablebyentryid','','','',null,'2011-02-23 09:53:41','2011-02-23 09:53:41',null),
(186,'kApiActionPermissionItem',0,'flavorasset','convert','','','',null,'2011-02-23 09:53:41','2011-02-23 09:53:41',null),
(187,'kApiActionPermissionItem',0,'flavorasset','reconvert','','','',null,'2011-02-23 09:53:41','2011-02-23 09:53:41',null),
(188,'kApiActionPermissionItem',0,'flavorasset','delete','','','',null,'2011-02-23 09:53:42','2011-02-23 09:53:42',null),
(189,'kApiActionPermissionItem',0,'flavorasset','getflavorassetswithparams','','','',null,'2011-02-23 09:53:42','2011-02-23 09:53:42',null),
(190,'kApiActionPermissionItem',0,'flavorasset','getdownloadurl','','','',null,'2011-02-23 09:53:42','2011-02-23 09:53:42',null),
(191,'kApiActionPermissionItem',0,'thumbasset','get','','','',null,'2011-02-23 09:53:42','2011-02-23 09:53:42',null),
(192,'kApiActionPermissionItem',0,'thumbasset','getbyentryid','','','',null,'2011-02-23 09:53:42','2011-02-23 09:53:42',null),
(193,'kApiActionPermissionItem',0,'thumbasset','servebyentryid','','','',null,'2011-02-23 09:53:43','2011-02-23 09:53:43',null),
(194,'kApiActionPermissionItem',0,'thumbasset','serve','','','',null,'2011-02-23 09:53:43','2011-02-23 09:53:43',null),
(195,'kApiActionPermissionItem',0,'thumbasset','setasdefault','','','',null,'2011-02-23 09:53:44','2011-02-23 09:53:44',null),
(196,'kApiActionPermissionItem',0,'thumbasset','generatebyentryid','','','',null,'2011-02-23 09:53:44','2011-02-23 09:53:44',null),
(197,'kApiActionPermissionItem',0,'thumbasset','generate','','','',null,'2011-02-23 09:53:44','2011-02-23 09:53:44',null),
(198,'kApiActionPermissionItem',0,'thumbasset','regenerate','','','',null,'2011-02-23 09:53:44','2011-02-23 09:53:44',null),
(199,'kApiActionPermissionItem',0,'thumbasset','addfromurl','','','',null,'2011-02-23 09:53:44','2011-02-23 09:53:44',null),
(200,'kApiActionPermissionItem',0,'thumbasset','addfromimage','','','',null,'2011-02-23 09:53:45','2011-02-23 09:53:45',null),
(201,'kApiActionPermissionItem',0,'thumbasset','delete','','','',null,'2011-02-23 09:53:45','2011-02-23 09:53:45',null),
(202,'kApiActionPermissionItem',0,'thumbasset','deletebyentryid','','','',null,'2011-02-23 09:53:45','2011-02-23 09:53:45',null),
(203,'kApiActionPermissionItem',0,'syndicationfeed','add','','','',null,'2011-02-23 09:53:46','2011-02-23 09:53:46',null),
(204,'kApiActionPermissionItem',0,'syndicationfeed','get','','','',null,'2011-02-23 09:53:46','2011-02-23 09:53:46',null),
(205,'kApiActionPermissionItem',0,'syndicationfeed','update','','','',null,'2011-02-23 09:53:46','2011-02-23 09:53:46',null),
(206,'kApiActionPermissionItem',0,'syndicationfeed','delete','','','',null,'2011-02-23 09:53:46','2011-02-23 09:53:46',null),
(207,'kApiActionPermissionItem',0,'syndicationfeed','list','','','',null,'2011-02-23 09:53:46','2011-02-23 09:53:46',null),
(208,'kApiActionPermissionItem',0,'syndicationfeed','getentrycount','','','',null,'2011-02-23 09:53:46','2011-02-23 09:53:46',null),
(209,'kApiActionPermissionItem',0,'syndicationfeed','requestconversion','','','',null,'2011-02-23 09:53:46','2011-02-23 09:53:46',null),
(210,'kApiActionPermissionItem',0,'accesscontrol','add','','','',null,'2011-02-23 09:53:46','2011-02-23 09:53:46',null),
(211,'kApiActionPermissionItem',0,'accesscontrol','get','','','',null,'2011-02-23 09:53:46','2011-02-23 09:53:46',null),
(212,'kApiActionPermissionItem',0,'accesscontrol','update','','','',null,'2011-02-23 09:53:46','2011-02-23 09:53:46',null),
(213,'kApiActionPermissionItem',0,'accesscontrol','delete','','','',null,'2011-02-23 09:53:46','2011-02-23 09:53:46',null),
(214,'kApiActionPermissionItem',0,'accesscontrol','list','','','',null,'2011-02-23 09:53:46','2011-02-23 09:53:46',null),
(215,'kApiActionPermissionItem',0,'category','add','','','',null,'2011-02-23 09:53:46','2011-02-23 09:53:46',null),
(216,'kApiActionPermissionItem',0,'category','get','','','',null,'2011-02-23 09:53:46','2011-02-23 09:53:46',null),
(217,'kApiActionPermissionItem',0,'category','update','','','',null,'2011-02-23 09:53:46','2011-02-23 09:53:46',null),
(218,'kApiActionPermissionItem',0,'category','delete','','','',null,'2011-02-23 09:53:46','2011-02-23 09:53:46',null),
(219,'kApiActionPermissionItem',0,'category','list','','','',null,'2011-02-23 09:53:46','2011-02-23 09:53:46',null),
(220,'kApiActionPermissionItem',0,'upload','upload','','','',null,'2011-02-23 09:53:47','2011-02-23 09:53:47',null),
(221,'kApiActionPermissionItem',0,'upload','getuploadedfiletokenbyfilename','','','',null,'2011-02-23 09:53:47','2011-02-23 09:53:47',null),
(222,'kApiActionPermissionItem',0,'uploadtoken','add','','','',null,'2011-02-23 09:53:48','2011-02-23 09:53:48',null),
(223,'kApiActionPermissionItem',0,'uploadtoken','get','','','',null,'2011-02-23 09:53:48','2011-02-23 09:53:48',null),
(224,'kApiActionPermissionItem',0,'uploadtoken','upload','','','',null,'2011-02-23 09:53:49','2011-02-23 09:53:49',null),
(225,'kApiActionPermissionItem',0,'uploadtoken','list','','','',null,'2011-02-23 09:53:49','2011-02-23 09:53:49',null),
(226,'kApiActionPermissionItem',0,'uploadtoken','delete','','','',null,'2011-02-23 09:53:50','2011-02-23 09:53:50',null),
(227,'kApiActionPermissionItem',0,'xinternal','xaddbulkdownload','','','',null,'2011-02-23 09:53:50','2011-02-23 09:53:50',null),
(228,'kApiActionPermissionItem',0,'userrole','add','','','',null,'2011-02-23 09:53:50','2011-02-23 09:53:50',null),
(229,'kApiActionPermissionItem',0,'userrole','delete','','','',null,'2011-02-23 09:53:50','2011-02-23 09:53:50',null),
(230,'kApiActionPermissionItem',0,'userrole','get','','','',null,'2011-02-23 09:53:50','2011-02-23 09:53:50',null),
(231,'kApiActionPermissionItem',0,'userrole','list','','','',null,'2011-02-23 09:53:50','2011-02-23 09:53:50',null),
(232,'kApiActionPermissionItem',0,'userrole','update','','','',null,'2011-02-23 09:53:50','2011-02-23 09:53:50',null),
(233,'kApiActionPermissionItem',0,'userrole','clone','','','',null,'2011-02-23 09:53:50','2011-02-23 09:53:50',null),
(234,'kApiActionPermissionItem',0,'permission','add','','','',null,'2011-02-23 09:53:51','2011-02-23 09:53:51',null),
(235,'kApiActionPermissionItem',0,'permission','delete','','','',null,'2011-02-23 09:53:51','2011-02-23 09:53:51',null),
(236,'kApiActionPermissionItem',0,'permission','update','','','',null,'2011-02-23 09:53:51','2011-02-23 09:53:51',null),
(237,'kApiActionPermissionItem',0,'permission','get','','','',null,'2011-02-23 09:53:51','2011-02-23 09:53:51',null),
(238,'kApiActionPermissionItem',0,'permission','list','','','',null,'2011-02-23 09:53:51','2011-02-23 09:53:51',null),
(239,'kApiActionPermissionItem',0,'permission','getcurrentpermissions','','','',null,'2011-02-23 09:53:51','2011-02-23 09:53:51',null),
(240,'kApiActionPermissionItem',0,'document','addfromuploadedfile','','','',null,'2011-02-23 09:53:51','2011-02-23 09:53:51',null),
(241,'kApiActionPermissionItem',0,'document','get','','','',null,'2011-02-23 09:53:52','2011-02-23 09:53:52',null),
(242,'kApiActionPermissionItem',0,'document','update','','','',null,'2011-02-23 09:53:52','2011-02-23 09:53:52',null),
(243,'kApiActionPermissionItem',0,'document','delete','','','',null,'2011-02-23 09:53:53','2011-02-23 09:53:53',null),
(244,'kApiActionPermissionItem',0,'document','list','','','',null,'2011-02-23 09:53:53','2011-02-23 09:53:53',null),
(245,'kApiActionPermissionItem',0,'document','upload','','','',null,'2011-02-23 09:53:54','2011-02-23 09:53:54',null),
(246,'kApiActionPermissionItem',0,'document','convertppttoswf','','','',null,'2011-02-23 09:53:54','2011-02-23 09:53:54',null),
(247,'kApiActionPermissionItem',0,'document','serve','','','',null,'2011-02-23 09:53:55','2011-02-23 09:53:55',null),
(248,'kApiActionPermissionItem',0,'document','servebyflavorparamsid','','','',null,'2011-02-23 09:53:55','2011-02-23 09:53:55',null),
(249,'kApiActionPermissionItem',-1,'media','addfrombulk','','','',null,'2011-02-23 09:53:56','2011-02-23 09:53:56',null),
(250,'kApiActionPermissionItem',-1,'jobs','abortmail','','','',null,'2011-02-23 09:53:56','2011-02-23 09:53:56',null),
(251,'kApiActionPermissionItem',-1,'jobs','abortbulkupload','','','',null,'2011-02-23 09:53:56','2011-02-23 09:53:56',null),
(252,'kApiActionPermissionItem',-1,'jobs','abortconvertcollection','','','',null,'2011-02-23 09:53:56','2011-02-23 09:53:56',null),
(253,'kApiActionPermissionItem',-1,'jobs','abortprovisionprovide','','','',null,'2011-02-23 09:53:56','2011-02-23 09:53:56',null),
(254,'kApiActionPermissionItem',-1,'jobs','abortprovisiondelete','','','',null,'2011-02-23 09:53:56','2011-02-23 09:53:56',null),
(255,'kApiActionPermissionItem',-1,'jobs','abortconvert','','','',null,'2011-02-23 09:53:56','2011-02-23 09:53:56',null),
(256,'kApiActionPermissionItem',-1,'jobs','abortpostconvert','','','',null,'2011-02-23 09:53:56','2011-02-23 09:53:56',null),
(257,'kApiActionPermissionItem',-1,'jobs','abortextractmedia','','','',null,'2011-02-23 09:53:56','2011-02-23 09:53:56',null),
(258,'kApiActionPermissionItem',-1,'jobs','abortstorageexport','','','',null,'2011-02-23 09:53:56','2011-02-23 09:53:56',null),
(259,'kApiActionPermissionItem',-1,'jobs','abortstoragedelete','','','',null,'2011-02-23 09:53:56','2011-02-23 09:53:56',null),
(260,'kApiActionPermissionItem',-1,'jobs','abortimport','','','',null,'2011-02-23 09:53:57','2011-02-23 09:53:57',null),
(261,'kApiActionPermissionItem',-1,'jobs','abortpull','','','',null,'2011-02-23 09:53:57','2011-02-23 09:53:57',null),
(262,'kApiActionPermissionItem',-1,'jobs','abortnotification','','','',null,'2011-02-23 09:53:57','2011-02-23 09:53:57',null),
(263,'kApiActionPermissionItem',-1,'jobs','abortconvertprofile','','','',null,'2011-02-23 09:53:57','2011-02-23 09:53:57',null),
(264,'kApiActionPermissionItem',-1,'jobs','abortremoteconvert','','','',null,'2011-02-23 09:53:57','2011-02-23 09:53:57',null),
(265,'kApiActionPermissionItem',-1,'jobs','deletemail','','','',null,'2011-02-23 09:53:57','2011-02-23 09:53:57',null),
(266,'kApiActionPermissionItem',-1,'jobs','deletebulkupload','','','',null,'2011-02-23 09:53:57','2011-02-23 09:53:57',null),
(267,'kApiActionPermissionItem',-1,'jobs','deleteconvertcollection','','','',null,'2011-02-23 09:53:57','2011-02-23 09:53:57',null),
(268,'kApiActionPermissionItem',-1,'jobs','deleteprovisionprovide','','','',null,'2011-02-23 09:53:57','2011-02-23 09:53:57',null),
(269,'kApiActionPermissionItem',-1,'jobs','deleteprovisiondelete','','','',null,'2011-02-23 09:53:57','2011-02-23 09:53:57',null),
(270,'kApiActionPermissionItem',-1,'jobs','deleteconvert','','','',null,'2011-02-23 09:53:57','2011-02-23 09:53:57',null),
(271,'kApiActionPermissionItem',-1,'jobs','deletepostconvert','','','',null,'2011-02-23 09:53:57','2011-02-23 09:53:57',null),
(272,'kApiActionPermissionItem',-1,'jobs','deleteextractmedia','','','',null,'2011-02-23 09:53:57','2011-02-23 09:53:57',null),
(273,'kApiActionPermissionItem',-1,'jobs','deletestorageexport','','','',null,'2011-02-23 09:53:58','2011-02-23 09:53:58',null),
(274,'kApiActionPermissionItem',-1,'jobs','deletestoragedelete','','','',null,'2011-02-23 09:53:58','2011-02-23 09:53:58',null),
(275,'kApiActionPermissionItem',-1,'jobs','deleteimport','','','',null,'2011-02-23 09:53:58','2011-02-23 09:53:58',null),
(276,'kApiActionPermissionItem',-1,'jobs','deletepull','','','',null,'2011-02-23 09:53:58','2011-02-23 09:53:58',null),
(277,'kApiActionPermissionItem',-1,'jobs','deletenotification','','','',null,'2011-02-23 09:53:58','2011-02-23 09:53:58',null),
(278,'kApiActionPermissionItem',-1,'jobs','deleteconvertprofile','','','',null,'2011-02-23 09:53:58','2011-02-23 09:53:58',null),
(279,'kApiActionPermissionItem',-1,'jobs','deleteremoteconvert','','','',null,'2011-02-23 09:53:58','2011-02-23 09:53:58',null),
(280,'kApiActionPermissionItem',-1,'jobs','retrymail','','','',null,'2011-02-23 09:53:58','2011-02-23 09:53:58',null),
(281,'kApiActionPermissionItem',-1,'jobs','retrybulkupload','','','',null,'2011-02-23 09:53:58','2011-02-23 09:53:58',null),
(282,'kApiActionPermissionItem',-1,'jobs','retryconvertcollection','','','',null,'2011-02-23 09:53:58','2011-02-23 09:53:58',null),
(283,'kApiActionPermissionItem',-1,'jobs','retryprovisionprovide','','','',null,'2011-02-23 09:53:59','2011-02-23 09:53:59',null),
(284,'kApiActionPermissionItem',-1,'jobs','retryprovisiondelete','','','',null,'2011-02-23 09:53:59','2011-02-23 09:53:59',null),
(285,'kApiActionPermissionItem',-1,'jobs','retryconvert','','','',null,'2011-02-23 09:53:59','2011-02-23 09:53:59',null),
(286,'kApiActionPermissionItem',-1,'jobs','retrypostconvert','','','',null,'2011-02-23 09:53:59','2011-02-23 09:53:59',null),
(287,'kApiActionPermissionItem',-1,'jobs','retryextractmedia','','','',null,'2011-02-23 09:53:59','2011-02-23 09:53:59',null),
(288,'kApiActionPermissionItem',-1,'jobs','retrystorageexport','','','',null,'2011-02-23 09:53:59','2011-02-23 09:53:59',null),
(289,'kApiActionPermissionItem',-1,'jobs','retrystoragedelete','','','',null,'2011-02-23 09:53:59','2011-02-23 09:53:59',null),
(290,'kApiActionPermissionItem',-1,'jobs','retryimport','','','',null,'2011-02-23 09:54:00','2011-02-23 09:54:00',null),
(291,'kApiActionPermissionItem',-1,'jobs','retrypull','','','',null,'2011-02-23 09:54:00','2011-02-23 09:54:00',null),
(292,'kApiActionPermissionItem',-1,'jobs','retrynotification','','','',null,'2011-02-23 09:54:00','2011-02-23 09:54:00',null),
(293,'kApiActionPermissionItem',-1,'jobs','retryconvertprofile','','','',null,'2011-02-23 09:54:00','2011-02-23 09:54:00',null),
(294,'kApiActionPermissionItem',-1,'jobs','retryremoteconvert','','','',null,'2011-02-23 09:54:00','2011-02-23 09:54:00',null),
(295,'kApiActionPermissionItem',-1,'jobs','getpullstatus','','','',null,'2011-02-23 09:54:00','2011-02-23 09:54:00',null),
(296,'kApiActionPermissionItem',-1,'jobs','getimportstatus','','','',null,'2011-02-23 09:54:00','2011-02-23 09:54:00',null),
(297,'kApiActionPermissionItem',-1,'jobs','getpostconvertstatus','','','',null,'2011-02-23 09:54:01','2011-02-23 09:54:01',null),
(298,'kApiActionPermissionItem',-1,'jobs','getextractmediastatus','','','',null,'2011-02-23 09:54:01','2011-02-23 09:54:01',null),
(299,'kApiActionPermissionItem',-1,'jobs','getstorageexportstatus','','','',null,'2011-02-23 09:54:01','2011-02-23 09:54:01',null),
(300,'kApiActionPermissionItem',-1,'jobs','getstoragedeletestatus','','','',null,'2011-02-23 09:54:01','2011-02-23 09:54:01',null),
(301,'kApiActionPermissionItem',-1,'jobs','getbulkuploadstatus','','','',null,'2011-02-23 09:54:01','2011-02-23 09:54:01',null),
(302,'kApiActionPermissionItem',-1,'jobs','getconvertcollectionstatus','','','',null,'2011-02-23 09:54:01','2011-02-23 09:54:01',null),
(303,'kApiActionPermissionItem',-1,'jobs','getprovisionprovidestatus','','','',null,'2011-02-23 09:54:02','2011-02-23 09:54:02',null),
(304,'kApiActionPermissionItem',-1,'jobs','getprovisiondeletestatus','','','',null,'2011-02-23 09:54:02','2011-02-23 09:54:02',null),
(305,'kApiActionPermissionItem',-1,'jobs','getconvertstatus','','','',null,'2011-02-23 09:54:02','2011-02-23 09:54:02',null),
(306,'kApiActionPermissionItem',-1,'jobs','getnotificationstatus','','','',null,'2011-02-23 09:54:02','2011-02-23 09:54:02',null),
(307,'kApiActionPermissionItem',-1,'jobs','getconvertprofilestatus','','','',null,'2011-02-23 09:54:02','2011-02-23 09:54:02',null),
(308,'kApiActionPermissionItem',-1,'jobs','getremoteconvertstatus','','','',null,'2011-02-23 09:54:02','2011-02-23 09:54:02',null),
(309,'kApiActionPermissionItem',-1,'jobs','getmailstatus','','','',null,'2011-02-23 09:54:03','2011-02-23 09:54:03',null),
(310,'kApiActionPermissionItem',-1,'batch','getqueuesize','','','',null,'2011-02-23 09:54:03','2011-02-23 09:54:03',null),
(311,'kApiActionPermissionItem',-1,'batch','checkfileexists','','','',null,'2011-02-23 09:54:03','2011-02-23 09:54:03',null),
(312,'kApiActionPermissionItem',-1,'batch','getexclusivepulljobs','','','',null,'2011-02-23 09:54:03','2011-02-23 09:54:03',null),
(313,'kApiActionPermissionItem',-1,'batch','updateexclusivepulljob','','','',null,'2011-02-23 09:54:03','2011-02-23 09:54:03',null),
(314,'kApiActionPermissionItem',-1,'batch','freeexclusivepulljob','','','',null,'2011-02-23 09:54:04','2011-02-23 09:54:04',null),
(315,'kApiActionPermissionItem',-1,'batch','getexclusiveimportjobs','','','',null,'2011-02-23 09:54:04','2011-02-23 09:54:04',null),
(316,'kApiActionPermissionItem',-1,'batch','updateexclusiveimportjob','','','',null,'2011-02-23 09:54:04','2011-02-23 09:54:04',null),
(317,'kApiActionPermissionItem',-1,'batch','freeexclusiveimportjob','','','',null,'2011-02-23 09:54:04','2011-02-23 09:54:04',null),
(318,'kApiActionPermissionItem',-1,'batch','cleanexclusivejobs','','','',null,'2011-02-23 09:54:05','2011-02-23 09:54:05',null),
(319,'kApiActionPermissionItem',-1,'batch','addbulkuploadresult','','','',null,'2011-02-23 09:54:05','2011-02-23 09:54:05',null),
(320,'kApiActionPermissionItem',-1,'batch','getbulkuploadlastresult','','','',null,'2011-02-23 09:54:05','2011-02-23 09:54:05',null),
(321,'kApiActionPermissionItem',-1,'batch','updatebulkuploadresults','','','',null,'2011-02-23 09:54:05','2011-02-23 09:54:05',null),
(322,'kApiActionPermissionItem',-1,'batch','addmediainfo','','','',null,'2011-02-23 09:54:05','2011-02-23 09:54:05',null),
(323,'kApiActionPermissionItem',-1,'batch','getexclusivepostconvertjobs','','','',null,'2011-02-23 09:54:06','2011-02-23 09:54:06',null),
(324,'kApiActionPermissionItem',-1,'batch','updateexclusivepostconvertjob','','','',null,'2011-02-23 09:54:06','2011-02-23 09:54:06',null),
(325,'kApiActionPermissionItem',-1,'batch','freeexclusivepostconvertjob','','','',null,'2011-02-23 09:54:06','2011-02-23 09:54:06',null),
(326,'kApiActionPermissionItem',-1,'batch','getexclusiveextractmediajobs','','','',null,'2011-02-23 09:54:07','2011-02-23 09:54:07',null),
(327,'kApiActionPermissionItem',-1,'batch','updateexclusiveextractmediajob','','','',null,'2011-02-23 09:54:07','2011-02-23 09:54:07',null),
(328,'kApiActionPermissionItem',-1,'batch','freeexclusiveextractmediajob','','','',null,'2011-02-23 09:54:07','2011-02-23 09:54:07',null),
(329,'kApiActionPermissionItem',-1,'batch','getexclusivestorageexportjobs','','','',null,'2011-02-23 09:54:07','2011-02-23 09:54:07',null),
(330,'kApiActionPermissionItem',-1,'batch','getexclusivestoragedeletejobs','','','',null,'2011-02-23 09:54:08','2011-02-23 09:54:08',null),
(331,'kApiActionPermissionItem',-1,'batch','updateexclusivestorageexportjob','','','',null,'2011-02-23 09:54:08','2011-02-23 09:54:08',null),
(332,'kApiActionPermissionItem',-1,'batch','updateexclusivestoragedeletejob','','','',null,'2011-02-23 09:54:08','2011-02-23 09:54:08',null),
(333,'kApiActionPermissionItem',-1,'batch','freeexclusivestorageexportjob','','','',null,'2011-02-23 09:54:08','2011-02-23 09:54:08',null),
(334,'kApiActionPermissionItem',-1,'batch','freeexclusivestoragedeletejob','','','',null,'2011-02-23 09:54:09','2011-02-23 09:54:09',null),
(335,'kApiActionPermissionItem',-1,'batch','getexclusivebulkuploadjobs','','','',null,'2011-02-23 09:54:09','2011-02-23 09:54:09',null),
(336,'kApiActionPermissionItem',-1,'batch','getexclusiveconvertcollectionjobs','','','',null,'2011-02-23 09:54:09','2011-02-23 09:54:09',null),
(337,'kApiActionPermissionItem',-1,'batch','getexclusiveprovisionprovidejobs','','','',null,'2011-02-23 09:54:10','2011-02-23 09:54:10',null),
(338,'kApiActionPermissionItem',-1,'batch','getexclusiveprovisiondeletejobs','','','',null,'2011-02-23 09:54:10','2011-02-23 09:54:10',null),
(339,'kApiActionPermissionItem',-1,'batch','updateexclusivebulkuploadjob','','','',null,'2011-02-23 09:54:10','2011-02-23 09:54:10',null),
(340,'kApiActionPermissionItem',-1,'batch','updateexclusiveconvertcollectionjob','','','',null,'2011-02-23 09:54:10','2011-02-23 09:54:10',null),
(341,'kApiActionPermissionItem',-1,'batch','updateexclusiveprovisionprovidejob','','','',null,'2011-02-23 09:54:11','2011-02-23 09:54:11',null),
(342,'kApiActionPermissionItem',-1,'batch','updateexclusiveprovisiondeletejob','','','',null,'2011-02-23 09:54:11','2011-02-23 09:54:11',null),
(343,'kApiActionPermissionItem',-1,'batch','freeexclusivebulkuploadjob','','','',null,'2011-02-23 09:54:11','2011-02-23 09:54:11',null),
(344,'kApiActionPermissionItem',-1,'batch','freeexclusiveconvertcollectionjob','','','',null,'2011-02-23 09:54:12','2011-02-23 09:54:12',null),
(345,'kApiActionPermissionItem',-1,'batch','freeexclusiveprovisionprovidejob','','','',null,'2011-02-23 09:54:12','2011-02-23 09:54:12',null),
(346,'kApiActionPermissionItem',-1,'batch','freeexclusiveprovisiondeletejob','','','',null,'2011-02-23 09:54:12','2011-02-23 09:54:12',null),
(347,'kApiActionPermissionItem',-1,'batch','getexclusiveconvertjobs','','','',null,'2011-02-23 09:54:13','2011-02-23 09:54:13',null),
(348,'kApiActionPermissionItem',-1,'batch','updateexclusiveconvertjob','','','',null,'2011-02-23 09:54:13','2011-02-23 09:54:13',null),
(349,'kApiActionPermissionItem',-1,'batch','freeexclusiveconvertjob','','','',null,'2011-02-23 09:54:13','2011-02-23 09:54:13',null),
(350,'kApiActionPermissionItem',-1,'batch','getexclusivenotificationjobs','','','',null,'2011-02-23 09:54:14','2011-02-23 09:54:14',null),
(351,'kApiActionPermissionItem',-1,'batch','updateexclusivenotificationjob','','','',null,'2011-02-23 09:54:14','2011-02-23 09:54:14',null),
(352,'kApiActionPermissionItem',-1,'batch','freeexclusivenotificationjob','','','',null,'2011-02-23 09:54:14','2011-02-23 09:54:14',null),
(353,'kApiActionPermissionItem',-1,'batch','getexclusivemailjobs','','','',null,'2011-02-23 09:54:15','2011-02-23 09:54:15',null),
(354,'kApiActionPermissionItem',-1,'batch','updateexclusivemailjob','','','',null,'2011-02-23 09:54:15','2011-02-23 09:54:15',null),
(355,'kApiActionPermissionItem',-1,'batch','freeexclusivemailjob','','','',null,'2011-02-23 09:54:16','2011-02-23 09:54:16',null),
(356,'kApiActionPermissionItem',-1,'batch','freeexclusiveconvertprofilejob','','','',null,'2011-02-23 09:54:16','2011-02-23 09:54:16',null),
(357,'kApiActionPermissionItem',-1,'batch','freeexclusiveremoteconvertjob','','','',null,'2011-02-23 09:54:17','2011-02-23 09:54:17',null),
(358,'kApiActionPermissionItem',-1,'batch','getexclusivebulkdownloadjobs','','','',null,'2011-02-23 09:54:17','2011-02-23 09:54:17',null),
(359,'kApiActionPermissionItem',-1,'batch','updateexclusivebulkdownloadjob','','','',null,'2011-02-23 09:54:18','2011-02-23 09:54:18',null),
(360,'kApiActionPermissionItem',-1,'batch','freeexclusivebulkdownloadjob','','','',null,'2011-02-23 09:54:18','2011-02-23 09:54:18',null),
(361,'kApiActionPermissionItem',-1,'batch','getexclusivecapturethumbjobs','','','',null,'2011-02-23 09:54:18','2011-02-23 09:54:18',null),
(362,'kApiActionPermissionItem',-1,'batch','updateexclusivecapturethumbjob','','','',null,'2011-02-23 09:54:19','2011-02-23 09:54:19',null),
(363,'kApiActionPermissionItem',-1,'batch','freeexclusivecapturethumbjob','','','',null,'2011-02-23 09:54:19','2011-02-23 09:54:19',null),
(364,'kApiActionPermissionItem',-1,'batch','logconversion','','','',null,'2011-02-23 09:54:20','2011-02-23 09:54:20',null),
(365,'kApiActionPermissionItem',-1,'batch','resetjobexecutionattempts','','','',null,'2011-02-23 09:54:20','2011-02-23 09:54:20',null),
(366,'kApiActionPermissionItem',-1,'batch','updateexclusiveconvertjobsubtype','','','',null,'2011-02-23 09:54:21','2011-02-23 09:54:21',null),
(367,'kApiActionPermissionItem',-1,'batch','updateexclusiveconvertprofilejob','','','',null,'2011-02-23 09:54:21','2011-02-23 09:54:21',null),
(368,'kApiActionPermissionItem',-1,'batch','getexclusivealmostdoneconvertjobs','','','',null,'2011-02-23 09:54:22','2011-02-23 09:54:22',null),
(369,'kApiActionPermissionItem',-1,'batch','getexclusivealmostdoneconvertprofilejobs','','','',null,'2011-02-23 09:54:22','2011-02-23 09:54:22',null),
(370,'kApiActionPermissionItem',-1,'batch','getexclusivealmostdonebulkuploadjobs','','','',null,'2011-02-23 09:54:22','2011-02-23 09:54:22',null),
(371,'kApiActionPermissionItem',-1,'batch','getexclusivealmostdoneconvertcollectionjobs','','','',null,'2011-02-23 09:54:23','2011-02-23 09:54:23',null),
(372,'kApiActionPermissionItem',-1,'batch','getexclusivealmostdoneprovisionprovidejobs','','','',null,'2011-02-23 09:54:23','2011-02-23 09:54:23',null),
(373,'kApiActionPermissionItem',-1,'batch','getexclusivealmostdoneprovisiondeletejobs','','','',null,'2011-02-23 09:54:23','2011-02-23 09:54:23',null),
(374,'kApiActionPermissionItem',-1,'batch','getexclusivealmostdoneremoteconvertjobs','','','',null,'2011-02-23 09:54:24','2011-02-23 09:54:24',null),
(375,'kApiActionPermissionItem',-1,'batch','getexclusivealmostdonebulkdownloadjobs','','','',null,'2011-02-23 09:54:24','2011-02-23 09:54:24',null),
(376,'kApiActionPermissionItem',-1,'batchcontrol','configloaded','','','',null,'2011-02-23 09:54:24','2011-02-23 09:54:24',null),
(377,'kApiActionPermissionItem',-1,'batchcontrol','reportstatus','','','',null,'2011-02-23 09:54:25','2011-02-23 09:54:25',null),
(378,'kApiActionPermissionItem',-1,'batchcontrol','getcommand','','','',null,'2011-02-23 09:54:25','2011-02-23 09:54:25',null),
(379,'kApiActionPermissionItem',-1,'batchcontrol','setcommandresult','','','',null,'2011-02-23 09:54:26','2011-02-23 09:54:26',null),
(380,'kApiActionPermissionItem',-1,'batchcontrol','getfullstatus','','','',null,'2011-02-23 09:54:26','2011-02-23 09:54:26',null),
(381,'kApiActionPermissionItem',-1,'emailingestionprofile','getbyemailaddress','','','',null,'2011-02-23 09:54:26','2011-02-23 09:54:26',null),
(382,'kApiActionPermissionItem',-1,'emailingestionprofile','addmediaentry','','','',null,'2011-02-23 09:54:27','2011-02-23 09:54:27',null),
(383,'kApiActionPermissionItem',-1,'filesync_filesync','sync','','','',null,'2011-02-23 09:54:27','2011-02-23 09:54:27',null),
(384,'kApiActionPermissionItem',-1,'metadata_metadatabatch','getexclusiveimportmetadatajobs','','','',null,'2011-02-23 09:54:28','2011-02-23 09:54:28',null),
(385,'kApiActionPermissionItem',-1,'metadata_metadatabatch','updateexclusiveimportmetadatajob','','','',null,'2011-02-23 09:54:28','2011-02-23 09:54:28',null),
(386,'kApiActionPermissionItem',-1,'metadata_metadatabatch','freeexclusiveimportmetadatajob','','','',null,'2011-02-23 09:54:29','2011-02-23 09:54:29',null),
(387,'kApiActionPermissionItem',-1,'metadata_metadatabatch','getexclusivetransformmetadatajobs','','','',null,'2011-02-23 09:54:30','2011-02-23 09:54:30',null),
(388,'kApiActionPermissionItem',-1,'metadata_metadatabatch','updateexclusivetransformmetadatajob','','','',null,'2011-02-23 09:54:31','2011-02-23 09:54:31',null),
(389,'kApiActionPermissionItem',-1,'metadata_metadatabatch','freeexclusivetransformmetadatajob','','','',null,'2011-02-23 09:54:31','2011-02-23 09:54:31',null),
(390,'kApiActionPermissionItem',-1,'metadata_metadatabatch','gettransformmetadataobjects','','','',null,'2011-02-23 09:54:32','2011-02-23 09:54:32',null),
(391,'kApiActionPermissionItem',-1,'metadata_metadatabatch','upgrademetadataobjects','','','',null,'2011-02-23 09:54:33','2011-02-23 09:54:33',null),
(392,'kApiActionPermissionItem',-1,'metadata_metadata','invalidate','','','',null,'2011-02-23 09:54:34','2011-02-23 09:54:34',null),
(393,'kApiActionPermissionItem',-2,'jobs','addmailjob','','','',null,'2011-02-23 09:54:35','2011-02-23 09:54:35',null),
(394,'kApiActionPermissionItem',-2,'jobs','listbatchjobs','','','',null,'2011-02-23 09:54:35','2011-02-23 09:54:35',null),
(395,'kApiActionPermissionItem',-2,'jobs','abortjob','','','',null,'2011-02-23 09:54:35','2011-02-23 09:54:35',null),
(396,'kApiActionPermissionItem',-2,'jobs','retryjob','','','',null,'2011-02-23 09:54:35','2011-02-23 09:54:35',null),
(397,'kApiActionPermissionItem',-2,'jobs','deletejob','','','',null,'2011-02-23 09:54:35','2011-02-23 09:54:35',null),
(398,'kApiActionPermissionItem',-2,'jobs','addconvertprofilejob','','','',null,'2011-02-23 09:54:35','2011-02-23 09:54:35',null),
(399,'kApiActionPermissionItem',-2,'batchcontrol','setscheduleconfig','','','',null,'2011-02-23 09:54:35','2011-02-23 09:54:35',null),
(400,'kApiActionPermissionItem',-2,'batchcontrol','setworkerconfig','','','',null,'2011-02-23 09:54:35','2011-02-23 09:54:35',null),
(401,'kApiActionPermissionItem',-2,'batchcontrol','stopschedule','','','',null,'2011-02-23 09:54:35','2011-02-23 09:54:35',null),
(402,'kApiActionPermissionItem',-2,'batchcontrol','stopworker','','','',null,'2011-02-23 09:54:35','2011-02-23 09:54:35',null),
(403,'kApiActionPermissionItem',-2,'batchcontrol','startworker','','','',null,'2011-02-23 09:54:35','2011-02-23 09:54:35',null),
(404,'kApiActionPermissionItem',-2,'batchcontrol','kill','','','',null,'2011-02-23 09:54:35','2011-02-23 09:54:35',null),
(405,'kApiActionPermissionItem',-2,'batchcontrol','getcommand','','','',null,'2011-02-23 09:54:35','2011-02-23 09:54:35',null),
(406,'kApiActionPermissionItem',-2,'batchcontrol','setcommandresult','','','',null,'2011-02-23 09:54:35','2011-02-23 09:54:35',null),
(407,'kApiActionPermissionItem',-2,'batchcontrol','getfullstatus','','','',null,'2011-02-23 09:54:35','2011-02-23 09:54:35',null),
(408,'kApiActionPermissionItem',-2,'batchcontrol','listschedulers','','','',null,'2011-02-23 09:54:35','2011-02-23 09:54:35',null),
(409,'kApiActionPermissionItem',-2,'batchcontrol','listworkers','','','',null,'2011-02-23 09:54:35','2011-02-23 09:54:35',null),
(410,'kApiActionPermissionItem',-2,'batchcontrol','listcommands','','','',null,'2011-02-23 09:54:35','2011-02-23 09:54:35',null),
(411,'kApiActionPermissionItem',-2,'adminconsole_entryadmin','get','','','',null,'2011-02-23 09:54:36','2011-02-23 09:54:36',null),
(412,'kApiActionPermissionItem',-2,'adminconsole_entryadmin','gettracks','','','',null,'2011-02-23 09:54:36','2011-02-23 09:54:36',null),
(413,'kApiActionPermissionItem',-2,'emailingestionprofile','add','','','',null,'2011-02-23 09:54:36','2011-02-23 09:54:36',null),
(414,'kApiActionPermissionItem',-2,'emailingestionprofile','get','','','',null,'2011-02-23 09:54:36','2011-02-23 09:54:36',null),
(415,'kApiActionPermissionItem',-2,'emailingestionprofile','update','','','',null,'2011-02-23 09:54:36','2011-02-23 09:54:36',null),
(416,'kApiActionPermissionItem',-2,'emailingestionprofile','delete','','','',null,'2011-02-23 09:54:36','2011-02-23 09:54:36',null),
(417,'kApiActionPermissionItem',-2,'emailingestionprofile','getbyemailaddress','','','',null,'2011-02-23 09:54:36','2011-02-23 09:54:36',null),
(418,'kApiActionPermissionItem',-2,'emailingestionprofile','addmediaentry','','','',null,'2011-02-23 09:54:36','2011-02-23 09:54:36',null),
(419,'kApiActionPermissionItem',-2,'storageprofile_storageprofile','listbypartner','','','',null,'2011-02-23 09:54:36','2011-02-23 09:54:36',null),
(420,'kApiActionPermissionItem',-2,'storageprofile_storageprofile','updatestatus','','','',null,'2011-02-23 09:54:36','2011-02-23 09:54:36',null),
(421,'kApiActionPermissionItem',-2,'storageprofile_storageprofile','get','','','',null,'2011-02-23 09:54:36','2011-02-23 09:54:36',null),
(422,'kApiActionPermissionItem',-2,'storageprofile_storageprofile','update','','','',null,'2011-02-23 09:54:36','2011-02-23 09:54:36',null),
(423,'kApiActionPermissionItem',-2,'storageprofile_storageprofile','add','','','',null,'2011-02-23 09:54:36','2011-02-23 09:54:36',null),
(424,'kApiActionPermissionItem',-2,'permissionitem','add','','','',null,'2011-02-23 09:54:36','2011-02-23 09:54:36',null),
(425,'kApiActionPermissionItem',-2,'permissionitem','delete','','','',null,'2011-02-23 09:54:36','2011-02-23 09:54:36',null),
(426,'kApiActionPermissionItem',-2,'permissionitem','update','','','',null,'2011-02-23 09:54:36','2011-02-23 09:54:36',null),
(427,'kApiActionPermissionItem',-2,'systempartner_systempartner','get','','','',null,'2011-02-23 09:54:37','2011-02-23 09:54:37',null),
(428,'kApiActionPermissionItem',-2,'systempartner_systempartner','list','','','',null,'2011-02-23 09:54:37','2011-02-23 09:54:37',null),
(429,'kApiActionPermissionItem',-2,'systempartner_systempartner','getusage','','','',null,'2011-02-23 09:54:37','2011-02-23 09:54:37',null),
(430,'kApiActionPermissionItem',-2,'systempartner_systempartner','updatestatus','','','',null,'2011-02-23 09:54:37','2011-02-23 09:54:37',null),
(431,'kApiActionPermissionItem',-2,'systempartner_systempartner','getadminsession','','','',null,'2011-02-23 09:54:37','2011-02-23 09:54:37',null),
(432,'kApiActionPermissionItem',-2,'systempartner_systempartner','getconfiguration','','','',null,'2011-02-23 09:54:37','2011-02-23 09:54:37',null),
(433,'kApiActionPermissionItem',-2,'systempartner_systempartner','updateconfiguration','','','',null,'2011-02-23 09:54:37','2011-02-23 09:54:37',null),
(434,'kApiActionPermissionItem',-2,'systempartner_systempartner','getpackages','','','',null,'2011-02-23 09:54:37','2011-02-23 09:54:37',null),
(435,'kApiActionPermissionItem',-2,'adminconsole_flavorparamsoutput','list','','','',null,'2011-02-23 09:54:37','2011-02-23 09:54:37',null),
(436,'kApiActionPermissionItem',-2,'adminconsole_thumbparamsoutput','list','','','',null,'2011-02-23 09:54:37','2011-02-23 09:54:37',null),
(437,'kApiActionPermissionItem',-2,'adminconsole_mediainfo','list','','','',null,'2011-02-23 09:54:37','2011-02-23 09:54:37',null),
(438,'kApiActionPermissionItem',-2,'filesync_filesync','list','','','',null,'2011-02-23 09:54:37','2011-02-23 09:54:37',null),
(439,'kApiParameterPermissionItem',0,'KalturaBaseEntry','startDate','insert','','',null,'2011-02-23 10:06:05','2011-02-23 10:06:05',null),
(440,'kApiParameterPermissionItem',0,'KalturaBaseEntry','startDate','update','','',null,'2011-02-23 10:06:05','2011-02-23 10:06:05',null),
(441,'kApiParameterPermissionItem',0,'KalturaBaseEntry','endDate','insert','','',null,'2011-02-23 10:06:05','2011-02-23 10:06:05',null),
(442,'kApiParameterPermissionItem',0,'KalturaBaseEntry','endDate','update','','',null,'2011-02-23 10:06:05','2011-02-23 10:06:05',null),
(443,'kApiParameterPermissionItem',0,'KalturaBaseEntry','accessControlId','insert','','',null,'2011-02-23 10:06:05','2011-02-23 10:06:05',null),
(444,'kApiParameterPermissionItem',0,'KalturaBaseEntry','accessControlId','update','','',null,'2011-02-23 10:06:05','2011-02-23 10:06:05',null),
(445,'kApiParameterPermissionItem',0,'KalturaBaseEntry','categories','insert','','',null,'2011-02-23 10:06:05','2011-02-23 10:06:05',null),
(446,'kApiParameterPermissionItem',0,'KalturaBaseEntry','categories','update','','',null,'2011-02-23 10:06:06','2011-02-23 10:06:06',null),
(447,'kApiParameterPermissionItem',0,'KalturaBaseEntry','categoriesIds','insert','','',null,'2011-02-23 10:06:07','2011-02-23 10:06:07',null),
(448,'kApiParameterPermissionItem',0,'KalturaBaseEntry','categoriesIds','update','','',null,'2011-02-23 10:06:07','2011-02-23 10:06:07',null),
(449,'kApiParameterPermissionItem',0,'KalturaBaseEntry','name','update','','',null,'2011-02-23 10:06:08','2011-02-23 10:06:08',null),
(450,'kApiParameterPermissionItem',0,'KalturaBaseEntry','tags','update','','',null,'2011-02-23 10:06:08','2011-02-23 10:06:08',null),
(451,'kApiParameterPermissionItem',0,'KalturaBaseEntry','description','update','','',null,'2011-02-23 10:06:08','2011-02-23 10:06:08',null),
(452,'kApiParameterPermissionItem',0,'KalturaLiveStreamAdminEntry','*','read','','',null,'2011-02-23 10:06:09','2011-02-23 10:06:09',null),
(453,'kApiParameterPermissionItem',0,'KalturaLiveStreamAdminEntry','*','insert','','',null,'2011-02-23 10:06:09','2011-02-23 10:06:09',null),
(454,'kApiParameterPermissionItem',0,'KalturaLiveStreamAdminEntry','*','update','','',null,'2011-02-23 10:06:09','2011-02-23 10:06:09',null),
(455,'kApiParameterPermissionItem',0,'KalturaPartner','secret','read','','',null,'2011-02-23 10:06:09','2011-02-23 10:06:09',null),
(456,'kApiParameterPermissionItem',0,'KalturaPartner','adminSecret','read','','',null,'2011-02-23 10:06:09','2011-02-23 10:06:09',null),
(457,'kApiActionPermissionItem',0,'thumbasset','list','','','',null,'2011-02-23 10:15:52','2011-02-23 10:15:52',null),
(458,'kApiActionPermissionItem',0,'flavorasset','list','','','',null,'2011-02-23 10:15:54','2011-02-23 10:15:54',null),
(459,'kApiActionPermissionItem',0,'contentdistribution_contentdistributionbatch','updatesunstatus','','','',null,'2011-02-23 10:17:40','2011-02-23 10:17:40',null),
(460,'kApiActionPermissionItem',0,'permissionitem','get','','','',null,'2011-02-23 10:24:20','2011-02-23 10:24:20',null),
(461,'kApiActionPermissionItem',0,'permissionitem','list','','','',null,'2011-02-23 10:24:20','2011-02-23 10:24:20',null),
(462,'kApiActionPermissionItem',0,'shortlink_shortlink','goto','','','',null,'2011-02-23 10:25:37','2011-02-23 10:25:37',null),
(463,'kApiActionPermissionItem',0,'shortlink_shortlink','get','','','',null,'2011-02-23 10:25:38','2011-02-23 10:25:38',null),
(464,'kApiActionPermissionItem',0,'shortlink_shortlink','list','','','',null,'2011-02-23 10:25:38','2011-02-23 10:25:38',null),
(465,'kApiActionPermissionItem',0,'shortlink_shortlink','add','','','',null,'2011-02-23 10:25:38','2011-02-23 10:25:38',null),
(466,'kApiActionPermissionItem',0,'shortlink_shortlink','update','','','',null,'2011-02-23 10:25:38','2011-02-23 10:25:38',null),
(467,'kApiActionPermissionItem',0,'shortlink_shortlink','delete','','','',null,'2011-02-23 10:25:38','2011-02-23 10:25:38',null),
(468,'kApiActionPermissionItem',-1,'multicenters_filesyncimportbatch','updateexclusivefilesyncimportjob','','','',null,'2011-03-08 18:03:45','2011-03-08 18:03:45',null),
(469,'kApiActionPermissionItem',-1,'multicenters_filesyncimportbatch','freeexclusivefilesyncimportjob','','','',null,'2011-03-08 18:03:46','2011-03-08 18:03:46',null),
(470,'kApiActionPermissionItem',-1,'multicenters_filesyncimportbatch','getexclusivefilesyncimportjobs','','','',null,'2011-03-08 18:03:46','2011-03-08 18:03:46',null),
(471,'kApiActionPermissionItem',-1,'multicenters_filesyncimportbatch','getexclusivealmostdonefilesyncimportjobs','','','',null,'2011-03-08 18:03:47','2011-03-08 18:03:47',null),
(472,'kApiActionPermissionItem',-1,'virusscan_virusscanbatch','updateexclusivevirusscanjob','','','',null,'2011-03-08 18:03:47','2011-03-08 18:03:47',null),
(473,'kApiActionPermissionItem',-1,'virusscan_virusscanbatch','freeexclusivevirusscanjob','','','',null,'2011-03-08 18:03:48','2011-03-08 18:03:48',null),
(474,'kApiActionPermissionItem',-1,'virusscan_virusscanbatch','getexclusivevirusscanjobs','','','',null,'2011-03-08 18:03:48','2011-03-08 18:03:48',null),
(475,'kApiActionPermissionItem',-1,'contentdistribution_contentdistributionbatch','getexclusivedistributionsubmitjobs','','','',null,'2011-03-08 18:03:48','2011-03-08 18:03:48',null),
(476,'kApiActionPermissionItem',-1,'contentdistribution_contentdistributionbatch','updateexclusivedistributionsubmitjob','','','',null,'2011-03-08 18:03:49','2011-03-08 18:03:49',null),
(477,'kApiActionPermissionItem',-1,'contentdistribution_contentdistributionbatch','freeexclusivedistributionsubmitjob','','','',null,'2011-03-08 18:03:49','2011-03-08 18:03:49',null),
(478,'kApiActionPermissionItem',-1,'contentdistribution_contentdistributionbatch','getexclusivealmostdonedistributionsubmitjobs','','','',null,'2011-03-08 18:03:50','2011-03-08 18:03:50',null),
(479,'kApiActionPermissionItem',-1,'contentdistribution_contentdistributionbatch','getexclusivedistributionupdatejobs','','','',null,'2011-03-08 18:03:50','2011-03-08 18:03:50',null),
(480,'kApiActionPermissionItem',-1,'contentdistribution_contentdistributionbatch','updateexclusivedistributionupdatejob','','','',null,'2011-03-08 18:03:51','2011-03-08 18:03:51',null),
(481,'kApiActionPermissionItem',-1,'contentdistribution_contentdistributionbatch','freeexclusivedistributionupdatejob','','','',null,'2011-03-08 18:03:51','2011-03-08 18:03:51',null),
(482,'kApiActionPermissionItem',-1,'contentdistribution_contentdistributionbatch','getexclusivealmostdonedistributionupdatejobs','','','',null,'2011-03-08 18:03:52','2011-03-08 18:03:52',null),
(483,'kApiActionPermissionItem',-1,'contentdistribution_contentdistributionbatch','getexclusivedistributiondeletejobs','','','',null,'2011-03-08 18:03:52','2011-03-08 18:03:52',null),
(484,'kApiActionPermissionItem',-1,'contentdistribution_contentdistributionbatch','updateexclusivedistributiondeletejob','','','',null,'2011-03-08 18:03:53','2011-03-08 18:03:53',null),
(485,'kApiActionPermissionItem',-1,'contentdistribution_contentdistributionbatch','freeexclusivedistributiondeletejob','','','',null,'2011-03-08 18:03:53','2011-03-08 18:03:53',null),
(486,'kApiActionPermissionItem',-1,'contentdistribution_contentdistributionbatch','getexclusivealmostdonedistributiondeletejobs','','','',null,'2011-03-08 18:03:54','2011-03-08 18:03:54',null),
(487,'kApiActionPermissionItem',-1,'contentdistribution_contentdistributionbatch','getexclusivedistributionfetchreportjobs','','','',null,'2011-03-08 18:03:54','2011-03-08 18:03:54',null),
(488,'kApiActionPermissionItem',-1,'contentdistribution_contentdistributionbatch','updateexclusivedistributionfetchreportjob','','','',null,'2011-03-08 18:03:55','2011-03-08 18:03:55',null),
(489,'kApiActionPermissionItem',-1,'contentdistribution_contentdistributionbatch','freeexclusivedistributionfetchreportjob','','','',null,'2011-03-08 18:03:56','2011-03-08 18:03:56',null),
(490,'kApiActionPermissionItem',-1,'contentdistribution_contentdistributionbatch','getexclusivealmostdonedistributionfetchreportjobs','','','',null,'2011-03-08 18:03:56','2011-03-08 18:03:56',null),
(491,'kApiActionPermissionItem',-1,'contentdistribution_contentdistributionbatch','createrequiredjobs','','','',null,'2011-03-08 18:03:57','2011-03-08 18:03:57',null),
(492,'kApiActionPermissionItem',-2,'virusscan_virusscanprofile','add','','','',null,'2011-03-08 18:03:58','2011-03-08 18:03:58',null),
(493,'kApiActionPermissionItem',-2,'virusscan_virusscanprofile','delete','','','',null,'2011-03-08 18:03:58','2011-03-08 18:03:58',null),
(494,'kApiActionPermissionItem',-2,'virusscan_virusscanprofile','get','','','',null,'2011-03-08 18:03:58','2011-03-08 18:03:58',null),
(495,'kApiActionPermissionItem',-2,'virusscan_virusscanprofile','list','','','',null,'2011-03-08 18:03:58','2011-03-08 18:03:58',null),
(496,'kApiActionPermissionItem',-2,'virusscan_virusscanprofile','update','','','',null,'2011-03-08 18:03:58','2011-03-08 18:03:58',null),
(497,'kApiActionPermissionItem',-2,'virusscan_virusscanprofile','scan','','','',null,'2011-03-08 18:03:58','2011-03-08 18:03:58',null),
(498,'kApiActionPermissionItem',-2,'contentdistribution_distributionprovider','list','','','',null,'2011-03-08 18:03:58','2011-03-08 18:03:58',null),
(499,'kApiActionPermissionItem',-2,'contentdistribution_entrydistribution','list','','','',null,'2011-03-08 18:03:58','2011-03-08 18:03:58',null),
(500,'kApiActionPermissionItem',-2,'contentdistribution_distributionprofile','get','','','',null,'2011-03-08 18:03:58','2011-03-08 18:03:58',null),
(501,'kApiActionPermissionItem',-2,'contentdistribution_distributionprofile','list','','','',null,'2011-03-08 18:03:58','2011-03-08 18:03:58',null),
(502,'kApiActionPermissionItem',-2,'contentdistribution_distributionprofile','listbypartner','','','',null,'2011-03-08 18:03:58','2011-03-08 18:03:58',null),
(503,'kApiActionPermissionItem',-2,'contentdistribution_genericdistributionprovideraction','get','','','',null,'2011-03-08 18:03:58','2011-03-08 18:03:58',null),
(504,'kApiActionPermissionItem',-2,'contentdistribution_genericdistributionprovideraction','list','','','',null,'2011-03-08 18:03:58','2011-03-08 18:03:58',null),
(505,'kApiActionPermissionItem',-2,'contentdistribution_genericdistributionprovideraction','getbyproviderid','','','',null,'2011-03-08 18:03:58','2011-03-08 18:03:58',null),
(506,'kApiActionPermissionItem',-2,'contentdistribution_genericdistributionprovider','get','','','',null,'2011-03-08 18:03:58','2011-03-08 18:03:58',null),
(507,'kApiActionPermissionItem',-2,'contentdistribution_genericdistributionprovider','list','','','',null,'2011-03-08 18:03:58','2011-03-08 18:03:58',null),
(508,'kApiActionPermissionItem',-2,'contentdistribution_distributionprofile','add','','','',null,'2011-03-08 18:03:58','2011-03-08 18:03:58',null),
(509,'kApiActionPermissionItem',-2,'contentdistribution_distributionprofile','update','','','',null,'2011-03-08 18:03:58','2011-03-08 18:03:58',null),
(510,'kApiActionPermissionItem',-2,'contentdistribution_distributionprofile','updatestatus','','','',null,'2011-03-08 18:03:58','2011-03-08 18:03:58',null),
(511,'kApiActionPermissionItem',-2,'contentdistribution_distributionprofile','delete','','','',null,'2011-03-08 18:03:58','2011-03-08 18:03:58',null),
(512,'kApiActionPermissionItem',-2,'contentdistribution_genericdistributionprovider','add','','','',null,'2011-03-08 18:03:58','2011-03-08 18:03:58',null),
(513,'kApiActionPermissionItem',-2,'contentdistribution_genericdistributionprovider','update','','','',null,'2011-03-08 18:03:58','2011-03-08 18:03:58',null),
(514,'kApiActionPermissionItem',-2,'contentdistribution_genericdistributionprovider','delete','','','',null,'2011-03-08 18:03:58','2011-03-08 18:03:58',null),
(515,'kApiActionPermissionItem',-2,'contentdistribution_genericdistributionprovideraction','add','','','',null,'2011-03-08 18:03:58','2011-03-08 18:03:58',null),
(516,'kApiActionPermissionItem',-2,'contentdistribution_genericdistributionprovideraction','addmrsstransform','','','',null,'2011-03-08 18:03:58','2011-03-08 18:03:58',null),
(517,'kApiActionPermissionItem',-2,'contentdistribution_genericdistributionprovideraction','addmrsstransformfromfile','','','',null,'2011-03-08 18:03:59','2011-03-08 18:03:59',null),
(518,'kApiActionPermissionItem',-2,'contentdistribution_genericdistributionprovideraction','addmrssvalidate','','','',null,'2011-03-08 18:03:59','2011-03-08 18:03:59',null),
(519,'kApiActionPermissionItem',-2,'contentdistribution_genericdistributionprovideraction','addmrssvalidatefromfile','','','',null,'2011-03-08 18:03:59','2011-03-08 18:03:59',null),
(520,'kApiActionPermissionItem',-2,'contentdistribution_genericdistributionprovideraction','addresultstransform','','','',null,'2011-03-08 18:03:59','2011-03-08 18:03:59',null),
(521,'kApiActionPermissionItem',-2,'contentdistribution_genericdistributionprovideraction','addresultstransformfromfile','','','',null,'2011-03-08 18:03:59','2011-03-08 18:03:59',null),
(522,'kApiActionPermissionItem',-2,'contentdistribution_genericdistributionprovideraction','update','','','',null,'2011-03-08 18:03:59','2011-03-08 18:03:59',null),
(523,'kApiActionPermissionItem',-2,'contentdistribution_genericdistributionprovideraction','updatebyproviderid','','','',null,'2011-03-08 18:03:59','2011-03-08 18:03:59',null),
(524,'kApiActionPermissionItem',-2,'contentdistribution_genericdistributionprovideraction','delete','','','',null,'2011-03-08 18:03:59','2011-03-08 18:03:59',null),
(525,'kApiActionPermissionItem',-2,'contentdistribution_genericdistributionprovideraction','deletebyproviderid','','','',null,'2011-03-08 18:03:59','2011-03-08 18:03:59',null),
(526,'kApiActionPermissionItem',-2,'kalturainternaltools_kalturainternaltoolssystemhelper','fromsecurestring','','','',null,'2011-03-08 18:03:59','2011-03-08 18:03:59',null),
(527,'kApiActionPermissionItem',-2,'kalturainternaltools_kalturainternaltoolssystemhelper','iptocountry','','','',null,'2011-03-08 18:03:59','2011-03-08 18:03:59',null),
(528,'kApiActionPermissionItem',-2,'kalturainternaltools_kalturainternaltoolssystemhelper','getremoteaddress','','','',null,'2011-03-08 18:03:59','2011-03-08 18:03:59',null),
(529,'kApiActionPermissionItem',-2,'adminconsole_uiconfadmin','add','','','',null,'05/04/2011 14:28:20','05/04/2011 14:28:21',null),
(530,'kApiActionPermissionItem',-2,'adminconsole_uiconfadmin','update','','','',null,'05/04/2011 14:28:20','05/04/2011 14:28:21',null),
(531,'kApiActionPermissionItem',-2,'adminconsole_uiconfadmin','get','','','',null,'05/04/2011 14:28:20','05/04/2011 14:28:21',null),
(532,'kApiActionPermissionItem',-2,'adminconsole_uiconfadmin','delete','','','',null,'05/04/2011 14:28:20','05/04/2011 14:28:21',null),
(533,'kApiActionPermissionItem',0,'uiconf','getavailabletypes','','','',null,'05/04/2011 14:28:20','05/04/2011 14:28:21',null),
(534,'kApiActionPermissionItem',0,'audit_audittrail','list','','','',null,'10/04/2011 14:49:00','10/04/2011 14:49:00',null),
(535,'kApiActionPermissionItem',0,'audit_audittrail','add','','','',null,'10/04/2011 14:49:00','10/04/2011 14:49:00',null),
(536,'kApiActionPermissionItem',0,'audit_audittrail','get','','','',null,'10/04/2011 14:49:00','10/04/2011 14:49:00',null),
(537,'kApiActionPermissionItem',0,'contentdistribution_distributionprovider','list','','','',null,'10/04/2011 14:49:01','10/04/2011 14:49:01',null),
(538,'kApiActionPermissionItem',0,'contentdistribution_distributionprofile','get','','','',null,'10/04/2011 14:49:01','10/04/2011 14:49:01',null),
(539,'kApiActionPermissionItem',0,'contentdistribution_distributionprofile','list','','','',null,'10/04/2011 14:49:01','10/04/2011 14:49:01',null),
(540,'kApiActionPermissionItem',0,'contentdistribution_distributionprofile','listbypartner','','','',null,'10/04/2011 14:49:01','10/04/2011 14:49:01',null),
(541,'kApiActionPermissionItem',0,'contentdistribution_distributionprofile','add','','','',null,'10/04/2011 14:49:01','10/04/2011 14:49:01',null),
(542,'kApiActionPermissionItem',0,'contentdistribution_distributionprofile','update','','','',null,'10/04/2011 14:49:01','10/04/2011 14:49:01',null),
(543,'kApiActionPermissionItem',0,'contentdistribution_distributionprofile','updatestatus','','','',null,'10/04/2011 14:49:01','10/04/2011 14:49:01',null),
(544,'kApiActionPermissionItem',0,'contentdistribution_distributionprofile','delete','','','',null,'10/04/2011 14:49:01','10/04/2011 14:49:01',null),
(545,'kApiActionPermissionItem',0,'contentdistribution_entrydistribution','get','','','',null,'10/04/2011 14:49:01','10/04/2011 14:49:01',null),
(546,'kApiActionPermissionItem',0,'contentdistribution_entrydistribution','list','','','',null,'10/04/2011 14:49:01','10/04/2011 14:49:01',null),
(547,'kApiActionPermissionItem',0,'contentdistribution_entrydistribution','validate','','','',null,'10/04/2011 14:49:01','10/04/2011 14:49:01',null),
(548,'kApiActionPermissionItem',0,'contentdistribution_entrydistribution','add','','','',null,'10/04/2011 14:49:01','10/04/2011 14:49:01',null),
(549,'kApiActionPermissionItem',0,'contentdistribution_entrydistribution','update','','','',null,'10/04/2011 14:49:01','10/04/2011 14:49:01',null),
(550,'kApiActionPermissionItem',0,'contentdistribution_entrydistribution','delete','','','',null,'10/04/2011 14:49:01','10/04/2011 14:49:01',null),
(551,'kApiActionPermissionItem',0,'contentdistribution_entrydistribution','submitadd','','','',null,'10/04/2011 14:49:01','10/04/2011 14:49:01',null),
(552,'kApiActionPermissionItem',0,'contentdistribution_entrydistribution','submitupdate','','','',null,'10/04/2011 14:49:01','10/04/2011 14:49:01',null),
(553,'kApiActionPermissionItem',0,'contentdistribution_entrydistribution','submitdelete','','','',null,'10/04/2011 14:49:01','10/04/2011 14:49:01',null),
(554,'kApiActionPermissionItem',0,'contentdistribution_entrydistribution','submitfetchreport','','','',null,'10/04/2011 14:49:01','10/04/2011 14:49:01',null),
(555,'kApiActionPermissionItem',0,'contentdistribution_entrydistribution','retrysubmit','','','',null,'10/04/2011 14:49:01','10/04/2011 14:49:01',null),
(556,'kApiActionPermissionItem',0,'contentdistribution_entrydistribution','servereturneddata','','','',null,'10/04/2011 14:49:01','10/04/2011 14:49:01',null),
(557,'kApiActionPermissionItem',0,'contentdistribution_entrydistribution','servesentdata','','','',null,'10/04/2011 14:49:01','10/04/2011 14:49:01',null),
(558,'kApiActionPermissionItem',0,'annotation_annotation','update','','','',null,'10/04/2011 15:39:16','10/04/2011 15:39:16',null),
(559,'kApiActionPermissionItem',0,'annotation_annotation','delete','','','',null,'10/04/2011 15:39:16','10/04/2011 15:39:16',null),
(560,'kApiActionPermissionItem',0,'annotation_annotation','list','','','',null,'10/04/2011 15:39:16','10/04/2011 15:39:16',null),
(561,'kApiActionPermissionItem',0,'annotation_annotation','add','','','',null,'10/04/2011 15:39:16','10/04/2011 15:39:16',null),
(562,'kApiActionPermissionItem',0,'annotation_annotation','get','','','',null,'10/04/2011 15:39:16','10/04/2011 15:39:16',null),
(563,'kApiActionPermissionItem',-2,'adminconsole_uiconfadmin','list','','','',null,'10/04/2011 15:39:16','10/04/2011 15:39:16',null),
(564,'kApiActionPermissionItem',0,'contentdistribution_contentdistributionbatch','getasseturl','','','',null,'10/04/2011 15:39:16','10/04/2011 15:39:16',null),
(565,'kApiActionPermissionItem',0,'related_related','listrelatedmedieentries','','','',null,'2011-08-11 17:17:14','2011-08-11 17:17:14',null),
(566,'kApiActionPermissionItem',0,'partneraggregation_partneraggregation','list','','','',null,'2011-08-11 17:17:14','2011-08-11 17:17:14',null),
(567,'kApiActionPermissionItem',0,'metadata_metadataprofile','serve','','','',null,'2011-08-11 17:17:15','2011-08-11 17:17:15',null),
(568,'kApiActionPermissionItem',0,'metadata_metadataprofile','serveview','','','',null,'2011-08-11 17:17:15','2011-08-11 17:17:15',null),
(569,'kApiActionPermissionItem',0,'document_documents','add','','','',null,'2011-08-11 17:17:19','2011-08-11 17:17:19',null),
(570,'kApiActionPermissionItem',0,'baseentry','add','','','',null,'2011-08-11 17:17:20','2011-08-11 17:17:20',null),
(571,'kApiParameterPermissionItem',0,'KalturaBaseEntry','referenceId','insert','','',null,'2011-08-11 17:17:23','2011-08-11 17:17:23',null),
(572,'kApiParameterPermissionItem',0,'KalturaBaseEntry','referenceId','update','','',null,'2011-08-11 17:17:24','2011-08-11 17:17:24',null),
(573,'kApiActionPermissionItem',-2,'adminconsole_entryadmin','getbyflavorid','','','',null,'2011-08-11 17:17:24','2011-08-11 17:17:24',null),
(574,'kApiActionPermissionItem',-2,'dropfolder_dropfolder','add','','','',null,'2011-08-11 17:17:27','2011-08-11 17:17:27',null),
(575,'kApiActionPermissionItem',-2,'dropfolder_dropfolder','update','','','',null,'2011-08-11 17:17:27','2011-08-11 17:17:27',null),
(576,'kApiActionPermissionItem',0,'dropfolder_dropfolder','list','','','',null,'2011-08-11 17:17:27','2011-08-11 17:17:27',null),
(577,'kApiActionPermissionItem',0,'dropfolder_dropfolder','get','','','',null,'2011-08-11 17:17:28','2011-08-11 17:17:28',null),
(578,'kApiActionPermissionItem',-2,'dropfolder_dropfolder','delete','','','',null,'2011-08-11 17:17:29','2011-08-11 17:17:29',null),
(579,'kApiActionPermissionItem',-1,'dropfolder_dropfolderfile','add','','','',null,'2011-08-11 17:17:29','2011-08-11 17:17:29',null),
(580,'kApiActionPermissionItem',0,'dropfolder_dropfolderfile','ignore','','','',null,'2011-08-11 17:17:30','2011-08-11 17:17:30',null),
(581,'kApiActionPermissionItem',0,'dropfolder_dropfolderfile','update','','','',null,'2011-08-11 17:17:30','2011-08-11 17:17:30',null),
(582,'kApiActionPermissionItem',0,'dropfolder_dropfolderfile','get','','','',null,'2011-08-11 17:17:30','2011-08-11 17:17:30',null),
(583,'kApiActionPermissionItem',0,'dropfolder_dropfolderfile','list','','','',null,'2011-08-11 17:17:31','2011-08-11 17:17:31',null),
(584,'kApiActionPermissionItem',0,'dropfolder_dropfolderfile','delete','','','',null,'2011-08-11 17:17:32','2011-08-11 17:17:32',null),
(585,'kApiActionPermissionItem',0,'conversionprofileassetparams','list','','','',null,'2011-08-11 17:17:32','2011-08-11 17:17:32',null),
(586,'kApiActionPermissionItem',0,'conversionprofile','getdefault','','','',null,'2011-08-11 17:17:33','2011-08-11 17:17:33',null),
(587,'kApiActionPermissionItem',0,'conversionprofile','setasdefault','','','',null,'2011-08-11 17:17:34','2011-08-11 17:17:34',null),
(588,'kApiActionPermissionItem',0,'conversionprofileassetparams','update','','','',null,'2011-08-11 17:17:35','2011-08-11 17:17:35',null),
(589,'kApiActionPermissionItem',-2,'systempartner_systempartner','resetuserpassword','','','',null,'2011-08-11 17:17:36','2011-08-11 17:17:36',null),
(590,'kApiActionPermissionItem',0,'storageprofile','list','','','',null,'2011-08-11 17:17:37','2011-08-11 17:17:37',null),
(591,'kApiActionPermissionItem',0,'storageprofile','updatestatus','','','',null,'2011-08-11 17:17:37','2011-08-11 17:17:37',null),
(592,'kApiActionPermissionItem',0,'storageprofile','get','','','',null,'2011-08-11 17:17:38','2011-08-11 17:17:38',null),
(593,'kApiActionPermissionItem',0,'storageprofile','update','','','',null,'2011-08-11 17:17:38','2011-08-11 17:17:38',null),
(594,'kApiActionPermissionItem',0,'storageprofile','add','','','',null,'2011-08-11 17:17:38','2011-08-11 17:17:38',null),
(595,'kApiActionPermissionItem',0,'thumbasset','add','','','',null,'2011-08-11 17:17:39','2011-08-11 17:17:39',null),
(596,'kApiActionPermissionItem',0,'thumbasset','update','','','',null,'2011-08-11 17:17:40','2011-08-11 17:17:40',null),
(597,'kApiActionPermissionItem',0,'flavorasset','update','','','',null,'2011-08-11 17:17:41','2011-08-11 17:17:41',null),
(598,'kApiActionPermissionItem',0,'baseentry','addcontent','','','',null,'2011-08-11 17:17:42','2011-08-11 17:17:42',null),
(599,'kApiActionPermissionItem',0,'baseentry','updatecontent','','','',null,'2011-08-11 17:17:42','2011-08-11 17:17:42',null),
(600,'kApiActionPermissionItem',0,'media','add','','','',null,'2011-08-11 17:17:44','2011-08-11 17:17:44',null),
(601,'kApiActionPermissionItem',0,'media','addcontent','','','',null,'2011-08-11 17:17:45','2011-08-11 17:17:45',null),
(602,'kApiActionPermissionItem',0,'media','updatecontent','','','',null,'2011-08-11 17:17:45','2011-08-11 17:17:45',null),
(603,'kApiActionPermissionItem',0,'media','approvereplace','','','',null,'2011-08-11 17:17:48','2011-08-11 17:17:48',null),
(604,'kApiActionPermissionItem',0,'media','cancelreplace','','','',null,'2011-08-11 17:17:48','2011-08-11 17:17:48',null),
(605,'kApiActionPermissionItem',0,'flavorasset','add','','','',null,'2011-08-11 17:17:49','2011-08-11 17:17:49',null),
(606,'kApiActionPermissionItem',0,'flavorasset','setcontent','','','',null,'2011-08-11 17:17:50','2011-08-11 17:17:50',null),
(607,'kApiActionPermissionItem',0,'thumbasset','setcontent','','','',null,'2011-08-11 17:17:52','2011-08-11 17:17:52',null),
(608,'kApiActionPermissionItem',0,'tvcomdistribution_tvcom','getfeed','','','',null,'2011-08-11 17:17:54','2011-08-11 17:17:54',null),
(609,'kApiActionPermissionItem',0,'comcastmrssdistribution_comcastmrss','getfeed','','','',null,'2011-08-11 17:17:55','2011-08-11 17:17:55',null),
(610,'kApiActionPermissionItem',0,'cuepoint_cuepoint','add','','','',null,'2011-08-11 17:17:55','2011-08-11 17:17:55',null),
(611,'kApiActionPermissionItem',0,'cuepoint_cuepoint','addfrombulk','','','',null,'2011-08-11 17:17:56','2011-08-11 17:17:56',null),
(612,'kApiActionPermissionItem',0,'cuepoint_cuepoint','update','','','',null,'2011-08-11 17:17:56','2011-08-11 17:17:56',null),
(613,'kApiActionPermissionItem',0,'cuepoint_cuepoint','get','','','',null,'2011-08-11 17:17:57','2011-08-11 17:17:57',null),
(614,'kApiActionPermissionItem',0,'cuepoint_cuepoint','list','','','',null,'2011-08-11 17:17:58','2011-08-11 17:17:58',null),
(615,'kApiActionPermissionItem',0,'cuepoint_cuepoint','servebulk','','','',null,'2011-08-11 17:17:59','2011-08-11 17:17:59',null),
(616,'kApiActionPermissionItem',0,'cuepoint_cuepoint','delete','','','',null,'2011-08-11 17:18:00','2011-08-11 17:18:00',null),
(617,'kApiActionPermissionItem',0,'cuepoint_cuepoint','count','','','',null,'2011-08-11 17:18:00','2011-08-11 17:18:00',null),
(618,'kApiParameterPermissionItem',0,'KalturaAdCuePoint','protocolType','insert','','',null,'2011-08-11 17:18:01','2011-08-11 17:18:01',null),
(619,'kApiParameterPermissionItem',0,'KalturaAdCuePoint','sourceUrl','insert','','',null,'2011-08-11 17:18:01','2011-08-11 17:18:01',null),
(620,'kApiParameterPermissionItem',0,'KalturaAdCuePoint','sourceUrl','update','','',null,'2011-08-11 17:18:01','2011-08-11 17:18:01',null),
(621,'kApiParameterPermissionItem',0,'KalturaAdCuePoint','adType','insert','','',null,'2011-08-11 17:18:01','2011-08-11 17:18:01',null),
(622,'kApiParameterPermissionItem',0,'KalturaAdCuePoint','adType','update','','',null,'2011-08-11 17:18:01','2011-08-11 17:18:01',null),
(623,'kApiParameterPermissionItem',0,'KalturaAdCuePoint','title','insert','','',null,'2011-08-11 17:18:01','2011-08-11 17:18:01',null),
(624,'kApiParameterPermissionItem',0,'KalturaAdCuePoint','title','update','','',null,'2011-08-11 17:18:01','2011-08-11 17:18:01',null),
(625,'kApiParameterPermissionItem',0,'KalturaAdCuePoint','endTime','insert','','',null,'2011-08-11 17:18:01','2011-08-11 17:18:01',null),
(626,'kApiParameterPermissionItem',0,'KalturaAdCuePoint','endTime','update','','',null,'2011-08-11 17:18:01','2011-08-11 17:18:01',null),
(627,'kApiActionPermissionItem',-1,'batch','countbulkuploadentries','','','',null,'2011-08-11 17:18:01','2011-08-11 17:18:01',null),
(628,'kApiActionPermissionItem',0,'bulkupload','serve','','','',null,'2011-08-11 17:18:02','2011-08-11 17:18:02',null),
(629,'kApiActionPermissionItem',0,'bulkupload','servelog','','','',null,'2011-08-11 17:18:02','2011-08-11 17:18:02',null),
(630,'kApiActionPermissionItem',0,'bulkupload','abort','','','',null,'2011-08-11 17:18:02','2011-08-11 17:18:02',null),
(631,'kApiParameterPermissionItem',0,'KalturaClipAttributes','offset','all','','',null,'2011-08-11 17:18:03','2011-08-11 17:18:03',null),
(632,'kApiParameterPermissionItem',0,'KalturaClipAttributes','duration','all','','',null,'2011-08-11 17:18:03','2011-08-11 17:18:03',null),
(633,'kApiParameterPermissionItem',0,'KalturaServerFileResource','localFilePath','all','','',null,'2011-08-11 17:18:03','2011-08-11 17:18:03',null),
(634,'kApiActionPermissionItem',0,'attachment_attachmentasset','add','','','',null,'2011-08-11 17:18:03','2011-08-11 17:18:03',null),
(635,'kApiActionPermissionItem',0,'attachment_attachmentasset','setcontent','','','',null,'2011-08-11 17:18:04','2011-08-11 17:18:04',null),
(636,'kApiActionPermissionItem',0,'attachment_attachmentasset','update','','','',null,'2011-08-11 17:18:05','2011-08-11 17:18:05',null),
(637,'kApiActionPermissionItem',0,'attachment_attachmentasset','servebyentryid','','','',null,'2011-08-11 17:18:05','2011-08-11 17:18:05',null),
(638,'kApiActionPermissionItem',0,'attachment_attachmentasset','getdownloadurl','','','',null,'2011-08-11 17:18:07','2011-08-11 17:18:07',null),
(639,'kApiActionPermissionItem',0,'attachment_attachmentasset','serve','','','',null,'2011-08-11 17:18:08','2011-08-11 17:18:08',null),
(640,'kApiActionPermissionItem',0,'attachment_attachmentasset','list','','','',null,'2011-08-11 17:18:09','2011-08-11 17:18:09',null),
(641,'kApiActionPermissionItem',0,'attachment_attachmentasset','get','','','',null,'2011-08-11 17:18:11','2011-08-11 17:18:11',null),
(642,'kApiActionPermissionItem',0,'attachment_attachmentasset','delete','','','',null,'2011-08-11 17:18:12','2011-08-11 17:18:12',null),
(643,'kApiActionPermissionItem',0,'caption_captionasset','add','','','',null,'2011-08-11 17:18:13','2011-08-11 17:18:13',null),
(644,'kApiActionPermissionItem',0,'caption_captionasset','setcontent','','','',null,'2011-08-11 17:18:15','2011-08-11 17:18:15',null),
(645,'kApiActionPermissionItem',0,'caption_captionasset','update','','','',null,'2011-08-11 17:18:16','2011-08-11 17:18:16',null),
(646,'kApiActionPermissionItem',0,'caption_captionasset','servebyentryid','','','',null,'2011-08-11 17:18:16','2011-08-11 17:18:16',null),
(647,'kApiActionPermissionItem',0,'caption_captionasset','getdownloadurl','','','',null,'2011-08-11 17:18:18','2011-08-11 17:18:18',null),
(648,'kApiActionPermissionItem',0,'caption_captionasset','serve','','','',null,'2011-08-11 17:18:20','2011-08-11 17:18:20',null),
(649,'kApiActionPermissionItem',0,'caption_captionasset','setasdefault','','','',null,'2011-08-11 17:18:21','2011-08-11 17:18:21',null),
(650,'kApiActionPermissionItem',0,'caption_captionasset','list','','','',null,'2011-08-11 17:18:21','2011-08-11 17:18:21',null),
(651,'kApiActionPermissionItem',0,'caption_captionasset','get','','','',null,'2011-08-11 17:18:23','2011-08-11 17:18:23',null),
(652,'kApiActionPermissionItem',0,'caption_captionasset','delete','','','',null,'2011-08-11 17:18:23','2011-08-11 17:18:23',null),
(653,'kApiActionPermissionItem',0,'batch','freeexclusivejob','','','',null,'2011-08-11 17:18:25','2011-08-11 17:18:25',null),
(654,'kApiActionPermissionItem',0,'batch','getexclusivealmostdone','','','',null,'2011-08-11 17:18:25','2011-08-11 17:18:25',null),
(655,'kApiActionPermissionItem',0,'batch','getexclusivejobs','','','',null,'2011-08-11 17:18:26','2011-08-11 17:18:26',null),
(656,'kApiActionPermissionItem',0,'batch','updateexclusivejob','','','',null,'2011-08-11 17:18:26','2011-08-11 17:18:26',null),
(657,'kApiActionPermissionItem',0,'visodistribution_viso','getfeed','','','',null,'2011-08-11 17:18:27','2011-08-11 17:18:27',null),
(658,'kApiActionPermissionItem',0,'avndistribution_avn','getfeed','','','',null,'2011-08-11 17:18:29','2011-08-11 17:18:29',null),
(659,'kApiActionPermissionItem',0,'captionsearch_captionassetitem','parse','','','',null,'2011-08-11 17:18:29','2011-08-11 17:18:29',null),
(660,'kApiActionPermissionItem',0,'captionsearch_captionassetitem','search','','','',null,'2011-08-11 17:18:30','2011-08-11 17:18:30',null),
(661,'kApiActionPermissionItem',-2,'systempartner_systempartner','listuserlogindata','','','',NULL,'16/08/2011 17:54:52','16/08/2011 17:54:52',NULL), 
(662,'kApiActionPermissionItem',0,'flavorasset','geturl','','','',NULL,'16/08/2011 17:55:09','16/08/2011 17:55:09',NULL), 
(663,'kApiActionPermissionItem',0,'thumbasset','geturl','','','',NULL,'16/08/2011 17:55:10','16/08/2011 17:55:10',NULL), 
(664,'kApiActionPermissionItem',0,'attachment_attachmentasset','geturl','','','',NULL,'16/08/2011 17:55:20','16/08/2011 17:55:20',NULL), 
(665,'kApiActionPermissionItem',0,'caption_captionasset','geturl','','','',NULL,'16/08/2011 17:55:40','16/08/2011 17:55:40',NULL);

insert into `permission_to_permission_item`(`id`,`permission_id`,`permission_item_id`,`created_at`,`updated_at`) values
(45655,66,567,'2011-08-11 17:17:15','2011-08-11 17:17:15'),
(81786,11,651,'2011-08-11 17:18:28','2011-08-11 17:18:28'),
(10013,33,173,'2011-02-23 09:53:47','2011-02-23 09:53:47'),
(11254,88,230,'2011-02-23 09:53:51','2011-02-23 09:53:51'),
(7967,26,9,'2011-02-23 09:53:40','2011-02-23 09:53:40'),
(43867,111,524,'2011-03-08 18:03:59','2011-03-08 18:03:59'),
(82522,5,458,'2011-08-11 17:18:30','2011-08-11 17:18:30'),
(10,67,2,'2011-02-23 09:53:15','2011-02-23 09:53:15'),
(19,89,2,'2011-02-23 09:53:15','2011-02-23 09:53:15'),
(11,67,3,'2011-02-23 09:53:15','2011-02-23 09:53:15'),
(12,69,4,'2011-02-23 09:53:15','2011-02-23 09:53:15'),
(22,91,4,'2011-02-23 09:53:15','2011-02-23 09:53:15'),
(45654,66,5,'2011-08-11 17:17:15','2011-08-11 17:17:15'),
(82521,5,648,'2011-08-11 17:18:30','2011-08-11 17:18:30'),
(41,68,8,'2011-02-23 09:53:15','2011-02-23 09:53:15'),
(20,89,6,'2011-02-23 09:53:15','2011-02-23 09:53:15'),
(21,90,6,'2011-02-23 09:53:15','2011-02-23 09:53:15'),
(23,91,6,'2011-02-23 09:53:15','2011-02-23 09:53:15'),
(40,68,6,'2011-02-23 09:53:15','2011-02-23 09:53:15'),
(39,68,7,'2011-02-23 09:53:15','2011-02-23 09:53:15'),
(45653,66,1,'2011-08-11 17:17:15','2011-08-11 17:17:15'),
(7966,26,1,'2011-02-23 09:53:40','2011-02-23 09:53:40'),
(43866,111,522,'2011-03-08 18:03:59','2011-03-08 18:03:59'),
(82520,5,646,'2011-08-11 17:18:30','2011-08-11 17:18:30'),
(42,68,10,'2011-02-23 09:53:15','2011-02-23 09:53:15'),
(140,17,17,'2011-02-23 09:53:15','2011-02-23 09:53:15'),
(81785,11,648,'2011-08-11 17:18:28','2011-08-11 17:18:28'),
(11253,88,214,'2011-02-23 09:53:51','2011-02-23 09:53:51'),
(82519,5,640,'2011-08-11 17:18:30','2011-08-11 17:18:30'),
(139,17,14,'2011-02-23 09:53:15','2011-02-23 09:53:15'),
(146,35,17,'2011-02-23 09:53:15','2011-02-23 09:53:15'),
(82518,5,638,'2011-08-11 17:18:30','2011-08-11 17:18:30'),
(138,17,12,'2011-02-23 09:53:15','2011-02-23 09:53:15'),
(145,35,14,'2011-02-23 09:53:15','2011-02-23 09:53:15'),
(82517,5,617,'2011-08-11 17:18:30','2011-08-11 17:18:30'),
(137,17,11,'2011-02-23 09:53:15','2011-02-23 09:53:15'),
(144,35,12,'2011-02-23 09:53:15','2011-02-23 09:53:15'),
(82516,5,615,'2011-08-11 17:18:30','2011-08-11 17:18:30'),
(136,17,13,'2011-02-23 09:53:15','2011-02-23 09:53:15'),
(143,35,13,'2011-02-23 09:53:15','2011-02-23 09:53:15'),
(82515,5,613,'2011-08-11 17:18:30','2011-08-11 17:18:30'),
(81784,11,646,'2011-08-11 17:18:28','2011-08-11 17:18:28'),
(82514,5,611,'2011-08-11 17:18:30','2011-08-11 17:18:30'),
(135,17,15,'2011-02-23 09:53:15','2011-02-23 09:53:15'),
(142,35,15,'2011-02-23 09:53:15','2011-02-23 09:53:15'),
(82513,5,607,'2011-08-11 17:18:30','2011-08-11 17:18:30'),
(141,17,18,'2011-02-23 09:53:15','2011-02-23 09:53:15'),
(147,35,18,'2011-02-23 09:53:15','2011-02-23 09:53:15'),
(82512,5,595,'2011-08-11 17:18:30','2011-08-11 17:18:30'),
(73942,7,640,'2011-08-11 17:18:11','2011-08-11 17:18:11'),
(82511,5,597,'2011-08-11 17:18:30','2011-08-11 17:18:30'),
(12416,19,209,'2011-02-23 09:53:54','2011-02-23 09:53:54'),
(82510,5,598,'2011-08-11 17:18:30','2011-08-11 17:18:30'),
(73941,7,638,'2011-08-11 17:18:11','2011-08-11 17:18:11'),
(82509,5,602,'2011-08-11 17:18:30','2011-08-11 17:18:30'),
(73940,7,607,'2011-08-11 17:18:11','2011-08-11 17:18:11'),
(82508,5,600,'2011-08-11 17:18:30','2011-08-11 17:18:30'),
(81783,11,640,'2011-08-11 17:18:28','2011-08-11 17:18:28'),
(82507,5,562,'2011-08-11 17:18:30','2011-08-11 17:18:30'),
(38504,12,450,'2011-02-23 10:06:08','2011-02-23 10:06:08'),
(38661,34,450,'2011-02-23 10:06:09','2011-02-23 10:06:09'),
(38032,13,447,'2011-02-23 10:06:07','2011-02-23 10:06:07'),
(38820,14,242,'2011-02-23 10:15:53','2011-02-23 10:15:53'),
(37558,15,441,'2011-02-23 10:06:05','2011-02-23 10:06:05'),
(37571,16,443,'2011-02-23 10:06:05','2011-02-23 10:06:05'),
(82506,5,561,'2011-08-11 17:18:30','2011-08-11 17:18:30'),
(11942,18,188,'2011-02-23 09:53:53','2011-02-23 09:53:53'),
(82505,5,559,'2011-08-11 17:18:30','2011-08-11 17:18:30'),
(81782,11,638,'2011-08-11 17:18:28','2011-08-11 17:18:28'),
(82504,5,462,'2011-08-11 17:18:30','2011-08-11 17:18:30'),
(73939,7,595,'2011-08-11 17:18:11','2011-08-11 17:18:11'),
(82503,5,463,'2011-08-11 17:18:30','2011-08-11 17:18:30'),
(12415,19,186,'2011-02-23 09:53:54','2011-02-23 09:53:54'),
(82502,5,451,'2011-08-11 17:18:30','2011-08-11 17:18:30'),
(81781,11,617,'2011-08-11 17:18:28','2011-08-11 17:18:28'),
(81974,6,657,'2011-08-11 17:18:29','2011-08-11 17:18:29'),
(82501,5,449,'2011-08-11 17:18:30','2011-08-11 17:18:30'),
(81780,11,614,'2011-08-11 17:18:28','2011-08-11 17:18:28'),
(81973,6,608,'2011-08-11 17:18:29','2011-08-11 17:18:29'),
(82500,5,447,'2011-08-11 17:18:30','2011-08-11 17:18:30'),
(81972,6,462,'2011-08-11 17:18:29','2011-08-11 17:18:29'),
(82499,5,445,'2011-08-11 17:18:30','2011-08-11 17:18:30'),
(81971,6,247,'2011-08-11 17:18:29','2011-08-11 17:18:29'),
(82498,5,247,'2011-08-11 17:18:30','2011-08-11 17:18:30'),
(81970,6,194,'2011-08-11 17:18:29','2011-08-11 17:18:29'),
(82497,5,245,'2011-08-11 17:18:30','2011-08-11 17:18:30'),
(81969,6,160,'2011-08-11 17:18:29','2011-08-11 17:18:29'),
(82496,5,243,'2011-08-11 17:18:30','2011-08-11 17:18:30'),
(573,47,35,'2011-02-23 09:53:17','2011-02-23 09:53:17'),
(535,48,36,'2011-02-23 09:53:17','2011-02-23 09:53:17'),
(610,46,40,'2011-02-23 09:53:17','2011-02-23 09:53:17'),
(81968,6,158,'2011-08-11 17:18:29','2011-08-11 17:18:29'),
(82495,5,241,'2011-08-11 17:18:30','2011-08-11 17:18:30'),
(572,49,38,'2011-02-23 09:53:17','2011-02-23 09:53:17'),
(574,47,39,'2011-02-23 09:53:17','2011-02-23 09:53:17'),
(609,46,37,'2011-02-23 09:53:17','2011-02-23 09:53:17'),
(11252,88,189,'2011-02-23 09:53:51','2011-02-23 09:53:51'),
(82494,5,239,'2011-08-11 17:18:30','2011-08-11 17:18:30'),
(611,46,41,'2011-02-23 09:53:17','2011-02-23 09:53:17'),
(11251,88,184,'2011-02-23 09:53:51','2011-02-23 09:53:51'),
(616,71,42,'2011-02-23 09:53:17','2011-02-23 09:53:17'),
(39330,70,460,'2011-02-23 10:24:20','2011-02-23 10:24:20'),
(11250,88,153,'2011-02-23 09:53:51','2011-02-23 09:53:51'),
(855,72,54,'2011-02-23 09:53:18','2011-02-23 09:53:18'),
(624,73,45,'2011-02-23 09:53:17','2011-02-23 09:53:17'),
(39329,70,237,'2011-02-23 10:24:20','2011-02-23 10:24:20'),
(11212,54,65,'2011-02-23 09:53:50','2011-02-23 09:53:50'),
(24249,92,50,'2011-02-23 09:54:36','2011-02-23 09:54:36'),
(39328,70,230,'2011-02-23 10:24:20','2011-02-23 10:24:20'),
(81967,6,144,'2011-08-11 17:18:29','2011-08-11 17:18:29'),
(82493,5,225,'2011-08-11 17:18:30','2011-08-11 17:18:30'),
(81966,6,80,'2011-08-11 17:18:29','2011-08-11 17:18:29'),
(82492,5,223,'2011-08-11 17:18:30','2011-08-11 17:18:30'),
(39327,70,50,'2011-02-23 10:24:20','2011-02-23 10:24:20'),
(24248,92,46,'2011-02-23 09:54:36','2011-02-23 09:54:36'),
(854,72,44,'2011-02-23 09:53:18','2011-02-23 09:53:18'),
(81965,6,72,'2011-08-11 17:18:29','2011-08-11 17:18:29'),
(82491,5,221,'2011-08-11 17:18:30','2011-08-11 17:18:30'),
(81964,6,70,'2011-08-11 17:18:29','2011-08-11 17:18:29'),
(82490,5,219,'2011-08-11 17:18:30','2011-08-11 17:18:30'),
(81963,6,68,'2011-08-11 17:18:29','2011-08-11 17:18:29'),
(82489,5,200,'2011-08-11 17:18:30','2011-08-11 17:18:30'),
(853,72,51,'2011-02-23 09:53:18','2011-02-23 09:53:18'),
(856,72,55,'2011-02-23 09:53:18','2011-02-23 09:53:18'),
(991,80,59,'2011-02-23 09:53:18','2011-02-23 09:53:18'),
(82488,5,197,'2011-08-11 17:18:30','2011-08-11 17:18:30'),
(990,80,57,'2011-02-23 09:53:18','2011-02-23 09:53:18'),
(82487,5,193,'2011-08-11 17:18:30','2011-08-11 17:18:30'),
(989,80,56,'2011-02-23 09:53:18','2011-02-23 09:53:18'),
(81962,6,66,'2011-08-11 17:18:29','2011-08-11 17:18:29'),
(82486,5,191,'2011-08-11 17:18:30','2011-08-11 17:18:30'),
(988,80,58,'2011-02-23 09:53:18','2011-02-23 09:53:18'),
(992,80,60,'2011-02-23 09:53:18','2011-02-23 09:53:18'),
(81961,6,61,'2011-08-11 17:18:29','2011-08-11 17:18:29'),
(82485,5,184,'2011-08-11 17:18:30','2011-08-11 17:18:30'),
(1045,55,62,'2011-02-23 09:53:19','2011-02-23 09:53:19'),
(1046,57,62,'2011-02-23 09:53:19','2011-02-23 09:53:19'),
(81960,6,53,'2011-08-11 17:18:29','2011-08-11 17:18:29'),
(82484,5,160,'2011-08-11 17:18:30','2011-08-11 17:18:30'),
(11211,54,46,'2011-02-23 09:53:50','2011-02-23 09:53:50'),
(39326,70,46,'2011-02-23 10:24:20','2011-02-23 10:24:20'),
(38786,56,455,'2011-02-23 10:06:09','2011-02-23 10:06:09'),
(11249,88,135,'2011-02-23 09:53:51','2011-02-23 09:53:51'),
(11210,54,64,'2011-02-23 09:53:50','2011-02-23 09:53:50'),
(11248,88,123,'2011-02-23 09:53:51','2011-02-23 09:53:51'),
(81959,6,51,'2011-08-11 17:18:29','2011-08-11 17:18:29'),
(82483,5,158,'2011-08-11 17:18:30','2011-08-11 17:18:30'),
(81958,6,48,'2011-08-11 17:18:29','2011-08-11 17:18:29'),
(82482,5,148,'2011-08-11 17:18:30','2011-08-11 17:18:30'),
(81957,6,34,'2011-08-11 17:18:29','2011-08-11 17:18:29'),
(82481,5,143,'2011-08-11 17:18:30','2011-08-11 17:18:30'),
(81956,6,32,'2011-08-11 17:18:29','2011-08-11 17:18:29'),
(82480,5,141,'2011-08-11 17:18:30','2011-08-11 17:18:30'),
(1567,83,72,'2011-02-23 09:53:20','2011-02-23 09:53:20'),
(81955,6,30,'2011-08-11 17:18:29','2011-08-11 17:18:29'),
(82479,5,139,'2011-08-11 17:18:30','2011-08-11 17:18:30'),
(1566,83,70,'2011-02-23 09:53:20','2011-02-23 09:53:20'),
(81954,6,29,'2011-08-11 17:18:29','2011-08-11 17:18:29'),
(82478,5,137,'2011-08-11 17:18:30','2011-08-11 17:18:30'),
(1565,83,71,'2011-02-23 09:53:20','2011-02-23 09:53:20'),
(81953,6,31,'2011-08-11 17:18:29','2011-08-11 17:18:29'),
(82477,5,135,'2011-08-11 17:18:30','2011-08-11 17:18:30'),
(1568,83,73,'2011-02-23 09:53:20','2011-02-23 09:53:20'),
(81952,6,33,'2011-08-11 17:18:29','2011-08-11 17:18:29'),
(82476,5,133,'2011-08-11 17:18:30','2011-08-11 17:18:30'),
(5499,38,130,'2011-02-23 09:53:32','2011-02-23 09:53:32'),
(5504,39,130,'2011-02-23 09:53:32','2011-02-23 09:53:32'),
(5493,37,130,'2011-02-23 09:53:32','2011-02-23 09:53:32'),
(82475,5,131,'2011-08-11 17:18:30','2011-08-11 17:18:30'),
(1690,40,77,'2011-02-23 09:53:21','2011-02-23 09:53:21'),
(5498,38,95,'2011-02-23 09:53:32','2011-02-23 09:53:32'),
(5492,37,95,'2011-02-23 09:53:32','2011-02-23 09:53:32'),
(10012,33,147,'2011-02-23 09:53:47','2011-02-23 09:53:47'),
(1697,51,79,'2011-02-23 09:53:21','2011-02-23 09:53:21'),
(11247,88,65,'2011-02-23 09:53:51','2011-02-23 09:53:51'),
(82474,5,129,'2011-08-11 17:18:30','2011-08-11 17:18:30'),
(5491,37,82,'2011-02-23 09:53:32','2011-02-23 09:53:32'),
(81951,6,37,'2011-08-11 17:18:29','2011-08-11 17:18:29'),
(82473,5,127,'2011-08-11 17:18:30','2011-08-11 17:18:30'),
(5490,37,80,'2011-02-23 09:53:32','2011-02-23 09:53:32'),
(5489,37,76,'2011-02-23 09:53:32','2011-02-23 09:53:32'),
(5488,37,79,'2011-02-23 09:53:32','2011-02-23 09:53:32'),
(73938,7,597,'2011-08-11 17:18:11','2011-08-11 17:18:11'),
(82472,5,125,'2011-08-11 17:18:30','2011-08-11 17:18:30'),
(73937,7,598,'2011-08-11 17:18:11','2011-08-11 17:18:11'),
(82471,5,123,'2011-08-11 17:18:30','2011-08-11 17:18:30'),
(73936,7,92,'2011-08-11 17:18:11','2011-08-11 17:18:11'),
(82470,5,121,'2011-08-11 17:18:30','2011-08-11 17:18:30'),
(73935,7,588,'2011-08-11 17:18:11','2011-08-11 17:18:11'),
(82469,5,119,'2011-08-11 17:18:30','2011-08-11 17:18:30'),
(81779,11,588,'2011-08-11 17:18:28','2011-08-11 17:18:28'),
(82468,5,117,'2011-08-11 17:18:30','2011-08-11 17:18:30'),
(12414,19,101,'2011-02-23 09:53:54','2011-02-23 09:53:54'),
(82467,5,115,'2011-08-11 17:18:30','2011-08-11 17:18:30'),
(73934,7,587,'2011-08-11 17:18:11','2011-08-11 17:18:11'),
(82466,5,113,'2011-08-11 17:18:30','2011-08-11 17:18:30'),
(73933,7,570,'2011-08-11 17:18:11','2011-08-11 17:18:11'),
(82465,5,111,'2011-08-11 17:18:30','2011-08-11 17:18:30'),
(38503,12,242,'2011-02-23 10:06:08','2011-02-23 10:06:08'),
(38660,34,242,'2011-02-23 10:06:09','2011-02-23 10:06:09'),
(38031,13,445,'2011-02-23 10:06:07','2011-02-23 10:06:07'),
(38819,14,201,'2011-02-23 10:15:53','2011-02-23 10:15:53'),
(37557,15,439,'2011-02-23 10:06:05','2011-02-23 10:06:05'),
(37570,16,137,'2011-02-23 10:06:05','2011-02-23 10:06:05'),
(82464,5,106,'2011-08-11 17:18:30','2011-08-11 17:18:30'),
(73932,7,245,'2011-08-11 17:18:11','2011-08-11 17:18:11'),
(82463,5,101,'2011-08-11 17:18:30','2011-08-11 17:18:30'),
(11941,18,129,'2011-02-23 09:53:53','2011-02-23 09:53:53'),
(82462,5,99,'2011-08-11 17:18:30','2011-08-11 17:18:30'),
(81778,11,587,'2011-08-11 17:18:28','2011-08-11 17:18:28'),
(10011,33,134,'2011-02-23 09:53:47','2011-02-23 09:53:47'),
(5487,37,81,'2011-02-23 09:53:32','2011-02-23 09:53:32'),
(5497,38,74,'2011-02-23 09:53:32','2011-02-23 09:53:32'),
(5503,39,95,'2011-02-23 09:53:32','2011-02-23 09:53:32'),
(82461,5,97,'2011-08-11 17:18:30','2011-08-11 17:18:30'),
(81777,11,454,'2011-08-11 17:18:28','2011-08-11 17:18:28'),
(82460,5,95,'2011-08-11 17:18:30','2011-08-11 17:18:30'),
(38818,14,199,'2011-02-23 10:15:53','2011-02-23 10:15:53'),
(82459,5,93,'2011-08-11 17:18:30','2011-08-11 17:18:30'),
(38817,14,197,'2011-02-23 10:15:53','2011-02-23 10:15:53'),
(82458,5,91,'2011-08-11 17:18:30','2011-08-11 17:18:30'),
(38816,14,195,'2011-02-23 10:15:53','2011-02-23 10:15:53'),
(82457,5,89,'2011-08-11 17:18:30','2011-08-11 17:18:30'),
(38815,14,193,'2011-02-23 10:15:53','2011-02-23 10:15:53'),
(82456,5,87,'2011-08-11 17:18:30','2011-08-11 17:18:30'),
(12413,19,28,'2011-02-23 09:53:54','2011-02-23 09:53:54'),
(82455,5,85,'2011-08-11 17:18:30','2011-08-11 17:18:30'),
(10010,33,130,'2011-02-23 09:53:47','2011-02-23 09:53:47'),
(81950,6,49,'2011-08-11 17:18:29','2011-08-11 17:18:29'),
(82454,5,80,'2011-08-11 17:18:30','2011-08-11 17:18:30'),
(6969,36,145,'2011-02-23 09:53:37','2011-02-23 09:53:37'),
(6968,36,103,'2011-02-23 09:53:37','2011-02-23 09:53:37'),
(10009,33,111,'2011-02-23 09:53:47','2011-02-23 09:53:47'),
(38659,34,137,'2011-02-23 10:06:09','2011-02-23 10:06:09'),
(82453,5,76,'2011-08-11 17:18:30','2011-08-11 17:18:30'),
(59204,31,107,'2011-08-11 17:17:47','2011-08-11 17:17:47'),
(81776,11,452,'2011-08-11 17:18:28','2011-08-11 17:18:28'),
(82452,5,72,'2011-08-11 17:18:30','2011-08-11 17:18:30'),
(6032,32,109,'2011-02-23 09:53:34','2011-02-23 09:53:34'),
(11940,18,110,'2011-02-23 09:53:53','2011-02-23 09:53:53'),
(81775,11,247,'2011-08-11 17:18:28','2011-08-11 17:18:28'),
(10008,33,102,'2011-02-23 09:53:47','2011-02-23 09:53:47'),
(82451,5,70,'2011-08-11 17:18:30','2011-08-11 17:18:30'),
(38814,14,191,'2011-02-23 10:15:53','2011-02-23 10:15:53'),
(82450,5,68,'2011-08-11 17:18:30','2011-08-11 17:18:30'),
(38813,14,181,'2011-02-23 10:15:53','2011-02-23 10:15:53'),
(82449,5,66,'2011-08-11 17:18:30','2011-08-11 17:18:30'),
(4492,10,123,'2011-02-23 09:53:29','2011-02-23 09:53:29'),
(82448,5,61,'2011-08-11 17:18:30','2011-08-11 17:18:30'),
(81774,11,241,'2011-08-11 17:18:28','2011-08-11 17:18:28'),
(82447,5,57,'2011-08-11 17:18:30','2011-08-11 17:18:30'),
(4491,10,121,'2011-02-23 09:53:29','2011-02-23 09:53:29'),
(82446,5,53,'2011-08-11 17:18:30','2011-08-11 17:18:30'),
(11939,18,25,'2011-02-23 09:53:53','2011-02-23 09:53:53'),
(82445,5,51,'2011-08-11 17:18:30','2011-08-11 17:18:30'),
(81773,11,216,'2011-08-11 17:18:28','2011-08-11 17:18:28'),
(10007,33,79,'2011-02-23 09:53:47','2011-02-23 09:53:47'),
(5486,37,83,'2011-02-23 09:53:32','2011-02-23 09:53:32'),
(5496,38,78,'2011-02-23 09:53:32','2011-02-23 09:53:32'),
(5502,39,75,'2011-02-23 09:53:32','2011-02-23 09:53:32'),
(82444,5,48,'2011-08-11 17:18:30','2011-08-11 17:18:30'),
(81772,11,185,'2011-08-11 17:18:28','2011-08-11 17:18:28'),
(82443,5,37,'2011-08-11 17:18:30','2011-08-11 17:18:30'),
(4490,10,116,'2011-02-23 09:53:29','2011-02-23 09:53:29'),
(82442,5,33,'2011-08-11 17:18:30','2011-08-11 17:18:30'),
(4489,10,114,'2011-02-23 09:53:29','2011-02-23 09:53:29'),
(82441,5,31,'2011-08-11 17:18:30','2011-08-11 17:18:30'),
(4488,10,120,'2011-02-23 09:53:29','2011-02-23 09:53:29'),
(12412,19,20,'2011-02-23 09:53:54','2011-02-23 09:53:54'),
(82440,5,29,'2011-08-11 17:18:30','2011-08-11 17:18:30'),
(4487,10,122,'2011-02-23 09:53:29','2011-02-23 09:53:29'),
(11246,88,43,'2011-02-23 09:53:51','2011-02-23 09:53:51'),
(81771,11,183,'2011-08-11 17:18:28','2011-08-11 17:18:28'),
(82439,5,27,'2011-08-11 17:18:30','2011-08-11 17:18:30'),
(4493,10,124,'2011-02-23 09:53:29','2011-02-23 09:53:29'),
(81770,11,166,'2011-08-11 17:18:28','2011-08-11 17:18:28'),
(82438,5,25,'2011-08-11 17:18:30','2011-08-11 17:18:30'),
(38658,34,125,'2011-02-23 10:06:09','2011-02-23 10:06:09'),
(82437,5,23,'2011-08-11 17:18:30','2011-08-11 17:18:30'),
(73931,7,226,'2011-08-11 17:18:11','2011-08-11 17:18:11'),
(82436,5,21,'2011-08-11 17:18:30','2011-08-11 17:18:30'),
(81769,11,139,'2011-08-11 17:18:28','2011-08-11 17:18:28'),
(82435,5,19,'2011-08-11 17:18:30','2011-08-11 17:18:30'),
(38502,12,128,'2011-02-23 10:06:08','2011-02-23 10:06:08'),
(38657,34,92,'2011-02-23 10:06:09','2011-02-23 10:06:09'),
(38030,13,219,'2011-02-23 10:06:07','2011-02-23 10:06:07'),
(38812,14,179,'2011-02-23 10:15:53','2011-02-23 10:15:53'),
(37556,15,137,'2011-02-23 10:06:05','2011-02-23 10:06:05'),
(37569,16,92,'2011-02-23 10:06:05','2011-02-23 10:06:05'),
(82434,5,17,'2011-08-11 17:18:30','2011-08-11 17:18:30'),
(11938,18,94,'2011-02-23 09:53:53','2011-02-23 09:53:53'),
(82433,5,15,'2011-08-11 17:18:30','2011-08-11 17:18:30'),
(81768,11,135,'2011-08-11 17:18:28','2011-08-11 17:18:28'),
(10006,33,1,'2011-02-23 09:53:47','2011-02-23 09:53:47'),
(5485,37,118,'2011-02-23 09:53:32','2011-02-23 09:53:32'),
(5495,38,118,'2011-02-23 09:53:32','2011-02-23 09:53:32'),
(5501,39,118,'2011-02-23 09:53:32','2011-02-23 09:53:32'),
(82432,5,13,'2011-08-11 17:18:30','2011-08-11 17:18:30'),
(81767,11,133,'2011-08-11 17:18:28','2011-08-11 17:18:28'),
(82431,5,11,'2011-08-11 17:18:30','2011-08-11 17:18:30'),
(73930,7,224,'2011-08-11 17:18:11','2011-08-11 17:18:11'),
(82430,5,5,'2011-08-11 17:18:30','2011-08-11 17:18:30'),
(81766,11,130,'2011-08-11 17:18:28','2011-08-11 17:18:28'),
(10005,33,95,'2011-02-23 09:53:47','2011-02-23 09:53:47'),
(5494,37,133,'2011-02-23 09:53:32','2011-02-23 09:53:32'),
(5500,38,133,'2011-02-23 09:53:32','2011-02-23 09:53:32'),
(5505,39,133,'2011-02-23 09:53:32','2011-02-23 09:53:32'),
(11245,88,40,'2011-02-23 09:53:51','2011-02-23 09:53:51'),
(82429,5,1,'2011-08-11 17:18:30','2011-08-11 17:18:30'),
(81765,11,124,'2011-08-11 17:18:28','2011-08-11 17:18:28'),
(10004,33,105,'2011-02-23 09:53:47','2011-02-23 09:53:47'),
(82428,5,9,'2011-08-11 17:18:30','2011-08-11 17:18:30'),
(81764,11,119,'2011-08-11 17:18:28','2011-08-11 17:18:28'),
(11244,88,1,'2011-02-23 09:53:51','2011-02-23 09:53:51'),
(82427,5,12,'2011-08-11 17:18:30','2011-08-11 17:18:30'),
(81763,11,115,'2011-08-11 17:18:28','2011-08-11 17:18:28'),
(11243,88,11,'2011-02-23 09:53:51','2011-02-23 09:53:51'),
(82426,5,14,'2011-08-11 17:18:30','2011-08-11 17:18:30'),
(38501,12,24,'2011-02-23 10:06:08','2011-02-23 10:06:08'),
(38656,34,24,'2011-02-23 10:06:09','2011-02-23 10:06:09'),
(38029,13,137,'2011-02-23 10:06:07','2011-02-23 10:06:07'),
(38811,14,177,'2011-02-23 10:15:53','2011-02-23 10:15:53'),
(37555,15,92,'2011-02-23 10:06:05','2011-02-23 10:06:05'),
(37568,16,24,'2011-02-23 10:06:05','2011-02-23 10:06:05'),
(6033,32,137,'2011-02-23 09:53:34','2011-02-23 09:53:34'),
(82425,5,16,'2011-08-11 17:18:30','2011-08-11 17:18:30'),
(73929,7,222,'2011-08-11 17:18:11','2011-08-11 17:18:11'),
(82424,5,18,'2011-08-11 17:18:30','2011-08-11 17:18:30'),
(81762,11,108,'2011-08-11 17:18:28','2011-08-11 17:18:28'),
(82423,5,20,'2011-08-11 17:18:30','2011-08-11 17:18:30'),
(11937,18,117,'2011-02-23 09:53:53','2011-02-23 09:53:53'),
(82422,5,22,'2011-08-11 17:18:30','2011-08-11 17:18:30'),
(38810,14,143,'2011-02-23 10:15:53','2011-02-23 10:15:53'),
(82421,5,24,'2011-08-11 17:18:30','2011-08-11 17:18:30'),
(38809,14,141,'2011-02-23 10:15:53','2011-02-23 10:15:53'),
(82420,5,26,'2011-08-11 17:18:30','2011-08-11 17:18:30'),
(38808,14,128,'2011-02-23 10:15:53','2011-02-23 10:15:53'),
(82419,5,28,'2011-08-11 17:18:30','2011-08-11 17:18:30'),
(10003,33,118,'2011-02-23 09:53:47','2011-02-23 09:53:47'),
(81949,6,52,'2011-08-11 17:18:29','2011-08-11 17:18:29'),
(82418,5,30,'2011-08-11 17:18:30','2011-08-11 17:18:30'),
(6967,36,104,'2011-02-23 09:53:37','2011-02-23 09:53:37'),
(6970,36,146,'2011-02-23 09:53:37','2011-02-23 09:53:37'),
(10002,33,133,'2011-02-23 09:53:47','2011-02-23 09:53:47'),
(38655,34,106,'2011-02-23 10:06:09','2011-02-23 10:06:09'),
(82417,5,32,'2011-08-11 17:18:30','2011-08-11 17:18:30'),
(7884,8,152,'2011-02-23 09:53:40','2011-02-23 09:53:40'),
(7883,8,150,'2011-02-23 09:53:40','2011-02-23 09:53:40'),
(7882,8,149,'2011-02-23 09:53:40','2011-02-23 09:53:40'),
(7881,8,151,'2011-02-23 09:53:40','2011-02-23 09:53:40'),
(9998,79,156,'2011-02-23 09:53:47','2011-02-23 09:53:47'),
(11242,88,41,'2011-02-23 09:53:51','2011-02-23 09:53:51'),
(9997,79,154,'2011-02-23 09:53:47','2011-02-23 09:53:47'),
(9996,79,153,'2011-02-23 09:53:47','2011-02-23 09:53:47'),
(9995,79,155,'2011-02-23 09:53:47','2011-02-23 09:53:47'),
(7403,81,158,'2011-02-23 09:53:38','2011-02-23 09:53:38'),
(81948,6,58,'2011-08-11 17:18:29','2011-08-11 17:18:29'),
(82416,5,34,'2011-08-11 17:18:30','2011-08-11 17:18:30'),
(7402,81,157,'2011-02-23 09:53:38','2011-02-23 09:53:38'),
(81947,6,63,'2011-08-11 17:18:29','2011-08-11 17:18:29'),
(82415,5,40,'2011-08-11 17:18:30','2011-08-11 17:18:30'),
(7404,81,159,'2011-02-23 09:53:38','2011-02-23 09:53:38'),
(81946,6,67,'2011-08-11 17:18:29','2011-08-11 17:18:29'),
(82414,5,49,'2011-08-11 17:18:30','2011-08-11 17:18:30'),
(81945,6,69,'2011-08-11 17:18:29','2011-08-11 17:18:29'),
(82413,5,52,'2011-08-11 17:18:30','2011-08-11 17:18:30'),
(81761,11,95,'2011-08-11 17:18:28','2011-08-11 17:18:28'),
(82412,5,56,'2011-08-11 17:18:30','2011-08-11 17:18:30'),
(7891,63,162,'2011-02-23 09:53:40','2011-02-23 09:53:40'),
(54175,62,585,'2011-08-11 17:17:35','2011-08-11 17:17:35'),
(7898,64,168,'2011-02-23 09:53:40','2011-02-23 09:53:40'),
(7900,65,165,'2011-02-23 09:53:40','2011-02-23 09:53:40'),
(54174,62,586,'2011-08-11 17:17:35','2011-08-11 17:17:35'),
(81760,11,30,'2011-08-11 17:18:28','2011-08-11 17:18:28'),
(10001,33,144,'2011-02-23 09:53:47','2011-02-23 09:53:47'),
(73928,7,220,'2011-08-11 17:18:11','2011-08-11 17:18:11'),
(7885,8,166,'2011-02-23 09:53:40','2011-02-23 09:53:40'),
(7897,64,164,'2011-02-23 09:53:40','2011-02-23 09:53:40'),
(7896,64,167,'2011-02-23 09:53:40','2011-02-23 09:53:40'),
(7892,63,169,'2011-02-23 09:53:40','2011-02-23 09:53:40'),
(54173,62,175,'2011-08-11 17:17:35','2011-08-11 17:17:35'),
(7899,64,171,'2011-02-23 09:53:40','2011-02-23 09:53:40'),
(7901,65,172,'2011-02-23 09:53:40','2011-02-23 09:53:40'),
(54172,62,173,'2011-08-11 17:17:35','2011-08-11 17:17:35'),
(81759,11,26,'2011-08-11 17:18:28','2011-08-11 17:18:28'),
(10000,33,166,'2011-02-23 09:53:47','2011-02-23 09:53:47'),
(11241,88,64,'2011-02-23 09:53:51','2011-02-23 09:53:51'),
(54922,107,593,'2011-08-11 17:17:38','2011-08-11 17:17:38'),
(43865,111,520,'2011-03-08 18:03:59','2011-03-08 18:03:59'),
(7968,26,173,'2011-02-23 09:53:40','2011-02-23 09:53:40'),
(54171,62,166,'2011-08-11 17:17:35','2011-08-11 17:17:35'),
(54170,62,163,'2011-08-11 17:17:35','2011-08-11 17:17:35'),
(38807,14,112,'2011-02-23 10:15:53','2011-02-23 10:15:53'),
(38806,14,99,'2011-02-23 10:15:53','2011-02-23 10:15:53'),
(38805,14,97,'2011-02-23 10:15:53','2011-02-23 10:15:53'),
(38804,14,24,'2011-02-23 10:15:53','2011-02-23 10:15:53'),
(38803,14,92,'2011-02-23 10:15:53','2011-02-23 10:15:53'),
(54169,62,170,'2011-08-11 17:17:35','2011-08-11 17:17:35'),
(38802,14,98,'2011-02-23 10:15:53','2011-02-23 10:15:53'),
(38801,14,100,'2011-02-23 10:15:53','2011-02-23 10:15:53'),
(81758,11,16,'2011-08-11 17:18:28','2011-08-11 17:18:28'),
(81757,11,1,'2011-08-11 17:18:28','2011-08-11 17:18:28'),
(11240,88,79,'2011-02-23 09:53:51','2011-02-23 09:53:51'),
(82411,5,58,'2011-08-11 17:18:30','2011-08-11 17:18:30'),
(81756,11,11,'2011-08-11 17:18:28','2011-08-11 17:18:28'),
(11239,88,133,'2011-02-23 09:53:51','2011-02-23 09:53:51'),
(82410,5,63,'2011-08-11 17:18:30','2011-08-11 17:18:30'),
(12411,19,89,'2011-02-23 09:53:54','2011-02-23 09:53:54'),
(12410,19,122,'2011-02-23 09:53:54','2011-02-23 09:53:54'),
(11936,18,140,'2011-02-23 09:53:53','2011-02-23 09:53:53'),
(81755,11,23,'2011-08-11 17:18:28','2011-08-11 17:18:28'),
(11238,88,136,'2011-02-23 09:53:51','2011-02-23 09:53:51'),
(11172,28,190,'2011-02-23 09:53:50','2011-02-23 09:53:50'),
(38800,14,113,'2011-02-23 10:15:53','2011-02-23 10:15:53'),
(82409,5,67,'2011-08-11 17:18:30','2011-08-11 17:18:30'),
(38799,14,137,'2011-02-23 10:15:53','2011-02-23 10:15:53'),
(11237,88,173,'2011-02-23 09:53:51','2011-02-23 09:53:51'),
(82408,5,69,'2011-08-11 17:18:30','2011-08-11 17:18:30'),
(38798,14,142,'2011-02-23 10:15:53','2011-02-23 10:15:53'),
(81944,6,71,'2011-08-11 17:18:29','2011-08-11 17:18:29'),
(82407,5,71,'2011-08-11 17:18:30','2011-08-11 17:18:30'),
(38797,14,176,'2011-02-23 10:15:53','2011-02-23 10:15:53'),
(81943,6,73,'2011-08-11 17:18:29','2011-08-11 17:18:29'),
(82406,5,73,'2011-08-11 17:18:30','2011-08-11 17:18:30'),
(38796,14,178,'2011-02-23 10:15:53','2011-02-23 10:15:53'),
(38795,14,180,'2011-02-23 10:15:53','2011-02-23 10:15:53'),
(38794,14,182,'2011-02-23 10:15:53','2011-02-23 10:15:53'),
(82405,5,79,'2011-08-11 17:18:30','2011-08-11 17:18:30'),
(38793,14,192,'2011-02-23 10:15:53','2011-02-23 10:15:53'),
(38792,14,194,'2011-02-23 10:15:53','2011-02-23 10:15:53'),
(82404,5,84,'2011-08-11 17:18:30','2011-08-11 17:18:30'),
(38791,14,196,'2011-02-23 10:15:53','2011-02-23 10:15:53'),
(82403,5,86,'2011-08-11 17:18:30','2011-08-11 17:18:30'),
(38790,14,198,'2011-02-23 10:15:53','2011-02-23 10:15:53'),
(38789,14,200,'2011-02-23 10:15:53','2011-02-23 10:15:53'),
(9740,43,203,'2011-02-23 09:53:46','2011-02-23 09:53:46'),
(9751,42,208,'2011-02-23 09:53:46','2011-02-23 09:53:46'),
(9742,44,205,'2011-02-23 09:53:46','2011-02-23 09:53:46'),
(9743,45,206,'2011-02-23 09:53:46','2011-02-23 09:53:46'),
(9750,42,204,'2011-02-23 09:53:46','2011-02-23 09:53:46'),
(9749,42,207,'2011-02-23 09:53:46','2011-02-23 09:53:46'),
(9752,42,209,'2011-02-23 09:53:46','2011-02-23 09:53:46'),
(12409,19,187,'2011-02-23 09:53:54','2011-02-23 09:53:54'),
(9761,59,210,'2011-02-23 09:53:46','2011-02-23 09:53:46'),
(9765,58,211,'2011-02-23 09:53:46','2011-02-23 09:53:46'),
(9763,60,212,'2011-02-23 09:53:46','2011-02-23 09:53:46'),
(9764,61,213,'2011-02-23 09:53:46','2011-02-23 09:53:46'),
(9766,58,214,'2011-02-23 09:53:46','2011-02-23 09:53:46'),
(11236,88,185,'2011-02-23 09:53:51','2011-02-23 09:53:51'),
(9953,20,217,'2011-02-23 09:53:46','2011-02-23 09:53:46'),
(38028,13,92,'2011-02-23 10:06:07','2011-02-23 10:06:07'),
(9952,20,215,'2011-02-23 09:53:46','2011-02-23 09:53:46'),
(81754,11,29,'2011-08-11 17:18:28','2011-08-11 17:18:28'),
(82402,5,88,'2011-08-11 17:18:30','2011-08-11 17:18:30'),
(9951,20,216,'2011-02-23 09:53:46','2011-02-23 09:53:46'),
(9954,20,218,'2011-02-23 09:53:46','2011-02-23 09:53:46'),
(38027,13,24,'2011-02-23 10:06:07','2011-02-23 10:06:07'),
(81753,11,88,'2011-08-11 17:18:28','2011-08-11 17:18:28'),
(9999,79,219,'2011-02-23 09:53:47','2011-02-23 09:53:47'),
(10014,33,219,'2011-02-23 09:53:47','2011-02-23 09:53:47'),
(11235,88,192,'2011-02-23 09:53:51','2011-02-23 09:53:51'),
(82401,5,195,'2011-08-11 17:18:30','2011-08-11 17:18:30'),
(73927,7,138,'2011-08-11 17:18:11','2011-08-11 17:18:11'),
(82400,5,92,'2011-08-11 17:18:30','2011-08-11 17:18:30'),
(73926,7,126,'2011-08-11 17:18:11','2011-08-11 17:18:11'),
(82399,5,94,'2011-08-11 17:18:30','2011-08-11 17:18:30'),
(73925,7,91,'2011-08-11 17:18:11','2011-08-11 17:18:11'),
(82398,5,96,'2011-08-11 17:18:30','2011-08-11 17:18:30'),
(82397,5,98,'2011-08-11 17:18:30','2011-08-11 17:18:30'),
(73923,7,85,'2011-08-11 17:18:11','2011-08-11 17:18:11'),
(82396,5,100,'2011-08-11 17:18:30','2011-08-11 17:18:30'),
(73922,7,27,'2011-08-11 17:18:11','2011-08-11 17:18:11'),
(82395,5,102,'2011-08-11 17:18:30','2011-08-11 17:18:30'),
(73921,7,21,'2011-08-11 17:18:11','2011-08-11 17:18:11'),
(82394,5,108,'2011-08-11 17:18:30','2011-08-11 17:18:30'),
(11173,28,227,'2011-02-23 09:53:50','2011-02-23 09:53:50'),
(11215,74,228,'2011-02-23 09:53:50','2011-02-23 09:53:50'),
(11175,76,229,'2011-02-23 09:53:50','2011-02-23 09:53:50'),
(39325,70,43,'2011-02-23 10:24:20','2011-02-23 10:24:20'),
(11234,88,219,'2011-02-23 09:53:51','2011-02-23 09:53:51'),
(39324,70,47,'2011-02-23 10:24:20','2011-02-23 10:24:20'),
(11213,54,231,'2011-02-23 09:53:50','2011-02-23 09:53:50'),
(11214,75,232,'2011-02-23 09:53:50','2011-02-23 09:53:50'),
(11216,74,233,'2011-02-23 09:53:50','2011-02-23 09:53:50'),
(39323,70,64,'2011-02-23 10:24:20','2011-02-23 10:24:20'),
(39322,70,231,'2011-02-23 10:24:20','2011-02-23 10:24:20'),
(11255,88,238,'2011-02-23 09:53:51','2011-02-23 09:53:51'),
(81942,6,102,'2011-08-11 17:18:29','2011-08-11 17:18:29'),
(82393,5,112,'2011-08-11 17:18:30','2011-08-11 17:18:30'),
(73920,7,19,'2011-08-11 17:18:11','2011-08-11 17:18:11'),
(82392,5,114,'2011-08-11 17:18:30','2011-08-11 17:18:30'),
(81752,11,96,'2011-08-11 17:18:28','2011-08-11 17:18:28'),
(82391,5,116,'2011-08-11 17:18:30','2011-08-11 17:18:30'),
(38500,12,92,'2011-02-23 10:06:08','2011-02-23 10:06:08'),
(38654,34,128,'2011-02-23 10:06:09','2011-02-23 10:06:09'),
(38026,13,128,'2011-02-23 10:06:07','2011-02-23 10:06:07'),
(38788,14,202,'2011-02-23 10:15:53','2011-02-23 10:15:53'),
(37554,15,24,'2011-02-23 10:06:05','2011-02-23 10:06:05'),
(37567,16,128,'2011-02-23 10:06:05','2011-02-23 10:06:05'),
(82390,5,118,'2011-08-11 17:18:30','2011-08-11 17:18:30'),
(11943,18,243,'2011-02-23 09:53:53','2011-02-23 09:53:53'),
(82389,5,120,'2011-08-11 17:18:30','2011-08-11 17:18:30'),
(81751,11,111,'2011-08-11 17:18:28','2011-08-11 17:18:28'),
(82388,5,122,'2011-08-11 17:18:30','2011-08-11 17:18:30'),
(73919,7,22,'2011-08-11 17:18:11','2011-08-11 17:18:11'),
(82387,5,124,'2011-08-11 17:18:30','2011-08-11 17:18:30'),
(12417,19,246,'2011-02-23 09:53:54','2011-02-23 09:53:54'),
(82386,5,126,'2011-08-11 17:18:30','2011-08-11 17:18:30'),
(81750,11,118,'2011-08-11 17:18:28','2011-08-11 17:18:28'),
(81941,6,157,'2011-08-11 17:18:29','2011-08-11 17:18:29'),
(82385,5,128,'2011-08-11 17:18:30','2011-08-11 17:18:30'),
(81749,11,123,'2011-08-11 17:18:28','2011-08-11 17:18:28'),
(81940,6,159,'2011-08-11 17:18:29','2011-08-11 17:18:29'),
(82384,5,130,'2011-08-11 17:18:30','2011-08-11 17:18:30'),
(82189,4,656,'2011-08-11 17:18:30','2011-08-11 17:18:30'),
(82188,4,654,'2011-08-11 17:18:30','2011-08-11 17:18:30'),
(82187,4,652,'2011-08-11 17:18:30','2011-08-11 17:18:30'),
(82186,4,650,'2011-08-11 17:18:30','2011-08-11 17:18:30'),
(82185,4,647,'2011-08-11 17:18:30','2011-08-11 17:18:30'),
(82184,4,645,'2011-08-11 17:18:30','2011-08-11 17:18:30'),
(82183,4,643,'2011-08-11 17:18:30','2011-08-11 17:18:30'),
(82182,4,641,'2011-08-11 17:18:29','2011-08-11 17:18:29'),
(82181,4,639,'2011-08-11 17:18:29','2011-08-11 17:18:29'),
(82180,4,637,'2011-08-11 17:18:29','2011-08-11 17:18:29'),
(82179,4,635,'2011-08-11 17:18:29','2011-08-11 17:18:29'),
(82178,4,627,'2011-08-11 17:18:29','2011-08-11 17:18:29'),
(82177,4,600,'2011-08-11 17:18:29','2011-08-11 17:18:29'),
(82176,4,585,'2011-08-11 17:18:29','2011-08-11 17:18:29'),
(82175,4,583,'2011-08-11 17:18:29','2011-08-11 17:18:29'),
(82174,4,581,'2011-08-11 17:18:29','2011-08-11 17:18:29'),
(82173,4,576,'2011-08-11 17:18:29','2011-08-11 17:18:29'),
(82172,4,192,'2011-08-11 17:18:29','2011-08-11 17:18:29'),
(82171,4,190,'2011-08-11 17:18:29','2011-08-11 17:18:29'),
(82170,4,457,'2011-08-11 17:18:29','2011-08-11 17:18:29'),
(82169,4,491,'2011-08-11 17:18:29','2011-08-11 17:18:29'),
(82168,4,489,'2011-08-11 17:18:29','2011-08-11 17:18:29'),
(82167,4,487,'2011-08-11 17:18:29','2011-08-11 17:18:29'),
(82166,4,485,'2011-08-11 17:18:29','2011-08-11 17:18:29'),
(82165,4,483,'2011-08-11 17:18:29','2011-08-11 17:18:29'),
(82164,4,481,'2011-08-11 17:18:29','2011-08-11 17:18:29'),
(82163,4,479,'2011-08-11 17:18:29','2011-08-11 17:18:29'),
(82162,4,477,'2011-08-11 17:18:29','2011-08-11 17:18:29'),
(82161,4,475,'2011-08-11 17:18:29','2011-08-11 17:18:29'),
(82160,4,473,'2011-08-11 17:18:29','2011-08-11 17:18:29'),
(82159,4,471,'2011-08-11 17:18:29','2011-08-11 17:18:29'),
(82158,4,469,'2011-08-11 17:18:29','2011-08-11 17:18:29'),
(82157,4,356,'2011-08-11 17:18:29','2011-08-11 17:18:29'),
(82156,4,390,'2011-08-11 17:18:29','2011-08-11 17:18:29'),
(82155,4,388,'2011-08-11 17:18:29','2011-08-11 17:18:29'),
(82154,4,386,'2011-08-11 17:18:29','2011-08-11 17:18:29'),
(82153,4,384,'2011-08-11 17:18:29','2011-08-11 17:18:29'),
(82152,4,382,'2011-08-11 17:18:29','2011-08-11 17:18:29'),
(82151,4,380,'2011-08-11 17:18:29','2011-08-11 17:18:29'),
(82150,4,378,'2011-08-11 17:18:29','2011-08-11 17:18:29'),
(82149,4,376,'2011-08-11 17:18:29','2011-08-11 17:18:29'),
(82148,4,374,'2011-08-11 17:18:29','2011-08-11 17:18:29'),
(82147,4,372,'2011-08-11 17:18:29','2011-08-11 17:18:29'),
(82146,4,370,'2011-08-11 17:18:29','2011-08-11 17:18:29'),
(82145,4,368,'2011-08-11 17:18:29','2011-08-11 17:18:29'),
(82144,4,366,'2011-08-11 17:18:29','2011-08-11 17:18:29'),
(82143,4,364,'2011-08-11 17:18:29','2011-08-11 17:18:29'),
(82142,4,362,'2011-08-11 17:18:29','2011-08-11 17:18:29'),
(82141,4,360,'2011-08-11 17:18:29','2011-08-11 17:18:29'),
(82140,4,358,'2011-08-11 17:18:29','2011-08-11 17:18:29'),
(82139,4,17,'2011-08-11 17:18:29','2011-08-11 17:18:29'),
(82138,4,354,'2011-08-11 17:18:29','2011-08-11 17:18:29'),
(82137,4,352,'2011-08-11 17:18:29','2011-08-11 17:18:29'),
(82136,4,350,'2011-08-11 17:18:29','2011-08-11 17:18:29'),
(82135,4,348,'2011-08-11 17:18:29','2011-08-11 17:18:29'),
(82134,4,346,'2011-08-11 17:18:29','2011-08-11 17:18:29'),
(82133,4,344,'2011-08-11 17:18:29','2011-08-11 17:18:29'),
(82132,4,342,'2011-08-11 17:18:29','2011-08-11 17:18:29'),
(82131,4,340,'2011-08-11 17:18:29','2011-08-11 17:18:29'),
(82130,4,338,'2011-08-11 17:18:29','2011-08-11 17:18:29'),
(82129,4,336,'2011-08-11 17:18:29','2011-08-11 17:18:29'),
(82128,4,334,'2011-08-11 17:18:29','2011-08-11 17:18:29'),
(82127,4,332,'2011-08-11 17:18:29','2011-08-11 17:18:29'),
(82126,4,133,'2011-08-11 17:18:29','2011-08-11 17:18:29'),
(82125,4,328,'2011-08-11 17:18:29','2011-08-11 17:18:29'),
(82124,4,326,'2011-08-11 17:18:29','2011-08-11 17:18:29'),
(82123,4,324,'2011-08-11 17:18:29','2011-08-11 17:18:29'),
(82122,4,322,'2011-08-11 17:18:29','2011-08-11 17:18:29'),
(82121,4,320,'2011-08-11 17:18:29','2011-08-11 17:18:29'),
(82120,4,318,'2011-08-11 17:18:29','2011-08-11 17:18:29'),
(82119,4,316,'2011-08-11 17:18:29','2011-08-11 17:18:29'),
(82118,4,314,'2011-08-11 17:18:29','2011-08-11 17:18:29'),
(82117,4,312,'2011-08-11 17:18:29','2011-08-11 17:18:29'),
(82116,4,310,'2011-08-11 17:18:29','2011-08-11 17:18:29'),
(82115,4,308,'2011-08-11 17:18:29','2011-08-11 17:18:29'),
(82114,4,306,'2011-08-11 17:18:29','2011-08-11 17:18:29'),
(82113,4,304,'2011-08-11 17:18:29','2011-08-11 17:18:29'),
(82112,4,302,'2011-08-11 17:18:29','2011-08-11 17:18:29'),
(82111,4,300,'2011-08-11 17:18:29','2011-08-11 17:18:29'),
(82110,4,298,'2011-08-11 17:18:29','2011-08-11 17:18:29'),
(82109,4,296,'2011-08-11 17:18:29','2011-08-11 17:18:29'),
(82108,4,294,'2011-08-11 17:18:29','2011-08-11 17:18:29'),
(82107,4,292,'2011-08-11 17:18:29','2011-08-11 17:18:29'),
(82106,4,290,'2011-08-11 17:18:29','2011-08-11 17:18:29'),
(82105,4,288,'2011-08-11 17:18:29','2011-08-11 17:18:29'),
(82104,4,286,'2011-08-11 17:18:29','2011-08-11 17:18:29'),
(82103,4,284,'2011-08-11 17:18:29','2011-08-11 17:18:29'),
(82102,4,282,'2011-08-11 17:18:29','2011-08-11 17:18:29'),
(82101,4,280,'2011-08-11 17:18:29','2011-08-11 17:18:29'),
(82100,4,278,'2011-08-11 17:18:29','2011-08-11 17:18:29'),
(82099,4,276,'2011-08-11 17:18:29','2011-08-11 17:18:29'),
(82098,4,274,'2011-08-11 17:18:29','2011-08-11 17:18:29'),
(82097,4,272,'2011-08-11 17:18:29','2011-08-11 17:18:29'),
(82096,4,270,'2011-08-11 17:18:29','2011-08-11 17:18:29'),
(82095,4,268,'2011-08-11 17:18:29','2011-08-11 17:18:29'),
(82094,4,266,'2011-08-11 17:18:29','2011-08-11 17:18:29'),
(82093,4,264,'2011-08-11 17:18:29','2011-08-11 17:18:29'),
(82092,4,262,'2011-08-11 17:18:29','2011-08-11 17:18:29'),
(82091,4,260,'2011-08-11 17:18:29','2011-08-11 17:18:29'),
(82090,4,258,'2011-08-11 17:18:29','2011-08-11 17:18:29'),
(82089,4,256,'2011-08-11 17:18:29','2011-08-11 17:18:29'),
(82088,4,254,'2011-08-11 17:18:29','2011-08-11 17:18:29'),
(82087,4,252,'2011-08-11 17:18:29','2011-08-11 17:18:29'),
(82086,4,250,'2011-08-11 17:18:29','2011-08-11 17:18:29'),
(82085,4,86,'2011-08-11 17:18:29','2011-08-11 17:18:29'),
(82084,4,249,'2011-08-11 17:18:29','2011-08-11 17:18:29'),
(82083,4,93,'2011-08-11 17:18:29','2011-08-11 17:18:29'),
(82082,4,132,'2011-08-11 17:18:29','2011-08-11 17:18:29'),
(82081,4,251,'2011-08-11 17:18:29','2011-08-11 17:18:29'),
(82080,4,253,'2011-08-11 17:18:29','2011-08-11 17:18:29'),
(82079,4,255,'2011-08-11 17:18:29','2011-08-11 17:18:29'),
(82078,4,257,'2011-08-11 17:18:29','2011-08-11 17:18:29'),
(82077,4,259,'2011-08-11 17:18:29','2011-08-11 17:18:29'),
(82076,4,261,'2011-08-11 17:18:29','2011-08-11 17:18:29'),
(82075,4,263,'2011-08-11 17:18:29','2011-08-11 17:18:29'),
(82074,4,265,'2011-08-11 17:18:29','2011-08-11 17:18:29'),
(82073,4,267,'2011-08-11 17:18:29','2011-08-11 17:18:29'),
(82072,4,269,'2011-08-11 17:18:29','2011-08-11 17:18:29'),
(82071,4,271,'2011-08-11 17:18:29','2011-08-11 17:18:29'),
(82070,4,273,'2011-08-11 17:18:29','2011-08-11 17:18:29'),
(82069,4,275,'2011-08-11 17:18:29','2011-08-11 17:18:29'),
(82068,4,277,'2011-08-11 17:18:29','2011-08-11 17:18:29'),
(82067,4,279,'2011-08-11 17:18:29','2011-08-11 17:18:29'),
(82066,4,281,'2011-08-11 17:18:29','2011-08-11 17:18:29'),
(82065,4,283,'2011-08-11 17:18:29','2011-08-11 17:18:29'),
(82064,4,285,'2011-08-11 17:18:29','2011-08-11 17:18:29'),
(82063,4,287,'2011-08-11 17:18:29','2011-08-11 17:18:29'),
(82062,4,289,'2011-08-11 17:18:29','2011-08-11 17:18:29'),
(82061,4,291,'2011-08-11 17:18:29','2011-08-11 17:18:29'),
(82060,4,293,'2011-08-11 17:18:29','2011-08-11 17:18:29'),
(82059,4,295,'2011-08-11 17:18:29','2011-08-11 17:18:29'),
(82058,4,297,'2011-08-11 17:18:29','2011-08-11 17:18:29'),
(82057,4,299,'2011-08-11 17:18:29','2011-08-11 17:18:29'),
(82056,4,301,'2011-08-11 17:18:29','2011-08-11 17:18:29'),
(82055,4,303,'2011-08-11 17:18:29','2011-08-11 17:18:29'),
(82054,4,305,'2011-08-11 17:18:29','2011-08-11 17:18:29'),
(82053,4,307,'2011-08-11 17:18:29','2011-08-11 17:18:29'),
(82052,4,309,'2011-08-11 17:18:29','2011-08-11 17:18:29'),
(82051,4,311,'2011-08-11 17:18:29','2011-08-11 17:18:29'),
(82050,4,313,'2011-08-11 17:18:29','2011-08-11 17:18:29'),
(82049,4,315,'2011-08-11 17:18:29','2011-08-11 17:18:29'),
(82048,4,317,'2011-08-11 17:18:29','2011-08-11 17:18:29'),
(82047,4,319,'2011-08-11 17:18:29','2011-08-11 17:18:29'),
(82046,4,321,'2011-08-11 17:18:29','2011-08-11 17:18:29'),
(82045,4,323,'2011-08-11 17:18:29','2011-08-11 17:18:29'),
(82044,4,325,'2011-08-11 17:18:29','2011-08-11 17:18:29'),
(82043,4,327,'2011-08-11 17:18:29','2011-08-11 17:18:29'),
(24169,103,409,'2011-02-23 09:54:36','2011-02-23 09:54:36'),
(24168,103,407,'2011-02-23 09:54:36','2011-02-23 09:54:36'),
(24167,103,405,'2011-02-23 09:54:36','2011-02-23 09:54:36'),
(24166,103,403,'2011-02-23 09:54:36','2011-02-23 09:54:36'),
(24165,103,401,'2011-02-23 09:54:35','2011-02-23 09:54:35'),
(24164,103,399,'2011-02-23 09:54:35','2011-02-23 09:54:35'),
(24163,103,397,'2011-02-23 09:54:35','2011-02-23 09:54:35'),
(24162,103,395,'2011-02-23 09:54:35','2011-02-23 09:54:35'),
(24161,103,393,'2011-02-23 09:54:35','2011-02-23 09:54:35'),
(24160,103,394,'2011-02-23 09:54:35','2011-02-23 09:54:35'),
(24159,103,396,'2011-02-23 09:54:35','2011-02-23 09:54:35'),
(24158,103,398,'2011-02-23 09:54:35','2011-02-23 09:54:35'),
(24157,103,400,'2011-02-23 09:54:35','2011-02-23 09:54:35'),
(24156,103,402,'2011-02-23 09:54:35','2011-02-23 09:54:35'),
(24155,103,404,'2011-02-23 09:54:35','2011-02-23 09:54:35'),
(24154,103,406,'2011-02-23 09:54:35','2011-02-23 09:54:35'),
(24153,103,408,'2011-02-23 09:54:35','2011-02-23 09:54:35'),
(24170,103,410,'2011-02-23 09:54:36','2011-02-23 09:54:36'),
(24414,114,437,'2011-02-23 09:54:37','2011-02-23 09:54:37'),
(24413,114,435,'2011-02-23 09:54:37','2011-02-23 09:54:37'),
(24412,114,192,'2011-02-23 09:54:37','2011-02-23 09:54:37'),
(24411,114,187,'2011-02-23 09:54:37','2011-02-23 09:54:37'),
(24410,114,184,'2011-02-23 09:54:37','2011-02-23 09:54:37'),
(24409,114,411,'2011-02-23 09:54:37','2011-02-23 09:54:37'),
(24408,114,412,'2011-02-23 09:54:37','2011-02-23 09:54:37'),
(24407,114,173,'2011-02-23 09:54:37','2011-02-23 09:54:37'),
(24226,109,417,'2011-02-23 09:54:36','2011-02-23 09:54:36'),
(24225,109,415,'2011-02-23 09:54:36','2011-02-23 09:54:36'),
(24224,109,413,'2011-02-23 09:54:36','2011-02-23 09:54:36'),
(24223,109,414,'2011-02-23 09:54:36','2011-02-23 09:54:36'),
(24222,109,416,'2011-02-23 09:54:36','2011-02-23 09:54:36'),
(24227,109,418,'2011-02-23 09:54:36','2011-02-23 09:54:36'),
(54921,107,591,'2011-08-11 17:17:38','2011-08-11 17:17:38'),
(54920,107,423,'2011-08-11 17:17:38','2011-08-11 17:17:38'),
(54919,107,421,'2011-08-11 17:17:38','2011-08-11 17:17:38'),
(54918,107,419,'2011-08-11 17:17:38','2011-08-11 17:17:38'),
(54917,107,173,'2011-08-11 17:17:38','2011-08-11 17:17:38'),
(24250,92,34,'2011-02-23 09:54:36','2011-02-23 09:54:36'),
(24354,112,232,'2011-02-23 09:54:37','2011-02-23 09:54:37'),
(24353,112,230,'2011-02-23 09:54:37','2011-02-23 09:54:37'),
(24352,112,228,'2011-02-23 09:54:37','2011-02-23 09:54:37'),
(24351,112,425,'2011-02-23 09:54:37','2011-02-23 09:54:37'),
(24350,112,238,'2011-02-23 09:54:37','2011-02-23 09:54:37'),
(24349,112,236,'2011-02-23 09:54:37','2011-02-23 09:54:37'),
(24348,112,234,'2011-02-23 09:54:37','2011-02-23 09:54:37'),
(24347,112,235,'2011-02-23 09:54:37','2011-02-23 09:54:37'),
(24346,112,237,'2011-02-23 09:54:37','2011-02-23 09:54:37'),
(24345,112,424,'2011-02-23 09:54:37','2011-02-23 09:54:37'),
(24344,112,426,'2011-02-23 09:54:37','2011-02-23 09:54:37'),
(24343,112,229,'2011-02-23 09:54:37','2011-02-23 09:54:37'),
(24342,112,231,'2011-02-23 09:54:37','2011-02-23 09:54:37'),
(24355,112,233,'2011-02-23 09:54:37','2011-02-23 09:54:37'),
(24371,93,432,'2011-02-23 09:54:37','2011-02-23 09:54:37'),
(24370,93,427,'2011-02-23 09:54:37','2011-02-23 09:54:37'),
(24359,99,429,'2011-02-23 09:54:37','2011-02-23 09:54:37'),
(24367,95,430,'2011-02-23 09:54:37','2011-02-23 09:54:37'),
(24361,96,430,'2011-02-23 09:54:37','2011-02-23 09:54:37'),
(24362,97,430,'2011-02-23 09:54:37','2011-02-23 09:54:37'),
(24363,94,431,'2011-02-23 09:54:37','2011-02-23 09:54:37'),
(24369,93,428,'2011-02-23 09:54:37','2011-02-23 09:54:37'),
(24368,95,433,'2011-02-23 09:54:37','2011-02-23 09:54:37'),
(24372,93,434,'2011-02-23 09:54:37','2011-02-23 09:54:37'),
(24406,114,198,'2011-02-23 09:54:37','2011-02-23 09:54:37'),
(24405,114,180,'2011-02-23 09:54:37','2011-02-23 09:54:37'),
(24404,114,436,'2011-02-23 09:54:37','2011-02-23 09:54:37'),
(24403,115,438,'2011-02-23 09:54:37','2011-02-23 09:54:37'),
(24415,114,438,'2011-02-23 09:54:37','2011-02-23 09:54:37'),
(80346,117,651,'2011-08-11 17:18:24','2011-08-11 17:18:24'),
(80345,117,648,'2011-08-11 17:18:24','2011-08-11 17:18:24'),
(80344,117,646,'2011-08-11 17:18:24','2011-08-11 17:18:24'),
(80343,117,644,'2011-08-11 17:18:24','2011-08-11 17:18:24'),
(80342,117,642,'2011-08-11 17:18:24','2011-08-11 17:18:24'),
(80341,117,640,'2011-08-11 17:18:24','2011-08-11 17:18:24'),
(80340,117,638,'2011-08-11 17:18:24','2011-08-11 17:18:24'),
(80339,117,636,'2011-08-11 17:18:24','2011-08-11 17:18:24'),
(80338,117,634,'2011-08-11 17:18:24','2011-08-11 17:18:24'),
(80337,117,627,'2011-08-11 17:18:24','2011-08-11 17:18:24'),
(80336,117,616,'2011-08-11 17:18:24','2011-08-11 17:18:24'),
(80335,117,614,'2011-08-11 17:18:24','2011-08-11 17:18:24'),
(80334,117,612,'2011-08-11 17:18:24','2011-08-11 17:18:24'),
(80333,117,610,'2011-08-11 17:18:24','2011-08-11 17:18:24'),
(80332,117,606,'2011-08-11 17:18:24','2011-08-11 17:18:24'),
(80331,117,604,'2011-08-11 17:18:24','2011-08-11 17:18:24'),
(80330,117,539,'2011-08-11 17:18:24','2011-08-11 17:18:24'),
(80329,117,600,'2011-08-11 17:18:24','2011-08-11 17:18:24'),
(80328,117,552,'2011-08-11 17:18:24','2011-08-11 17:18:24'),
(80327,117,546,'2011-08-11 17:18:24','2011-08-11 17:18:24'),
(80326,117,598,'2011-08-11 17:18:24','2011-08-11 17:18:24'),
(80325,117,590,'2011-08-11 17:18:24','2011-08-11 17:18:24'),
(80324,117,596,'2011-08-11 17:18:24','2011-08-11 17:18:24'),
(80323,117,166,'2011-08-11 17:18:24','2011-08-11 17:18:24'),
(80322,117,1,'2011-08-11 17:18:24','2011-08-11 17:18:24'),
(80321,117,584,'2011-08-11 17:18:24','2011-08-11 17:18:24'),
(80320,117,582,'2011-08-11 17:18:24','2011-08-11 17:18:24'),
(80319,117,579,'2011-08-11 17:18:24','2011-08-11 17:18:24'),
(80318,117,163,'2011-08-11 17:18:24','2011-08-11 17:18:24'),
(80317,117,569,'2011-08-11 17:18:24','2011-08-11 17:18:24'),
(80316,117,184,'2011-08-11 17:18:24','2011-08-11 17:18:24'),
(80315,117,564,'2011-08-11 17:18:24','2011-08-11 17:18:24'),
(80314,117,458,'2011-08-11 17:18:24','2011-08-11 17:18:24'),
(80313,117,392,'2011-08-11 17:18:24','2011-08-11 17:18:24'),
(80312,117,391,'2011-08-11 17:18:24','2011-08-11 17:18:24'),
(80311,117,389,'2011-08-11 17:18:24','2011-08-11 17:18:24'),
(80310,117,387,'2011-08-11 17:18:24','2011-08-11 17:18:24'),
(80309,117,385,'2011-08-11 17:18:24','2011-08-11 17:18:24'),
(80308,117,383,'2011-08-11 17:18:24','2011-08-11 17:18:24'),
(80307,117,381,'2011-08-11 17:18:24','2011-08-11 17:18:24'),
(80306,117,379,'2011-08-11 17:18:24','2011-08-11 17:18:24'),
(80305,117,377,'2011-08-11 17:18:24','2011-08-11 17:18:24'),
(80304,117,11,'2011-08-11 17:18:24','2011-08-11 17:18:24'),
(80303,117,373,'2011-08-11 17:18:24','2011-08-11 17:18:24'),
(80302,117,371,'2011-08-11 17:18:24','2011-08-11 17:18:24'),
(80301,117,135,'2011-08-11 17:18:24','2011-08-11 17:18:24'),
(80300,117,367,'2011-08-11 17:18:24','2011-08-11 17:18:24'),
(80299,117,365,'2011-08-11 17:18:24','2011-08-11 17:18:24'),
(80298,117,363,'2011-08-11 17:18:24','2011-08-11 17:18:24'),
(80297,117,361,'2011-08-11 17:18:24','2011-08-11 17:18:24'),
(80296,117,133,'2011-08-11 17:18:24','2011-08-11 17:18:24'),
(80295,117,357,'2011-08-11 17:18:24','2011-08-11 17:18:24'),
(80294,117,355,'2011-08-11 17:18:24','2011-08-11 17:18:24'),
(80293,117,353,'2011-08-11 17:18:24','2011-08-11 17:18:24'),
(80292,117,351,'2011-08-11 17:18:24','2011-08-11 17:18:24'),
(80291,117,349,'2011-08-11 17:18:24','2011-08-11 17:18:24'),
(80290,117,347,'2011-08-11 17:18:24','2011-08-11 17:18:24'),
(80289,117,345,'2011-08-11 17:18:24','2011-08-11 17:18:24'),
(80288,117,343,'2011-08-11 17:18:24','2011-08-11 17:18:24'),
(80287,117,341,'2011-08-11 17:18:24','2011-08-11 17:18:24'),
(80286,117,339,'2011-08-11 17:18:24','2011-08-11 17:18:24'),
(80285,117,337,'2011-08-11 17:18:24','2011-08-11 17:18:24'),
(80284,117,335,'2011-08-11 17:18:24','2011-08-11 17:18:24'),
(80283,117,333,'2011-08-11 17:18:24','2011-08-11 17:18:24'),
(80282,117,331,'2011-08-11 17:18:24','2011-08-11 17:18:24'),
(80281,117,329,'2011-08-11 17:18:24','2011-08-11 17:18:24'),
(80280,117,327,'2011-08-11 17:18:24','2011-08-11 17:18:24'),
(80279,117,325,'2011-08-11 17:18:24','2011-08-11 17:18:24'),
(80278,117,323,'2011-08-11 17:18:24','2011-08-11 17:18:24'),
(80277,117,321,'2011-08-11 17:18:24','2011-08-11 17:18:24'),
(80276,117,319,'2011-08-11 17:18:24','2011-08-11 17:18:24'),
(80275,117,317,'2011-08-11 17:18:24','2011-08-11 17:18:24'),
(80274,117,315,'2011-08-11 17:18:24','2011-08-11 17:18:24'),
(80273,117,313,'2011-08-11 17:18:24','2011-08-11 17:18:24'),
(80272,117,311,'2011-08-11 17:18:24','2011-08-11 17:18:24'),
(80271,117,309,'2011-08-11 17:18:24','2011-08-11 17:18:24'),
(80270,117,307,'2011-08-11 17:18:24','2011-08-11 17:18:24'),
(80269,117,305,'2011-08-11 17:18:24','2011-08-11 17:18:24'),
(80268,117,303,'2011-08-11 17:18:24','2011-08-11 17:18:24'),
(80267,117,301,'2011-08-11 17:18:24','2011-08-11 17:18:24'),
(80266,117,299,'2011-08-11 17:18:24','2011-08-11 17:18:24'),
(80265,117,297,'2011-08-11 17:18:24','2011-08-11 17:18:24'),
(80264,117,295,'2011-08-11 17:18:24','2011-08-11 17:18:24'),
(80263,117,293,'2011-08-11 17:18:24','2011-08-11 17:18:24'),
(80262,117,291,'2011-08-11 17:18:24','2011-08-11 17:18:24'),
(80261,117,289,'2011-08-11 17:18:24','2011-08-11 17:18:24'),
(80260,117,287,'2011-08-11 17:18:24','2011-08-11 17:18:24'),
(80259,117,285,'2011-08-11 17:18:24','2011-08-11 17:18:24'),
(80258,117,283,'2011-08-11 17:18:24','2011-08-11 17:18:24'),
(80257,117,281,'2011-08-11 17:18:24','2011-08-11 17:18:24'),
(80256,117,279,'2011-08-11 17:18:24','2011-08-11 17:18:24'),
(80255,117,277,'2011-08-11 17:18:24','2011-08-11 17:18:24'),
(80254,117,275,'2011-08-11 17:18:24','2011-08-11 17:18:24'),
(80253,117,273,'2011-08-11 17:18:24','2011-08-11 17:18:24'),
(80252,117,271,'2011-08-11 17:18:24','2011-08-11 17:18:24'),
(80251,117,269,'2011-08-11 17:18:24','2011-08-11 17:18:24'),
(80250,117,267,'2011-08-11 17:18:24','2011-08-11 17:18:24'),
(80249,117,265,'2011-08-11 17:18:24','2011-08-11 17:18:24'),
(80248,117,263,'2011-08-11 17:18:24','2011-08-11 17:18:24'),
(80247,117,261,'2011-08-11 17:18:24','2011-08-11 17:18:24'),
(80246,117,259,'2011-08-11 17:18:24','2011-08-11 17:18:24'),
(80245,117,257,'2011-08-11 17:18:24','2011-08-11 17:18:24'),
(80244,117,255,'2011-08-11 17:18:24','2011-08-11 17:18:24'),
(80243,117,253,'2011-08-11 17:18:24','2011-08-11 17:18:24'),
(80242,117,251,'2011-08-11 17:18:24','2011-08-11 17:18:24'),
(80241,117,132,'2011-08-11 17:18:24','2011-08-11 17:18:24'),
(80240,117,93,'2011-08-11 17:18:24','2011-08-11 17:18:24'),
(80239,117,249,'2011-08-11 17:18:24','2011-08-11 17:18:24'),
(80238,117,86,'2011-08-11 17:18:24','2011-08-11 17:18:24'),
(80237,117,92,'2011-08-11 17:18:24','2011-08-11 17:18:24'),
(80236,117,252,'2011-08-11 17:18:24','2011-08-11 17:18:24'),
(80235,117,254,'2011-08-11 17:18:24','2011-08-11 17:18:24'),
(80234,117,256,'2011-08-11 17:18:24','2011-08-11 17:18:24'),
(80233,117,258,'2011-08-11 17:18:24','2011-08-11 17:18:24'),
(80232,117,260,'2011-08-11 17:18:24','2011-08-11 17:18:24'),
(80231,117,262,'2011-08-11 17:18:24','2011-08-11 17:18:24'),
(80230,117,264,'2011-08-11 17:18:24','2011-08-11 17:18:24'),
(80229,117,266,'2011-08-11 17:18:24','2011-08-11 17:18:24'),
(80228,117,268,'2011-08-11 17:18:24','2011-08-11 17:18:24'),
(80227,117,270,'2011-08-11 17:18:24','2011-08-11 17:18:24'),
(80226,117,272,'2011-08-11 17:18:24','2011-08-11 17:18:24'),
(80225,117,274,'2011-08-11 17:18:24','2011-08-11 17:18:24'),
(80224,117,276,'2011-08-11 17:18:24','2011-08-11 17:18:24'),
(80223,117,278,'2011-08-11 17:18:24','2011-08-11 17:18:24'),
(80222,117,280,'2011-08-11 17:18:24','2011-08-11 17:18:24'),
(80221,117,282,'2011-08-11 17:18:24','2011-08-11 17:18:24'),
(80220,117,284,'2011-08-11 17:18:24','2011-08-11 17:18:24'),
(80219,117,286,'2011-08-11 17:18:24','2011-08-11 17:18:24'),
(80218,117,288,'2011-08-11 17:18:24','2011-08-11 17:18:24'),
(80217,117,290,'2011-08-11 17:18:24','2011-08-11 17:18:24'),
(80216,117,292,'2011-08-11 17:18:24','2011-08-11 17:18:24'),
(80215,117,294,'2011-08-11 17:18:24','2011-08-11 17:18:24'),
(80214,117,296,'2011-08-11 17:18:24','2011-08-11 17:18:24'),
(80213,117,298,'2011-08-11 17:18:24','2011-08-11 17:18:24'),
(80212,117,300,'2011-08-11 17:18:24','2011-08-11 17:18:24'),
(80211,117,302,'2011-08-11 17:18:24','2011-08-11 17:18:24'),
(80210,117,304,'2011-08-11 17:18:24','2011-08-11 17:18:24'),
(80209,117,306,'2011-08-11 17:18:24','2011-08-11 17:18:24'),
(80208,117,308,'2011-08-11 17:18:24','2011-08-11 17:18:24'),
(80207,117,310,'2011-08-11 17:18:24','2011-08-11 17:18:24'),
(80206,117,312,'2011-08-11 17:18:24','2011-08-11 17:18:24'),
(80205,117,314,'2011-08-11 17:18:24','2011-08-11 17:18:24'),
(80204,117,316,'2011-08-11 17:18:24','2011-08-11 17:18:24'),
(80203,117,318,'2011-08-11 17:18:24','2011-08-11 17:18:24'),
(80202,117,320,'2011-08-11 17:18:24','2011-08-11 17:18:24'),
(80201,117,322,'2011-08-11 17:18:24','2011-08-11 17:18:24'),
(80200,117,324,'2011-08-11 17:18:24','2011-08-11 17:18:24'),
(81933,118,458,'2011-08-11 17:18:28','2011-08-11 17:18:28'),
(81932,118,640,'2011-08-11 17:18:28','2011-08-11 17:18:28'),
(81931,118,593,'2011-08-11 17:18:28','2011-08-11 17:18:28'),
(81930,118,589,'2011-08-11 17:18:28','2011-08-11 17:18:28'),
(81929,118,578,'2011-08-11 17:18:28','2011-08-11 17:18:28'),
(81928,118,576,'2011-08-11 17:18:28','2011-08-11 17:18:28'),
(81927,118,574,'2011-08-11 17:18:28','2011-08-11 17:18:28'),
(81926,118,573,'2011-08-11 17:18:28','2011-08-11 17:18:28'),
(81925,118,437,'2011-08-11 17:18:28','2011-08-11 17:18:28'),
(81924,118,435,'2011-08-11 17:18:28','2011-08-11 17:18:28'),
(81923,118,6,'2011-08-11 17:18:28','2011-08-11 17:18:28'),
(81922,118,431,'2011-08-11 17:18:28','2011-08-11 17:18:28'),
(81921,118,429,'2011-08-11 17:18:28','2011-08-11 17:18:28'),
(81920,118,427,'2011-08-11 17:18:28','2011-08-11 17:18:28'),
(81919,118,232,'2011-08-11 17:18:28','2011-08-11 17:18:28'),
(81918,118,230,'2011-08-11 17:18:28','2011-08-11 17:18:28'),
(81917,118,228,'2011-08-11 17:18:28','2011-08-11 17:18:28'),
(81916,118,425,'2011-08-11 17:18:28','2011-08-11 17:18:28'),
(81915,118,238,'2011-08-11 17:18:28','2011-08-11 17:18:28'),
(81914,118,236,'2011-08-11 17:18:28','2011-08-11 17:18:28'),
(81913,118,234,'2011-08-11 17:18:28','2011-08-11 17:18:28'),
(81912,118,422,'2011-08-11 17:18:28','2011-08-11 17:18:28'),
(81911,118,420,'2011-08-11 17:18:28','2011-08-11 17:18:28'),
(81910,118,418,'2011-08-11 17:18:28','2011-08-11 17:18:28'),
(81909,118,416,'2011-08-11 17:18:28','2011-08-11 17:18:28'),
(81908,118,414,'2011-08-11 17:18:28','2011-08-11 17:18:28'),
(81907,118,180,'2011-08-11 17:18:28','2011-08-11 17:18:28'),
(81906,118,198,'2011-08-11 17:18:28','2011-08-11 17:18:28'),
(81905,118,173,'2011-08-11 17:18:28','2011-08-11 17:18:28'),
(81904,118,412,'2011-08-11 17:18:28','2011-08-11 17:18:28'),
(81903,118,410,'2011-08-11 17:18:28','2011-08-11 17:18:28'),
(81902,118,408,'2011-08-11 17:18:28','2011-08-11 17:18:28'),
(81901,118,406,'2011-08-11 17:18:28','2011-08-11 17:18:28'),
(81900,118,404,'2011-08-11 17:18:28','2011-08-11 17:18:28'),
(81899,118,402,'2011-08-11 17:18:28','2011-08-11 17:18:28'),
(81898,118,400,'2011-08-11 17:18:28','2011-08-11 17:18:28'),
(81897,118,398,'2011-08-11 17:18:28','2011-08-11 17:18:28'),
(81896,118,396,'2011-08-11 17:18:28','2011-08-11 17:18:28'),
(81895,118,394,'2011-08-11 17:18:28','2011-08-11 17:18:28'),
(81894,118,393,'2011-08-11 17:18:28','2011-08-11 17:18:28'),
(81893,118,395,'2011-08-11 17:18:28','2011-08-11 17:18:28'),
(81892,118,397,'2011-08-11 17:18:28','2011-08-11 17:18:28'),
(81891,118,399,'2011-08-11 17:18:28','2011-08-11 17:18:28'),
(81890,118,401,'2011-08-11 17:18:28','2011-08-11 17:18:28'),
(81889,118,403,'2011-08-11 17:18:28','2011-08-11 17:18:28'),
(81888,118,405,'2011-08-11 17:18:28','2011-08-11 17:18:28'),
(81887,118,407,'2011-08-11 17:18:28','2011-08-11 17:18:28'),
(81886,118,409,'2011-08-11 17:18:28','2011-08-11 17:18:28'),
(81885,118,411,'2011-08-11 17:18:28','2011-08-11 17:18:28'),
(81884,118,184,'2011-08-11 17:18:28','2011-08-11 17:18:28'),
(81883,118,187,'2011-08-11 17:18:28','2011-08-11 17:18:28'),
(81882,118,192,'2011-08-11 17:18:28','2011-08-11 17:18:28'),
(81881,118,413,'2011-08-11 17:18:28','2011-08-11 17:18:28'),
(81880,118,415,'2011-08-11 17:18:28','2011-08-11 17:18:28'),
(81879,118,417,'2011-08-11 17:18:28','2011-08-11 17:18:28'),
(81878,118,34,'2011-08-11 17:18:28','2011-08-11 17:18:28'),
(81877,118,1,'2011-08-11 17:18:28','2011-08-11 17:18:28'),
(81876,118,423,'2011-08-11 17:18:28','2011-08-11 17:18:28'),
(81875,118,235,'2011-08-11 17:18:28','2011-08-11 17:18:28'),
(81874,118,237,'2011-08-11 17:18:28','2011-08-11 17:18:28'),
(81873,118,424,'2011-08-11 17:18:28','2011-08-11 17:18:28'),
(81872,118,426,'2011-08-11 17:18:28','2011-08-11 17:18:28'),
(81871,118,229,'2011-08-11 17:18:28','2011-08-11 17:18:28'),
(37553,15,128,'2011-02-23 10:06:05','2011-02-23 10:06:05'),
(37552,15,242,'2011-02-23 10:06:05','2011-02-23 10:06:05'),
(37551,15,440,'2011-02-23 10:06:05','2011-02-23 10:06:05'),
(37559,15,442,'2011-02-23 10:06:05','2011-02-23 10:06:05'),
(37566,16,242,'2011-02-23 10:06:05','2011-02-23 10:06:05'),
(37572,16,444,'2011-02-23 10:06:05','2011-02-23 10:06:05'),
(38025,13,216,'2011-02-23 10:06:07','2011-02-23 10:06:07'),
(82383,5,132,'2011-08-11 17:18:30','2011-08-11 17:18:30'),
(38024,13,242,'2011-02-23 10:06:07','2011-02-23 10:06:07'),
(82382,5,134,'2011-08-11 17:18:30','2011-08-11 17:18:30'),
(38023,13,446,'2011-02-23 10:06:07','2011-02-23 10:06:07'),
(82381,5,136,'2011-08-11 17:18:30','2011-08-11 17:18:30'),
(38033,13,448,'2011-02-23 10:06:07','2011-02-23 10:06:07'),
(82380,5,138,'2011-08-11 17:18:30','2011-08-11 17:18:30'),
(38499,12,137,'2011-02-23 10:06:08','2011-02-23 10:06:08'),
(82379,5,140,'2011-08-11 17:18:30','2011-08-11 17:18:30'),
(38653,34,148,'2011-02-23 10:06:09','2011-02-23 10:06:09'),
(38498,12,449,'2011-02-23 10:06:08','2011-02-23 10:06:08'),
(82378,5,142,'2011-08-11 17:18:30','2011-08-11 17:18:30'),
(38652,34,449,'2011-02-23 10:06:09','2011-02-23 10:06:09'),
(38505,12,451,'2011-02-23 10:06:08','2011-02-23 10:06:08'),
(82377,5,144,'2011-08-11 17:18:30','2011-08-11 17:18:30'),
(38662,34,451,'2011-02-23 10:06:09','2011-02-23 10:06:09'),
(81748,11,127,'2011-08-11 17:18:28','2011-08-11 17:18:28'),
(81747,11,131,'2011-08-11 17:18:28','2011-08-11 17:18:28'),
(81746,11,134,'2011-08-11 17:18:28','2011-08-11 17:18:28'),
(38785,56,64,'2011-02-23 10:06:09','2011-02-23 10:06:09'),
(38787,56,456,'2011-02-23 10:06:09','2011-02-23 10:06:09'),
(38821,14,457,'2011-02-23 10:15:53','2011-02-23 10:15:53'),
(82376,5,157,'2011-08-11 17:18:30','2011-08-11 17:18:30'),
(80199,117,326,'2011-08-11 17:18:24','2011-08-11 17:18:24'),
(81745,11,136,'2011-08-11 17:18:28','2011-08-11 17:18:28'),
(80198,117,328,'2011-08-11 17:18:24','2011-08-11 17:18:24'),
(39308,119,234,'2011-02-23 10:24:20','2011-02-23 10:24:20'),
(39309,121,235,'2011-02-23 10:24:20','2011-02-23 10:24:20'),
(39310,120,236,'2011-02-23 10:24:20','2011-02-23 10:24:20'),
(39321,70,238,'2011-02-23 10:24:20','2011-02-23 10:24:20'),
(39331,70,461,'2011-02-23 10:24:20','2011-02-23 10:24:20'),
(81939,6,193,'2011-08-11 17:18:29','2011-08-11 17:18:29'),
(39390,122,466,'2011-02-23 10:25:38','2011-02-23 10:25:38'),
(39389,122,464,'2011-02-23 10:25:38','2011-02-23 10:25:38'),
(39385,21,465,'2011-02-23 10:25:38','2011-02-23 10:25:38'),
(39388,122,463,'2011-02-23 10:25:38','2011-02-23 10:25:38'),
(39393,123,466,'2011-02-23 10:25:38','2011-02-23 10:25:38'),
(39384,21,464,'2011-02-23 10:25:38','2011-02-23 10:25:38'),
(39387,122,465,'2011-02-23 10:25:38','2011-02-23 10:25:38'),
(39392,123,465,'2011-02-23 10:25:38','2011-02-23 10:25:38'),
(39386,21,466,'2011-02-23 10:25:38','2011-02-23 10:25:38'),
(39391,122,467,'2011-02-23 10:25:38','2011-02-23 10:25:38'),
(39394,123,467,'2011-02-23 10:25:38','2011-02-23 10:25:38'),
(82042,4,329,'2011-08-11 17:18:29','2011-08-11 17:18:29'),
(82041,4,331,'2011-08-11 17:18:29','2011-08-11 17:18:29'),
(82040,4,333,'2011-08-11 17:18:29','2011-08-11 17:18:29'),
(82039,4,335,'2011-08-11 17:18:29','2011-08-11 17:18:29'),
(82038,4,337,'2011-08-11 17:18:29','2011-08-11 17:18:29'),
(82037,4,339,'2011-08-11 17:18:29','2011-08-11 17:18:29'),
(82036,4,341,'2011-08-11 17:18:29','2011-08-11 17:18:29'),
(82035,4,137,'2011-08-11 17:18:29','2011-08-11 17:18:29'),
(82034,4,135,'2011-08-11 17:18:29','2011-08-11 17:18:29'),
(82033,4,347,'2011-08-11 17:18:29','2011-08-11 17:18:29'),
(82032,4,349,'2011-08-11 17:18:29','2011-08-11 17:18:29'),
(82031,4,351,'2011-08-11 17:18:29','2011-08-11 17:18:29'),
(82030,4,353,'2011-08-11 17:18:29','2011-08-11 17:18:29'),
(82029,4,355,'2011-08-11 17:18:29','2011-08-11 17:18:29'),
(82028,4,357,'2011-08-11 17:18:29','2011-08-11 17:18:29'),
(82027,4,359,'2011-08-11 17:18:29','2011-08-11 17:18:29'),
(82026,4,361,'2011-08-11 17:18:29','2011-08-11 17:18:29'),
(82025,4,363,'2011-08-11 17:18:29','2011-08-11 17:18:29'),
(82024,4,365,'2011-08-11 17:18:29','2011-08-11 17:18:29'),
(82023,4,367,'2011-08-11 17:18:29','2011-08-11 17:18:29'),
(82022,4,369,'2011-08-11 17:18:29','2011-08-11 17:18:29'),
(82021,4,371,'2011-08-11 17:18:29','2011-08-11 17:18:29'),
(82020,4,373,'2011-08-11 17:18:29','2011-08-11 17:18:29'),
(82019,4,375,'2011-08-11 17:18:29','2011-08-11 17:18:29'),
(82018,4,377,'2011-08-11 17:18:29','2011-08-11 17:18:29'),
(82017,4,379,'2011-08-11 17:18:29','2011-08-11 17:18:29'),
(43587,108,496,'2011-03-08 18:03:58','2011-03-08 18:03:58'),
(43586,108,494,'2011-03-08 18:03:58','2011-03-08 18:03:58'),
(43585,108,492,'2011-03-08 18:03:58','2011-03-08 18:03:58'),
(43584,108,493,'2011-03-08 18:03:58','2011-03-08 18:03:58'),
(43583,108,495,'2011-03-08 18:03:58','2011-03-08 18:03:58'),
(43588,108,497,'2011-03-08 18:03:58','2011-03-08 18:03:58'),
(43642,110,506,'2011-03-08 18:03:58','2011-03-08 18:03:58'),
(43641,110,504,'2011-03-08 18:03:58','2011-03-08 18:03:58'),
(43640,110,502,'2011-03-08 18:03:58','2011-03-08 18:03:58'),
(43639,110,500,'2011-03-08 18:03:58','2011-03-08 18:03:58'),
(43638,110,498,'2011-03-08 18:03:58','2011-03-08 18:03:58'),
(43637,110,499,'2011-03-08 18:03:58','2011-03-08 18:03:58'),
(43636,110,501,'2011-03-08 18:03:58','2011-03-08 18:03:58'),
(43635,110,503,'2011-03-08 18:03:58','2011-03-08 18:03:58'),
(43634,110,505,'2011-03-08 18:03:58','2011-03-08 18:03:58'),
(43643,110,507,'2011-03-08 18:03:58','2011-03-08 18:03:58'),
(43864,111,518,'2011-03-08 18:03:59','2011-03-08 18:03:59'),
(43863,111,516,'2011-03-08 18:03:59','2011-03-08 18:03:59'),
(43862,111,514,'2011-03-08 18:03:59','2011-03-08 18:03:59'),
(43861,111,512,'2011-03-08 18:03:59','2011-03-08 18:03:59'),
(43860,111,510,'2011-03-08 18:03:59','2011-03-08 18:03:59'),
(43859,111,508,'2011-03-08 18:03:59','2011-03-08 18:03:59'),
(43858,111,9,'2011-03-08 18:03:59','2011-03-08 18:03:59'),
(43857,111,1,'2011-03-08 18:03:59','2011-03-08 18:03:59'),
(43856,111,173,'2011-03-08 18:03:59','2011-03-08 18:03:59'),
(43855,111,509,'2011-03-08 18:03:59','2011-03-08 18:03:59'),
(43854,111,511,'2011-03-08 18:03:59','2011-03-08 18:03:59'),
(43853,111,513,'2011-03-08 18:03:59','2011-03-08 18:03:59'),
(43852,111,515,'2011-03-08 18:03:59','2011-03-08 18:03:59'),
(43851,111,517,'2011-03-08 18:03:59','2011-03-08 18:03:59'),
(43850,111,519,'2011-03-08 18:03:59','2011-03-08 18:03:59'),
(43849,111,521,'2011-03-08 18:03:59','2011-03-08 18:03:59'),
(43848,111,523,'2011-03-08 18:03:59','2011-03-08 18:03:59'),
(43868,111,525,'2011-03-08 18:03:59','2011-03-08 18:03:59'),
(43873,113,527,'2011-03-08 18:03:59','2011-03-08 18:03:59'),
(43872,113,526,'2011-03-08 18:03:59','2011-03-08 18:03:59'),
(43874,113,528,'2011-03-08 18:03:59','2011-03-08 18:03:59'),
(81870,118,231,'2011-08-11 17:18:28','2011-08-11 17:18:28'),
(81869,118,233,'2011-08-11 17:18:28','2011-08-11 17:18:28'),
(81868,118,428,'2011-08-11 17:18:28','2011-08-11 17:18:28'),
(81867,118,430,'2011-08-11 17:18:28','2011-08-11 17:18:28'),
(81866,118,432,'2011-08-11 17:18:28','2011-08-11 17:18:28'),
(81865,118,434,'2011-08-11 17:18:28','2011-08-11 17:18:28'),
(81864,118,436,'2011-08-11 17:18:28','2011-08-11 17:18:28'),
(81863,118,438,'2011-08-11 17:18:28','2011-08-11 17:18:28'),
(81862,118,532,'2011-08-11 17:18:28','2011-08-11 17:18:28'),
(81861,118,530,'2011-08-11 17:18:28','2011-08-11 17:18:28'),
(81860,118,438,'2011-08-11 17:18:28','2011-08-11 17:18:28'),
(81859,118,436,'2011-08-11 17:18:28','2011-08-11 17:18:28'),
(81858,118,434,'2011-08-11 17:18:28','2011-08-11 17:18:28'),
(81857,118,432,'2011-08-11 17:18:28','2011-08-11 17:18:28'),
(81856,118,430,'2011-08-11 17:18:28','2011-08-11 17:18:28'),
(81855,118,428,'2011-08-11 17:18:28','2011-08-11 17:18:28'),
(81854,118,233,'2011-08-11 17:18:28','2011-08-11 17:18:28'),
(81853,118,231,'2011-08-11 17:18:28','2011-08-11 17:18:28'),
(81852,118,229,'2011-08-11 17:18:28','2011-08-11 17:18:28'),
(81851,118,426,'2011-08-11 17:18:28','2011-08-11 17:18:28'),
(81850,118,424,'2011-08-11 17:18:28','2011-08-11 17:18:28'),
(81849,118,237,'2011-08-11 17:18:28','2011-08-11 17:18:28'),
(81848,118,235,'2011-08-11 17:18:28','2011-08-11 17:18:28'),
(81847,118,423,'2011-08-11 17:18:28','2011-08-11 17:18:28'),
(81846,118,1,'2011-08-11 17:18:28','2011-08-11 17:18:28'),
(81845,118,34,'2011-08-11 17:18:28','2011-08-11 17:18:28'),
(81844,118,417,'2011-08-11 17:18:28','2011-08-11 17:18:28'),
(81843,118,415,'2011-08-11 17:18:28','2011-08-11 17:18:28'),
(81842,118,46,'2011-08-11 17:18:28','2011-08-11 17:18:28'),
(81841,118,192,'2011-08-11 17:18:28','2011-08-11 17:18:28'),
(81840,118,187,'2011-08-11 17:18:28','2011-08-11 17:18:28'),
(81839,118,184,'2011-08-11 17:18:28','2011-08-11 17:18:28'),
(81838,118,411,'2011-08-11 17:18:28','2011-08-11 17:18:28'),
(81837,118,409,'2011-08-11 17:18:28','2011-08-11 17:18:28'),
(81836,118,407,'2011-08-11 17:18:28','2011-08-11 17:18:28'),
(81835,118,405,'2011-08-11 17:18:28','2011-08-11 17:18:28'),
(81834,118,403,'2011-08-11 17:18:28','2011-08-11 17:18:28'),
(81833,118,401,'2011-08-11 17:18:28','2011-08-11 17:18:28'),
(81832,118,399,'2011-08-11 17:18:28','2011-08-11 17:18:28'),
(81831,118,397,'2011-08-11 17:18:28','2011-08-11 17:18:28'),
(81830,118,395,'2011-08-11 17:18:28','2011-08-11 17:18:28'),
(81829,118,393,'2011-08-11 17:18:28','2011-08-11 17:18:28'),
(81828,118,394,'2011-08-11 17:18:28','2011-08-11 17:18:28'),
(81827,118,396,'2011-08-11 17:18:28','2011-08-11 17:18:28'),
(81826,118,398,'2011-08-11 17:18:28','2011-08-11 17:18:28'),
(81825,118,400,'2011-08-11 17:18:28','2011-08-11 17:18:28'),
(81824,118,402,'2011-08-11 17:18:28','2011-08-11 17:18:28'),
(81823,118,404,'2011-08-11 17:18:28','2011-08-11 17:18:28'),
(81822,118,406,'2011-08-11 17:18:28','2011-08-11 17:18:28'),
(81821,118,408,'2011-08-11 17:18:28','2011-08-11 17:18:28'),
(81820,118,410,'2011-08-11 17:18:28','2011-08-11 17:18:28'),
(81819,118,412,'2011-08-11 17:18:28','2011-08-11 17:18:28'),
(81818,118,173,'2011-08-11 17:18:28','2011-08-11 17:18:28'),
(81817,118,198,'2011-08-11 17:18:28','2011-08-11 17:18:28'),
(81816,118,180,'2011-08-11 17:18:28','2011-08-11 17:18:28'),
(81815,118,414,'2011-08-11 17:18:28','2011-08-11 17:18:28'),
(81814,118,416,'2011-08-11 17:18:28','2011-08-11 17:18:28'),
(81813,118,418,'2011-08-11 17:18:28','2011-08-11 17:18:28'),
(81812,118,420,'2011-08-11 17:18:28','2011-08-11 17:18:28'),
(81811,118,422,'2011-08-11 17:18:28','2011-08-11 17:18:28'),
(81810,118,234,'2011-08-11 17:18:28','2011-08-11 17:18:28'),
(81809,118,236,'2011-08-11 17:18:28','2011-08-11 17:18:28'),
(81808,118,238,'2011-08-11 17:18:28','2011-08-11 17:18:28'),
(81807,118,425,'2011-08-11 17:18:28','2011-08-11 17:18:28'),
(81806,118,228,'2011-08-11 17:18:28','2011-08-11 17:18:28'),
(81805,118,230,'2011-08-11 17:18:28','2011-08-11 17:18:28'),
(81804,118,232,'2011-08-11 17:18:28','2011-08-11 17:18:28'),
(44148,70,533,'2011-08-11 17:18:28','2011-08-11 17:18:28'),
(44147,70,461,'2011-08-11 17:18:28','2011-08-11 17:18:28'),
(44146,70,238,'2011-08-11 17:18:28','2011-08-11 17:18:28'),
(44145,70,231,'2011-08-11 17:18:28','2011-08-11 17:18:28'),
(44144,70,64,'2011-08-11 17:18:28','2011-08-11 17:18:28'),
(44143,70,47,'2011-08-11 17:18:28','2011-08-11 17:18:28'),
(44142,70,43,'2011-08-11 17:18:28','2011-08-11 17:18:28'),
(44141,70,46,'2011-08-11 17:18:28','2011-08-11 17:18:28'),
(44140,70,50,'2011-08-11 17:18:28','2011-08-11 17:18:28'),
(44139,70,230,'2011-08-11 17:18:28','2011-08-11 17:18:28'),
(44138,70,237,'2011-08-11 17:18:28','2011-08-11 17:18:28'),
(44137,70,460,'2011-08-11 17:18:28','2011-08-11 17:18:28'),
(44217,86,535,'2011-08-11 17:18:28','2011-08-11 17:18:28'),
(44218,85,534,'2011-08-11 17:18:28','2011-08-11 17:18:28'),
(44219,85,536,'2011-08-11 17:18:28','2011-08-11 17:18:28'),
(44226,33,173,'2011-08-11 17:18:28','2011-08-11 17:18:28'),
(44227,33,147,'2011-08-11 17:18:28','2011-08-11 17:18:28'),
(44228,33,134,'2011-08-11 17:18:28','2011-08-11 17:18:28'),
(44229,33,130,'2011-08-11 17:18:28','2011-08-11 17:18:28'),
(44230,33,111,'2011-08-11 17:18:28','2011-08-11 17:18:28'),
(44231,33,102,'2011-08-11 17:18:28','2011-08-11 17:18:28'),
(44232,33,79,'2011-08-11 17:18:28','2011-08-11 17:18:28'),
(44233,33,1,'2011-08-11 17:18:28','2011-08-11 17:18:28'),
(44234,33,95,'2011-08-11 17:18:28','2011-08-11 17:18:28'),
(44235,33,105,'2011-08-11 17:18:28','2011-08-11 17:18:28'),
(44236,33,118,'2011-08-11 17:18:28','2011-08-11 17:18:28'),
(44237,33,133,'2011-08-11 17:18:28','2011-08-11 17:18:28'),
(44238,33,144,'2011-08-11 17:18:28','2011-08-11 17:18:28'),
(44239,33,166,'2011-08-11 17:18:28','2011-08-11 17:18:28'),
(44240,33,219,'2011-08-11 17:18:28','2011-08-11 17:18:28'),
(44241,33,539,'2011-08-11 17:18:28','2011-08-11 17:18:28'),
(44284,26,542,'2011-08-11 17:18:28','2011-08-11 17:18:28'),
(44285,26,173,'2011-08-11 17:18:28','2011-08-11 17:18:28'),
(44286,26,1,'2011-08-11 17:18:28','2011-08-11 17:18:28'),
(44287,26,9,'2011-08-11 17:18:28','2011-08-11 17:18:28'),
(44288,26,541,'2011-08-11 17:18:28','2011-08-11 17:18:28'),
(44289,26,543,'2011-08-11 17:18:28','2011-08-11 17:18:28'),
(44290,26,544,'2011-08-11 17:18:28','2011-08-11 17:18:28'),
(44302,88,238,'2011-08-11 17:18:28','2011-08-11 17:18:28'),
(44303,88,219,'2011-08-11 17:18:28','2011-08-11 17:18:28'),
(44304,88,192,'2011-08-11 17:18:28','2011-08-11 17:18:28'),
(44305,88,185,'2011-08-11 17:18:28','2011-08-11 17:18:28'),
(44306,88,173,'2011-08-11 17:18:28','2011-08-11 17:18:28'),
(44307,88,136,'2011-08-11 17:18:28','2011-08-11 17:18:28'),
(44308,88,133,'2011-08-11 17:18:28','2011-08-11 17:18:28'),
(44309,88,79,'2011-08-11 17:18:28','2011-08-11 17:18:28'),
(44310,88,64,'2011-08-11 17:18:28','2011-08-11 17:18:28'),
(44311,88,41,'2011-08-11 17:18:28','2011-08-11 17:18:28'),
(44312,88,11,'2011-08-11 17:18:28','2011-08-11 17:18:28'),
(44313,88,1,'2011-08-11 17:18:28','2011-08-11 17:18:28'),
(44314,88,40,'2011-08-11 17:18:28','2011-08-11 17:18:28'),
(44315,88,43,'2011-08-11 17:18:28','2011-08-11 17:18:28'),
(44316,88,65,'2011-08-11 17:18:28','2011-08-11 17:18:28'),
(44317,88,123,'2011-08-11 17:18:28','2011-08-11 17:18:28'),
(44318,88,135,'2011-08-11 17:18:28','2011-08-11 17:18:28'),
(44319,88,153,'2011-08-11 17:18:28','2011-08-11 17:18:28'),
(44320,88,184,'2011-08-11 17:18:28','2011-08-11 17:18:28'),
(44321,88,189,'2011-08-11 17:18:28','2011-08-11 17:18:28'),
(44322,88,214,'2011-08-11 17:18:28','2011-08-11 17:18:28'),
(44323,88,230,'2011-08-11 17:18:28','2011-08-11 17:18:28'),
(44324,88,539,'2011-08-11 17:18:28','2011-08-11 17:18:28'),
(44325,88,546,'2011-08-11 17:18:28','2011-08-11 17:18:28'),
(44326,114,437,'2011-08-11 17:18:28','2011-08-11 17:18:28'),
(44327,114,435,'2011-08-11 17:18:28','2011-08-11 17:18:28'),
(44328,114,192,'2011-08-11 17:18:28','2011-08-11 17:18:28'),
(44329,114,187,'2011-08-11 17:18:28','2011-08-11 17:18:28'),
(44330,114,184,'2011-08-11 17:18:28','2011-08-11 17:18:28'),
(44331,114,411,'2011-08-11 17:18:28','2011-08-11 17:18:28'),
(44332,114,412,'2011-08-11 17:18:28','2011-08-11 17:18:28'),
(44333,114,173,'2011-08-11 17:18:28','2011-08-11 17:18:28'),
(44334,114,198,'2011-08-11 17:18:28','2011-08-11 17:18:28'),
(44335,114,180,'2011-08-11 17:18:28','2011-08-11 17:18:28'),
(44336,114,436,'2011-08-11 17:18:28','2011-08-11 17:18:28'),
(44337,114,438,'2011-08-11 17:18:28','2011-08-11 17:18:28'),
(44338,114,546,'2011-08-11 17:18:28','2011-08-11 17:18:28'),
(44349,23,548,'2011-08-11 17:18:28','2011-08-11 17:18:28'),
(44350,23,549,'2011-08-11 17:18:28','2011-08-11 17:18:28'),
(44351,23,550,'2011-08-11 17:18:28','2011-08-11 17:18:28'),
(44355,25,553,'2011-08-11 17:18:28','2011-08-11 17:18:28'),
(44359,24,552,'2011-08-11 17:18:28','2011-08-11 17:18:28'),
(44360,24,551,'2011-08-11 17:18:28','2011-08-11 17:18:28'),
(44361,24,554,'2011-08-11 17:18:28','2011-08-11 17:18:28'),
(44362,24,555,'2011-08-11 17:18:28','2011-08-11 17:18:28'),
(44371,22,547,'2011-08-11 17:18:28','2011-08-11 17:18:28'),
(44372,22,545,'2011-08-11 17:18:28','2011-08-11 17:18:28'),
(44373,22,539,'2011-08-11 17:18:28','2011-08-11 17:18:28'),
(44374,22,537,'2011-08-11 17:18:28','2011-08-11 17:18:28'),
(44375,22,538,'2011-08-11 17:18:28','2011-08-11 17:18:28'),
(44376,22,540,'2011-08-11 17:18:28','2011-08-11 17:18:28'),
(44377,22,546,'2011-08-11 17:18:28','2011-08-11 17:18:28'),
(44378,22,556,'2011-08-11 17:18:28','2011-08-11 17:18:28'),
(44379,22,557,'2011-08-11 17:18:28','2011-08-11 17:18:28'),
(45447,29,560,'2011-08-11 17:18:28','2011-08-11 17:18:28'),
(45448,29,558,'2011-08-11 17:18:28','2011-08-11 17:18:28'),
(45449,29,559,'2011-08-11 17:18:28','2011-08-11 17:18:28'),
(45450,29,561,'2011-08-11 17:18:28','2011-08-11 17:18:28'),
(45451,29,562,'2011-08-11 17:18:28','2011-08-11 17:18:28'),
(82375,5,159,'2011-08-11 17:18:30','2011-08-11 17:18:30'),
(82374,5,161,'2011-08-11 17:18:30','2011-08-11 17:18:30'),
(82373,5,185,'2011-08-11 17:18:30','2011-08-11 17:18:30'),
(82372,5,192,'2011-08-11 17:18:30','2011-08-11 17:18:30'),
(82371,5,194,'2011-08-11 17:18:30','2011-08-11 17:18:30'),
(82370,5,199,'2011-08-11 17:18:30','2011-08-11 17:18:30'),
(82369,5,216,'2011-08-11 17:18:30','2011-08-11 17:18:30'),
(82368,5,220,'2011-08-11 17:18:30','2011-08-11 17:18:30'),
(82367,5,222,'2011-08-11 17:18:30','2011-08-11 17:18:30'),
(82366,5,224,'2011-08-11 17:18:30','2011-08-11 17:18:30'),
(82365,5,226,'2011-08-11 17:18:30','2011-08-11 17:18:30'),
(82364,5,240,'2011-08-11 17:18:30','2011-08-11 17:18:30'),
(82363,5,242,'2011-08-11 17:18:30','2011-08-11 17:18:30'),
(82362,5,244,'2011-08-11 17:18:30','2011-08-11 17:18:30'),
(82361,5,246,'2011-08-11 17:18:30','2011-08-11 17:18:30'),
(82360,5,248,'2011-08-11 17:18:30','2011-08-11 17:18:30'),
(82359,5,446,'2011-08-11 17:18:30','2011-08-11 17:18:30'),
(82358,5,448,'2011-08-11 17:18:30','2011-08-11 17:18:30'),
(82357,5,450,'2011-08-11 17:18:30','2011-08-11 17:18:30'),
(82356,5,457,'2011-08-11 17:18:30','2011-08-11 17:18:30'),
(82355,5,464,'2011-08-11 17:18:30','2011-08-11 17:18:30'),
(82354,5,558,'2011-08-11 17:18:30','2011-08-11 17:18:30'),
(82353,5,560,'2011-08-11 17:18:30','2011-08-11 17:18:30'),
(82352,5,457,'2011-08-11 17:18:30','2011-08-11 17:18:30'),
(82351,5,450,'2011-08-11 17:18:30','2011-08-11 17:18:30'),
(82350,5,448,'2011-08-11 17:18:30','2011-08-11 17:18:30'),
(82349,5,446,'2011-08-11 17:18:30','2011-08-11 17:18:30'),
(82348,5,248,'2011-08-11 17:18:30','2011-08-11 17:18:30'),
(82347,5,246,'2011-08-11 17:18:30','2011-08-11 17:18:30'),
(82346,5,244,'2011-08-11 17:18:30','2011-08-11 17:18:30'),
(82345,5,242,'2011-08-11 17:18:30','2011-08-11 17:18:30'),
(82344,5,240,'2011-08-11 17:18:30','2011-08-11 17:18:30'),
(82343,5,226,'2011-08-11 17:18:30','2011-08-11 17:18:30'),
(82342,5,224,'2011-08-11 17:18:30','2011-08-11 17:18:30'),
(82341,5,222,'2011-08-11 17:18:30','2011-08-11 17:18:30'),
(82340,5,220,'2011-08-11 17:18:30','2011-08-11 17:18:30'),
(82339,5,216,'2011-08-11 17:18:30','2011-08-11 17:18:30'),
(82338,5,199,'2011-08-11 17:18:30','2011-08-11 17:18:30'),
(82337,5,194,'2011-08-11 17:18:30','2011-08-11 17:18:30'),
(82336,5,192,'2011-08-11 17:18:30','2011-08-11 17:18:30'),
(82335,5,185,'2011-08-11 17:18:30','2011-08-11 17:18:30'),
(82334,5,161,'2011-08-11 17:18:30','2011-08-11 17:18:30'),
(82333,5,159,'2011-08-11 17:18:30','2011-08-11 17:18:30'),
(82332,5,157,'2011-08-11 17:18:30','2011-08-11 17:18:30'),
(82331,5,144,'2011-08-11 17:18:30','2011-08-11 17:18:30'),
(82330,5,142,'2011-08-11 17:18:30','2011-08-11 17:18:30'),
(82329,5,140,'2011-08-11 17:18:30','2011-08-11 17:18:30'),
(82328,5,138,'2011-08-11 17:18:30','2011-08-11 17:18:30'),
(82327,5,136,'2011-08-11 17:18:30','2011-08-11 17:18:30'),
(82326,5,134,'2011-08-11 17:18:30','2011-08-11 17:18:30'),
(82325,5,132,'2011-08-11 17:18:30','2011-08-11 17:18:30'),
(82324,5,130,'2011-08-11 17:18:30','2011-08-11 17:18:30'),
(82323,5,128,'2011-08-11 17:18:30','2011-08-11 17:18:30'),
(82322,5,126,'2011-08-11 17:18:30','2011-08-11 17:18:30'),
(82321,5,124,'2011-08-11 17:18:30','2011-08-11 17:18:30'),
(82320,5,122,'2011-08-11 17:18:30','2011-08-11 17:18:30'),
(82319,5,120,'2011-08-11 17:18:30','2011-08-11 17:18:30'),
(82318,5,118,'2011-08-11 17:18:30','2011-08-11 17:18:30'),
(82317,5,116,'2011-08-11 17:18:30','2011-08-11 17:18:30'),
(82316,5,114,'2011-08-11 17:18:30','2011-08-11 17:18:30'),
(82315,5,112,'2011-08-11 17:18:30','2011-08-11 17:18:30'),
(82314,5,108,'2011-08-11 17:18:30','2011-08-11 17:18:30'),
(82313,5,102,'2011-08-11 17:18:30','2011-08-11 17:18:30'),
(82312,5,100,'2011-08-11 17:18:30','2011-08-11 17:18:30'),
(82311,5,98,'2011-08-11 17:18:30','2011-08-11 17:18:30'),
(82310,5,96,'2011-08-11 17:18:30','2011-08-11 17:18:30'),
(82309,5,94,'2011-08-11 17:18:30','2011-08-11 17:18:30'),
(82308,5,92,'2011-08-11 17:18:30','2011-08-11 17:18:30'),
(82307,5,90,'2011-08-11 17:18:30','2011-08-11 17:18:30'),
(82306,5,88,'2011-08-11 17:18:30','2011-08-11 17:18:30'),
(82305,5,86,'2011-08-11 17:18:30','2011-08-11 17:18:30'),
(82304,5,84,'2011-08-11 17:18:30','2011-08-11 17:18:30'),
(82303,5,79,'2011-08-11 17:18:30','2011-08-11 17:18:30'),
(82302,5,73,'2011-08-11 17:18:30','2011-08-11 17:18:30'),
(82301,5,71,'2011-08-11 17:18:30','2011-08-11 17:18:30'),
(82300,5,69,'2011-08-11 17:18:30','2011-08-11 17:18:30'),
(82299,5,67,'2011-08-11 17:18:30','2011-08-11 17:18:30'),
(82298,5,63,'2011-08-11 17:18:30','2011-08-11 17:18:30'),
(82297,5,58,'2011-08-11 17:18:30','2011-08-11 17:18:30'),
(82296,5,56,'2011-08-11 17:18:30','2011-08-11 17:18:30'),
(82295,5,52,'2011-08-11 17:18:30','2011-08-11 17:18:30'),
(82294,5,49,'2011-08-11 17:18:30','2011-08-11 17:18:30'),
(82293,5,40,'2011-08-11 17:18:30','2011-08-11 17:18:30'),
(82292,5,34,'2011-08-11 17:18:30','2011-08-11 17:18:30'),
(82291,5,32,'2011-08-11 17:18:30','2011-08-11 17:18:30'),
(82290,5,30,'2011-08-11 17:18:30','2011-08-11 17:18:30'),
(82289,5,28,'2011-08-11 17:18:30','2011-08-11 17:18:30'),
(82288,5,26,'2011-08-11 17:18:30','2011-08-11 17:18:30'),
(82287,5,24,'2011-08-11 17:18:30','2011-08-11 17:18:30'),
(82286,5,22,'2011-08-11 17:18:30','2011-08-11 17:18:30'),
(82285,5,20,'2011-08-11 17:18:30','2011-08-11 17:18:30'),
(82284,5,18,'2011-08-11 17:18:30','2011-08-11 17:18:30'),
(82283,5,16,'2011-08-11 17:18:30','2011-08-11 17:18:30'),
(82282,5,14,'2011-08-11 17:18:30','2011-08-11 17:18:30'),
(82281,5,12,'2011-08-11 17:18:30','2011-08-11 17:18:30'),
(82280,5,9,'2011-08-11 17:18:30','2011-08-11 17:18:30'),
(82279,5,1,'2011-08-11 17:18:30','2011-08-11 17:18:30'),
(82278,5,5,'2011-08-11 17:18:30','2011-08-11 17:18:30'),
(82277,5,11,'2011-08-11 17:18:30','2011-08-11 17:18:30'),
(82276,5,13,'2011-08-11 17:18:30','2011-08-11 17:18:30'),
(82275,5,15,'2011-08-11 17:18:30','2011-08-11 17:18:30'),
(82274,5,17,'2011-08-11 17:18:30','2011-08-11 17:18:30'),
(82273,5,19,'2011-08-11 17:18:30','2011-08-11 17:18:30'),
(82272,5,21,'2011-08-11 17:18:30','2011-08-11 17:18:30'),
(82271,5,23,'2011-08-11 17:18:30','2011-08-11 17:18:30'),
(82270,5,25,'2011-08-11 17:18:30','2011-08-11 17:18:30'),
(82269,5,27,'2011-08-11 17:18:30','2011-08-11 17:18:30'),
(82268,5,29,'2011-08-11 17:18:30','2011-08-11 17:18:30'),
(82267,5,31,'2011-08-11 17:18:30','2011-08-11 17:18:30'),
(82266,5,33,'2011-08-11 17:18:30','2011-08-11 17:18:30'),
(82265,5,37,'2011-08-11 17:18:30','2011-08-11 17:18:30'),
(82264,5,48,'2011-08-11 17:18:30','2011-08-11 17:18:30'),
(82263,5,51,'2011-08-11 17:18:30','2011-08-11 17:18:30'),
(82262,5,53,'2011-08-11 17:18:30','2011-08-11 17:18:30'),
(82261,5,57,'2011-08-11 17:18:30','2011-08-11 17:18:30'),
(82260,5,61,'2011-08-11 17:18:30','2011-08-11 17:18:30'),
(82259,5,66,'2011-08-11 17:18:30','2011-08-11 17:18:30'),
(82258,5,68,'2011-08-11 17:18:30','2011-08-11 17:18:30'),
(82257,5,70,'2011-08-11 17:18:30','2011-08-11 17:18:30'),
(82256,5,72,'2011-08-11 17:18:30','2011-08-11 17:18:30'),
(82255,5,76,'2011-08-11 17:18:30','2011-08-11 17:18:30'),
(82254,5,80,'2011-08-11 17:18:30','2011-08-11 17:18:30'),
(82253,5,85,'2011-08-11 17:18:30','2011-08-11 17:18:30'),
(82252,5,87,'2011-08-11 17:18:30','2011-08-11 17:18:30'),
(82251,5,89,'2011-08-11 17:18:30','2011-08-11 17:18:30'),
(82250,5,91,'2011-08-11 17:18:30','2011-08-11 17:18:30'),
(82249,5,93,'2011-08-11 17:18:30','2011-08-11 17:18:30'),
(82248,5,95,'2011-08-11 17:18:30','2011-08-11 17:18:30'),
(82247,5,97,'2011-08-11 17:18:30','2011-08-11 17:18:30'),
(82246,5,99,'2011-08-11 17:18:30','2011-08-11 17:18:30'),
(82245,5,101,'2011-08-11 17:18:30','2011-08-11 17:18:30'),
(82244,5,106,'2011-08-11 17:18:30','2011-08-11 17:18:30'),
(82243,5,111,'2011-08-11 17:18:30','2011-08-11 17:18:30'),
(82242,5,113,'2011-08-11 17:18:30','2011-08-11 17:18:30'),
(82241,5,115,'2011-08-11 17:18:30','2011-08-11 17:18:30'),
(82240,5,117,'2011-08-11 17:18:30','2011-08-11 17:18:30'),
(82239,5,119,'2011-08-11 17:18:30','2011-08-11 17:18:30'),
(82238,5,121,'2011-08-11 17:18:30','2011-08-11 17:18:30'),
(82237,5,123,'2011-08-11 17:18:30','2011-08-11 17:18:30'),
(82236,5,125,'2011-08-11 17:18:30','2011-08-11 17:18:30'),
(82235,5,127,'2011-08-11 17:18:30','2011-08-11 17:18:30'),
(82234,5,129,'2011-08-11 17:18:30','2011-08-11 17:18:30'),
(82233,5,131,'2011-08-11 17:18:30','2011-08-11 17:18:30'),
(82232,5,133,'2011-08-11 17:18:30','2011-08-11 17:18:30'),
(82231,5,135,'2011-08-11 17:18:30','2011-08-11 17:18:30'),
(82230,5,137,'2011-08-11 17:18:30','2011-08-11 17:18:30'),
(82229,5,139,'2011-08-11 17:18:30','2011-08-11 17:18:30'),
(82228,5,141,'2011-08-11 17:18:30','2011-08-11 17:18:30'),
(82227,5,143,'2011-08-11 17:18:30','2011-08-11 17:18:30'),
(82226,5,148,'2011-08-11 17:18:30','2011-08-11 17:18:30'),
(82225,5,158,'2011-08-11 17:18:30','2011-08-11 17:18:30'),
(82224,5,160,'2011-08-11 17:18:30','2011-08-11 17:18:30'),
(82223,5,184,'2011-08-11 17:18:30','2011-08-11 17:18:30'),
(82222,5,191,'2011-08-11 17:18:30','2011-08-11 17:18:30'),
(82221,5,193,'2011-08-11 17:18:30','2011-08-11 17:18:30'),
(81803,118,427,'2011-08-11 17:18:28','2011-08-11 17:18:28'),
(82016,4,381,'2011-08-11 17:18:29','2011-08-11 17:18:29'),
(80197,117,330,'2011-08-11 17:18:24','2011-08-11 17:18:24'),
(81938,6,239,'2011-08-11 17:18:29','2011-08-11 17:18:29'),
(45647,127,566,'2011-08-11 17:17:14','2011-08-11 17:17:14'),
(45652,66,9,'2011-08-11 17:17:15','2011-08-11 17:17:15'),
(45656,66,568,'2011-08-11 17:17:15','2011-08-11 17:17:15'),
(82015,4,383,'2011-08-11 17:18:29','2011-08-11 17:18:29'),
(82014,4,385,'2011-08-11 17:18:29','2011-08-11 17:18:29'),
(82013,4,387,'2011-08-11 17:18:29','2011-08-11 17:18:29'),
(80196,117,332,'2011-08-11 17:18:24','2011-08-11 17:18:24'),
(82012,4,389,'2011-08-11 17:18:29','2011-08-11 17:18:29'),
(80195,117,334,'2011-08-11 17:18:24','2011-08-11 17:18:24'),
(82011,4,391,'2011-08-11 17:18:29','2011-08-11 17:18:29'),
(80194,117,336,'2011-08-11 17:18:24','2011-08-11 17:18:24'),
(73918,7,84,'2011-08-11 17:18:11','2011-08-11 17:18:11'),
(80193,117,338,'2011-08-11 17:18:24','2011-08-11 17:18:24'),
(73917,7,86,'2011-08-11 17:18:11','2011-08-11 17:18:11'),
(80192,117,340,'2011-08-11 17:18:24','2011-08-11 17:18:24'),
(82010,4,392,'2011-08-11 17:18:29','2011-08-11 17:18:29'),
(73916,7,90,'2011-08-11 17:18:11','2011-08-11 17:18:11'),
(80191,117,342,'2011-08-11 17:18:24','2011-08-11 17:18:24'),
(49560,129,571,'2011-08-11 17:17:24','2011-08-11 17:17:24'),
(80190,117,344,'2011-08-11 17:18:24','2011-08-11 17:18:24'),
(82009,4,163,'2011-08-11 17:18:29','2011-08-11 17:18:29'),
(49561,129,572,'2011-08-11 17:17:24','2011-08-11 17:17:24'),
(81802,118,429,'2011-08-11 17:18:28','2011-08-11 17:18:28'),
(81801,118,431,'2011-08-11 17:18:28','2011-08-11 17:18:28'),
(51187,131,577,'2011-08-11 17:17:29','2011-08-11 17:17:29'),
(81800,118,433,'2011-08-11 17:18:28','2011-08-11 17:18:28'),
(51186,131,575,'2011-08-11 17:17:29','2011-08-11 17:17:29'),
(81799,118,435,'2011-08-11 17:18:28','2011-08-11 17:18:28'),
(51039,130,576,'2011-08-11 17:17:28','2011-08-11 17:17:28'),
(51185,131,574,'2011-08-11 17:17:29','2011-08-11 17:17:29'),
(52370,132,582,'2011-08-11 17:17:31','2011-08-11 17:17:31'),
(82008,4,470,'2011-08-11 17:18:29','2011-08-11 17:18:29'),
(80189,117,346,'2011-08-11 17:18:24','2011-08-11 17:18:24'),
(81798,118,437,'2011-08-11 17:18:28','2011-08-11 17:18:28'),
(51040,130,577,'2011-08-11 17:17:28','2011-08-11 17:17:28'),
(51184,131,576,'2011-08-11 17:17:29','2011-08-11 17:17:29'),
(52369,132,576,'2011-08-11 17:17:31','2011-08-11 17:17:31'),
(81797,118,529,'2011-08-11 17:18:28','2011-08-11 17:18:28'),
(51188,131,578,'2011-08-11 17:17:29','2011-08-11 17:17:29'),
(81796,118,5,'2011-08-11 17:18:28','2011-08-11 17:18:28'),
(82007,4,472,'2011-08-11 17:18:29','2011-08-11 17:18:29'),
(80188,117,348,'2011-08-11 17:18:24','2011-08-11 17:18:24'),
(52374,133,582,'2011-08-11 17:17:31','2011-08-11 17:17:31'),
(52373,133,580,'2011-08-11 17:17:31','2011-08-11 17:17:31'),
(82006,4,11,'2011-08-11 17:18:29','2011-08-11 17:18:29'),
(80187,117,350,'2011-08-11 17:18:24','2011-08-11 17:18:24'),
(52368,132,577,'2011-08-11 17:17:31','2011-08-11 17:17:31'),
(52372,133,581,'2011-08-11 17:17:31','2011-08-11 17:17:31'),
(82005,4,476,'2011-08-11 17:18:29','2011-08-11 17:18:29'),
(80186,117,140,'2011-08-11 17:18:24','2011-08-11 17:18:24'),
(52371,132,583,'2011-08-11 17:17:31','2011-08-11 17:17:31'),
(52375,133,583,'2011-08-11 17:17:31','2011-08-11 17:17:31'),
(82004,4,478,'2011-08-11 17:18:29','2011-08-11 17:18:29'),
(80185,117,354,'2011-08-11 17:18:24','2011-08-11 17:18:24'),
(52724,135,584,'2011-08-11 17:17:32','2011-08-11 17:17:32'),
(82003,4,480,'2011-08-11 17:18:29','2011-08-11 17:18:29'),
(80184,117,17,'2011-08-11 17:18:24','2011-08-11 17:18:24'),
(82002,4,482,'2011-08-11 17:18:29','2011-08-11 17:18:29'),
(80183,117,358,'2011-08-11 17:18:24','2011-08-11 17:18:24'),
(54168,62,174,'2011-08-11 17:17:35','2011-08-11 17:17:35'),
(81795,118,563,'2011-08-11 17:18:28','2011-08-11 17:18:28'),
(80182,117,360,'2011-08-11 17:18:24','2011-08-11 17:18:24'),
(82001,4,484,'2011-08-11 17:18:29','2011-08-11 17:18:29'),
(73915,7,93,'2011-08-11 17:18:11','2011-08-11 17:18:11'),
(81744,11,161,'2011-08-11 17:18:28','2011-08-11 17:18:28'),
(54167,62,180,'2011-08-11 17:17:35','2011-08-11 17:17:35'),
(73914,7,132,'2011-08-11 17:18:11','2011-08-11 17:18:11'),
(81743,11,173,'2011-08-11 17:18:28','2011-08-11 17:18:28'),
(54166,62,587,'2011-08-11 17:17:35','2011-08-11 17:17:35'),
(73913,7,166,'2011-08-11 17:18:11','2011-08-11 17:18:11'),
(81742,11,184,'2011-08-11 17:18:28','2011-08-11 17:18:28'),
(54176,62,588,'2011-08-11 17:17:35','2011-08-11 17:17:35'),
(54455,137,589,'2011-08-11 17:17:36','2011-08-11 17:17:36'),
(81794,118,166,'2011-08-11 17:18:28','2011-08-11 17:18:28'),
(54916,107,420,'2011-08-11 17:17:38','2011-08-11 17:17:38'),
(54915,107,422,'2011-08-11 17:17:38','2011-08-11 17:17:38'),
(81793,118,575,'2011-08-11 17:18:28','2011-08-11 17:18:28'),
(54914,107,590,'2011-08-11 17:17:38','2011-08-11 17:17:38'),
(54913,107,592,'2011-08-11 17:17:38','2011-08-11 17:17:38'),
(81792,118,577,'2011-08-11 17:18:28','2011-08-11 17:18:28'),
(54923,107,594,'2011-08-11 17:17:38','2011-08-11 17:17:38'),
(81791,118,586,'2011-08-11 17:18:28','2011-08-11 17:18:28'),
(80181,117,362,'2011-08-11 17:18:24','2011-08-11 17:18:24'),
(80180,117,137,'2011-08-11 17:18:24','2011-08-11 17:18:24'),
(80179,117,366,'2011-08-11 17:18:24','2011-08-11 17:18:24'),
(80178,117,368,'2011-08-11 17:18:24','2011-08-11 17:18:24'),
(80177,117,370,'2011-08-11 17:18:24','2011-08-11 17:18:24'),
(80176,117,372,'2011-08-11 17:18:24','2011-08-11 17:18:24'),
(80175,117,374,'2011-08-11 17:18:24','2011-08-11 17:18:24'),
(80174,117,376,'2011-08-11 17:18:24','2011-08-11 17:18:24'),
(80173,117,378,'2011-08-11 17:18:24','2011-08-11 17:18:24'),
(80172,117,380,'2011-08-11 17:18:24','2011-08-11 17:18:24'),
(80171,117,382,'2011-08-11 17:18:24','2011-08-11 17:18:24'),
(80170,117,384,'2011-08-11 17:18:24','2011-08-11 17:18:24'),
(80169,117,149,'2011-08-11 17:18:24','2011-08-11 17:18:24'),
(80168,117,12,'2011-08-11 17:18:24','2011-08-11 17:18:24'),
(80167,117,390,'2011-08-11 17:18:24','2011-08-11 17:18:24'),
(80166,117,457,'2011-08-11 17:18:24','2011-08-11 17:18:24'),
(80165,117,190,'2011-08-11 17:18:24','2011-08-11 17:18:24'),
(80164,117,192,'2011-08-11 17:18:24','2011-08-11 17:18:24'),
(82220,5,197,'2011-08-11 17:18:30','2011-08-11 17:18:30'),
(59202,145,600,'2011-08-11 17:17:47','2011-08-11 17:17:47'),
(59203,146,600,'2011-08-11 17:17:47','2011-08-11 17:17:47'),
(59205,31,600,'2011-08-11 17:17:47','2011-08-11 17:17:47'),
(82219,5,200,'2011-08-11 17:18:30','2011-08-11 17:18:30'),
(73912,7,221,'2011-08-11 17:18:11','2011-08-11 17:18:11'),
(73911,7,223,'2011-08-11 17:18:11','2011-08-11 17:18:11'),
(82218,5,219,'2011-08-11 17:18:30','2011-08-11 17:18:30'),
(73910,7,225,'2011-08-11 17:18:11','2011-08-11 17:18:11'),
(60096,144,603,'2011-08-11 17:17:48','2011-08-11 17:17:48'),
(80163,117,570,'2011-08-11 17:18:24','2011-08-11 17:18:24'),
(60097,144,604,'2011-08-11 17:17:48','2011-08-11 17:17:48'),
(80162,117,571,'2011-08-11 17:18:24','2011-08-11 17:18:24'),
(82217,5,221,'2011-08-11 17:18:30','2011-08-11 17:18:30'),
(82216,5,223,'2011-08-11 17:18:30','2011-08-11 17:18:30'),
(73909,7,240,'2011-08-11 17:18:11','2011-08-11 17:18:11'),
(82215,5,225,'2011-08-11 17:18:30','2011-08-11 17:18:30'),
(73908,7,569,'2011-08-11 17:18:11','2011-08-11 17:18:11'),
(80161,117,576,'2011-08-11 17:18:24','2011-08-11 17:18:24'),
(82214,5,239,'2011-08-11 17:18:30','2011-08-11 17:18:30'),
(73907,7,137,'2011-08-11 17:18:11','2011-08-11 17:18:11'),
(82213,5,241,'2011-08-11 17:18:30','2011-08-11 17:18:30'),
(73906,7,585,'2011-08-11 17:18:11','2011-08-11 17:18:11'),
(80160,117,581,'2011-08-11 17:18:24','2011-08-11 17:18:24'),
(82212,5,243,'2011-08-11 17:18:30','2011-08-11 17:18:30'),
(73905,7,601,'2011-08-11 17:18:11','2011-08-11 17:18:11'),
(82211,5,245,'2011-08-11 17:18:30','2011-08-11 17:18:30'),
(73904,7,602,'2011-08-11 17:18:11','2011-08-11 17:18:11'),
(82210,5,247,'2011-08-11 17:18:30','2011-08-11 17:18:30'),
(73903,7,605,'2011-08-11 17:18:11','2011-08-11 17:18:11'),
(80159,117,583,'2011-08-11 17:18:24','2011-08-11 17:18:24'),
(82000,4,486,'2011-08-11 17:18:29','2011-08-11 17:18:29'),
(81999,4,488,'2011-08-11 17:18:29','2011-08-11 17:18:29'),
(63960,142,87,'2011-08-11 17:17:54','2011-08-11 17:17:54'),
(81937,6,248,'2011-08-11 17:18:29','2011-08-11 17:18:29'),
(81936,6,565,'2011-08-11 17:18:29','2011-08-11 17:18:29'),
(67235,153,612,'2011-08-11 17:18:00','2011-08-11 17:18:00'),
(80158,117,585,'2011-08-11 17:18:24','2011-08-11 17:18:24'),
(82209,5,445,'2011-08-11 17:18:30','2011-08-11 17:18:30'),
(67234,153,610,'2011-08-11 17:18:00','2011-08-11 17:18:00'),
(80157,117,595,'2011-08-11 17:18:24','2011-08-11 17:18:24'),
(82208,5,447,'2011-08-11 17:18:30','2011-08-11 17:18:30'),
(67233,153,611,'2011-08-11 17:18:00','2011-08-11 17:18:00'),
(80156,117,214,'2011-08-11 17:18:24','2011-08-11 17:18:24'),
(82207,5,449,'2011-08-11 17:18:30','2011-08-11 17:18:30'),
(81741,11,189,'2011-08-11 17:18:28','2011-08-11 17:18:28'),
(80155,117,597,'2011-08-11 17:18:24','2011-08-11 17:18:24'),
(82206,5,451,'2011-08-11 17:18:30','2011-08-11 17:18:30'),
(81740,11,219,'2011-08-11 17:18:28','2011-08-11 17:18:28'),
(80154,117,586,'2011-08-11 17:18:24','2011-08-11 17:18:24'),
(82205,5,601,'2011-08-11 17:18:30','2011-08-11 17:18:30'),
(81739,11,244,'2011-08-11 17:18:28','2011-08-11 17:18:28'),
(80153,117,599,'2011-08-11 17:18:24','2011-08-11 17:18:24'),
(82204,5,570,'2011-08-11 17:18:30','2011-08-11 17:18:30'),
(67236,153,616,'2011-08-11 17:18:00','2011-08-11 17:18:00'),
(80152,117,548,'2011-08-11 17:18:24','2011-08-11 17:18:24'),
(82203,5,605,'2011-08-11 17:18:30','2011-08-11 17:18:30'),
(81738,11,248,'2011-08-11 17:18:28','2011-08-11 17:18:28'),
(80151,117,549,'2011-08-11 17:18:24','2011-08-11 17:18:24'),
(82202,5,606,'2011-08-11 17:18:30','2011-08-11 17:18:30'),
(68361,154,625,'2011-08-11 17:18:01','2011-08-11 17:18:01'),
(68360,154,623,'2011-08-11 17:18:01','2011-08-11 17:18:01'),
(68359,154,621,'2011-08-11 17:18:01','2011-08-11 17:18:01'),
(68358,154,619,'2011-08-11 17:18:01','2011-08-11 17:18:01'),
(68357,154,618,'2011-08-11 17:18:01','2011-08-11 17:18:01'),
(68356,154,620,'2011-08-11 17:18:01','2011-08-11 17:18:01'),
(68355,154,622,'2011-08-11 17:18:01','2011-08-11 17:18:01'),
(68354,154,624,'2011-08-11 17:18:01','2011-08-11 17:18:01'),
(68362,154,626,'2011-08-11 17:18:01','2011-08-11 17:18:01'),
(68761,149,628,'2011-08-11 17:18:02','2011-08-11 17:18:02'),
(68760,149,152,'2011-08-11 17:18:02','2011-08-11 17:18:02'),
(81998,4,490,'2011-08-11 17:18:29','2011-08-11 17:18:29'),
(80150,117,551,'2011-08-11 17:18:24','2011-08-11 17:18:24'),
(68759,149,150,'2011-08-11 17:18:02','2011-08-11 17:18:02'),
(68763,139,628,'2011-08-11 17:18:02','2011-08-11 17:18:02'),
(68762,149,629,'2011-08-11 17:18:02','2011-08-11 17:18:02'),
(68764,139,629,'2011-08-11 17:18:02','2011-08-11 17:18:02'),
(68765,140,630,'2011-08-11 17:18:02','2011-08-11 17:18:02'),
(68767,155,631,'2011-08-11 17:18:03','2011-08-11 17:18:03'),
(68768,155,632,'2011-08-11 17:18:03','2011-08-11 17:18:03'),
(80149,117,601,'2011-08-11 17:18:24','2011-08-11 17:18:24'),
(74825,156,222,'2011-08-11 17:18:13','2011-08-11 17:18:13'),
(81997,4,459,'2011-08-11 17:18:29','2011-08-11 17:18:29'),
(80148,117,602,'2011-08-11 17:18:24','2011-08-11 17:18:24'),
(74824,156,636,'2011-08-11 17:18:13','2011-08-11 17:18:13'),
(81996,4,564,'2011-08-11 17:18:29','2011-08-11 17:18:29'),
(80147,117,603,'2011-08-11 17:18:24','2011-08-11 17:18:24'),
(74823,156,634,'2011-08-11 17:18:13','2011-08-11 17:18:13'),
(81995,4,458,'2011-08-11 17:18:29','2011-08-11 17:18:29'),
(80146,117,605,'2011-08-11 17:18:24','2011-08-11 17:18:24'),
(82201,5,596,'2011-08-11 17:18:30','2011-08-11 17:18:30'),
(73902,7,606,'2011-08-11 17:18:11','2011-08-11 17:18:11'),
(81737,11,453,'2011-08-11 17:18:28','2011-08-11 17:18:28'),
(81994,4,184,'2011-08-11 17:18:29','2011-08-11 17:18:29'),
(80145,117,607,'2011-08-11 17:18:24','2011-08-11 17:18:24'),
(82200,5,610,'2011-08-11 17:18:30','2011-08-11 17:18:30'),
(73901,7,596,'2011-08-11 17:18:11','2011-08-11 17:18:11'),
(81736,11,458,'2011-08-11 17:18:28','2011-08-11 17:18:28'),
(81993,4,570,'2011-08-11 17:18:29','2011-08-11 17:18:29'),
(80144,117,611,'2011-08-11 17:18:24','2011-08-11 17:18:24'),
(82199,5,612,'2011-08-11 17:18:30','2011-08-11 17:18:30'),
(73900,7,637,'2011-08-11 17:18:11','2011-08-11 17:18:11'),
(81735,11,585,'2011-08-11 17:18:28','2011-08-11 17:18:28'),
(81992,4,571,'2011-08-11 17:18:29','2011-08-11 17:18:29'),
(80143,117,613,'2011-08-11 17:18:24','2011-08-11 17:18:24'),
(82198,5,614,'2011-08-11 17:18:30','2011-08-11 17:18:30'),
(73899,7,639,'2011-08-11 17:18:11','2011-08-11 17:18:11'),
(81734,11,613,'2011-08-11 17:18:28','2011-08-11 17:18:28'),
(81991,4,579,'2011-08-11 17:18:29','2011-08-11 17:18:29'),
(80142,117,615,'2011-08-11 17:18:24','2011-08-11 17:18:24'),
(81790,118,591,'2011-08-11 17:18:28','2011-08-11 17:18:28'),
(82197,5,616,'2011-08-11 17:18:30','2011-08-11 17:18:30'),
(73943,7,641,'2011-08-11 17:18:11','2011-08-11 17:18:11'),
(81733,11,615,'2011-08-11 17:18:28','2011-08-11 17:18:28'),
(81990,4,582,'2011-08-11 17:18:29','2011-08-11 17:18:29'),
(80141,117,617,'2011-08-11 17:18:24','2011-08-11 17:18:24'),
(74822,156,635,'2011-08-11 17:18:13','2011-08-11 17:18:13'),
(81989,4,584,'2011-08-11 17:18:29','2011-08-11 17:18:29'),
(80140,117,633,'2011-08-11 17:18:24','2011-08-11 17:18:24'),
(74821,156,642,'2011-08-11 17:18:13','2011-08-11 17:18:13'),
(74826,156,224,'2011-08-11 17:18:13','2011-08-11 17:18:13'),
(80359,157,222,'2011-08-11 17:18:24','2011-08-11 17:18:24'),
(81988,4,586,'2011-08-11 17:18:29','2011-08-11 17:18:29'),
(80139,117,635,'2011-08-11 17:18:24','2011-08-11 17:18:24'),
(80358,157,649,'2011-08-11 17:18:24','2011-08-11 17:18:24'),
(81987,4,601,'2011-08-11 17:18:29','2011-08-11 17:18:29'),
(80138,117,637,'2011-08-11 17:18:24','2011-08-11 17:18:24'),
(80357,157,644,'2011-08-11 17:18:24','2011-08-11 17:18:24'),
(81986,4,634,'2011-08-11 17:18:29','2011-08-11 17:18:29'),
(80137,117,639,'2011-08-11 17:18:24','2011-08-11 17:18:24'),
(82196,5,637,'2011-08-11 17:18:30','2011-08-11 17:18:30'),
(81732,11,637,'2011-08-11 17:18:28','2011-08-11 17:18:28'),
(81985,4,636,'2011-08-11 17:18:29','2011-08-11 17:18:29'),
(80136,117,641,'2011-08-11 17:18:24','2011-08-11 17:18:24'),
(82195,5,639,'2011-08-11 17:18:30','2011-08-11 17:18:30'),
(81731,11,639,'2011-08-11 17:18:28','2011-08-11 17:18:28'),
(81984,4,638,'2011-08-11 17:18:29','2011-08-11 17:18:29'),
(80135,117,643,'2011-08-11 17:18:24','2011-08-11 17:18:24'),
(82194,5,641,'2011-08-11 17:18:30','2011-08-11 17:18:30'),
(81730,11,641,'2011-08-11 17:18:28','2011-08-11 17:18:28'),
(81983,4,640,'2011-08-11 17:18:29','2011-08-11 17:18:29'),
(80134,117,645,'2011-08-11 17:18:24','2011-08-11 17:18:24'),
(80356,157,643,'2011-08-11 17:18:24','2011-08-11 17:18:24'),
(82193,5,647,'2011-08-11 17:18:30','2011-08-11 17:18:30'),
(81729,11,647,'2011-08-11 17:18:28','2011-08-11 17:18:28'),
(81982,4,642,'2011-08-11 17:18:29','2011-08-11 17:18:29'),
(80133,117,647,'2011-08-11 17:18:24','2011-08-11 17:18:24'),
(81789,118,594,'2011-08-11 17:18:28','2011-08-11 17:18:28'),
(81728,11,650,'2011-08-11 17:18:28','2011-08-11 17:18:28'),
(81981,4,644,'2011-08-11 17:18:29','2011-08-11 17:18:29'),
(80132,117,650,'2011-08-11 17:18:24','2011-08-11 17:18:24'),
(80355,157,645,'2011-08-11 17:18:24','2011-08-11 17:18:24'),
(81980,4,646,'2011-08-11 17:18:29','2011-08-11 17:18:29'),
(80347,117,652,'2011-08-11 17:18:24','2011-08-11 17:18:24'),
(80354,157,652,'2011-08-11 17:18:24','2011-08-11 17:18:24'),
(80360,157,224,'2011-08-11 17:18:24','2011-08-11 17:18:24'),
(81979,4,648,'2011-08-11 17:18:29','2011-08-11 17:18:29'),
(81978,4,651,'2011-08-11 17:18:29','2011-08-11 17:18:29'),
(81977,4,653,'2011-08-11 17:18:29','2011-08-11 17:18:29'),
(81976,4,655,'2011-08-11 17:18:29','2011-08-11 17:18:29'),
(81935,6,609,'2011-08-11 17:18:29','2011-08-11 17:18:29'),
(82192,5,650,'2011-08-11 17:18:30','2011-08-11 17:18:30'),
(81788,118,650,'2011-08-11 17:18:28','2011-08-11 17:18:28'),
(81787,11,457,'2011-08-11 17:18:28','2011-08-11 17:18:28'),
(81934,118,457,'2011-08-11 17:18:28','2011-08-11 17:18:28'),
(81975,6,658,'2011-08-11 17:18:29','2011-08-11 17:18:29'),
(82190,4,659,'2011-08-11 17:18:30','2011-08-11 17:18:30'),
(82191,158,660,'2011-08-11 17:18:30','2011-08-11 17:18:30'),
(82523,5,660,'2011-08-11 17:18:30','2011-08-11 17:18:30'),
(86141,117,665,'16/08/2011 17:55:42','16/08/2011 17:55:42'), 
(86140,117,663,'16/08/2011 17:55:42','16/08/2011 17:55:42'), 
(86139,117,664,'16/08/2011 17:55:42','16/08/2011 17:55:42'), 
(85701,11,664,'16/08/2011 17:55:41','16/08/2011 17:55:41'), 
(85637,5,664,'16/08/2011 17:55:41','16/08/2011 17:55:41'), 
(85919,4,664,'16/08/2011 17:55:41','16/08/2011 17:55:41'), 
(85638,5,665,'16/08/2011 17:55:41','16/08/2011 17:55:41'), 
(85702,11,665,'16/08/2011 17:55:41','16/08/2011 17:55:41'), 
(85921,4,665,'16/08/2011 17:55:41','16/08/2011 17:55:41'), 
(85639,11,663,'16/08/2011 17:55:41','16/08/2011 17:55:41'), 
(85920,4,663,'16/08/2011 17:55:41','16/08/2011 17:55:41'), 
(85636,5,662,'16/08/2011 17:55:41','16/08/2011 17:55:41'), 
(85922,117,662,'16/08/2011 17:55:41','16/08/2011 17:55:41'), 
(85703,4,662,'16/08/2011 17:55:41','16/08/2011 17:55:41'), 
(85700,11,662,'16/08/2011 17:55:41','16/08/2011 17:55:41'), 
(85303,5,663,'16/08/2011 17:55:40','16/08/2011 17:55:40'), 
(83888,7,662,'16/08/2011 17:55:21','16/08/2011 17:55:21'), 
(83934,7,664,'16/08/2011 17:55:21','16/08/2011 17:55:21'), 
(83933,7,663,'16/08/2011 17:55:21','16/08/2011 17:55:21'), 
(82671,118,661,'16/08/2011 17:54:52','16/08/2011 17:54:52'),
(83935,117,472,'16/08/2011 17:54:52','16/08/2011 17:54:52'),
(83936,4,472,'16/08/2011 17:54:52','16/08/2011 17:54:52'),
(83937,4,473,'16/08/2011 17:54:52','16/08/2011 17:54:52'),
(83938,117,473,'16/08/2011 17:54:52','16/08/2011 17:54:52'),
(83939,117,474,'16/08/2011 17:54:52','16/08/2011 17:54:52');




insert into `storage_profile`(`id`,`created_at`,`updated_at`,`partner_id`,`name`,`system_name`,`desciption`,`status`,`protocol`,`storage_url`,`storage_base_dir`,`storage_username`,`storage_password`,`storage_ftp_passive_mode`,`delivery_http_base_url`,`delivery_rmp_base_url`,`delivery_iis_base_url`,`min_file_size`,`max_file_size`,`flavor_params_ids`,`max_concurrent_connections`,`custom_data`,`path_manager_class`,`url_manager_class`) values
(0,'2011-02-22 16:39:26','2011-02-22 16:39:26',0,'@DC_NAME@','','@DC_DESCRIPTION@',3,0,null,'@STORAGE_BASE_DIR@',null,null,null,'@DELIVERY_HTTP_BASE_URL@','@DELIVERY_RTMP_BASE_URL@','@DELIVERY_ISS_BASE_URL@',null,null,null,null,null,null,'');
UPDATE `storage_profile` SET id = 0;

insert into `ui_conf`(`id`,`obj_type`,`partner_id`,`subp_id`,`conf_file_path`,`name`,`width`,`height`,`html_params`,`swf_url`,`created_at`,`updated_at`,`conf_vars`,`use_cdn`,`tags`,`custom_data`,`status`,`description`,`display_in_search`,`creation_mode`,`version`,`html5_url`) values 
(380,2,0,0,'content/uiconf/kaltura/corp_new/kcw_2.6.4/kcw.xml','corp cw','680','480',null,'/flash/kcw/v1.6.5CE/ContributionWizard.swf','2008-06-10 15:30:00','2008-06-10 15:30:00',null,1,null,null,2,null,2,1,null,null),
(600,1,0,0,'content/uiconf/kaltura/drupal/kdp_drupal.xml','drupal kdp','','',null,'/flash/kdp/v1.2.3CE/kdp.swf','2008-06-10 15:30:00','2008-06-10 15:30:00','',1,null,null,2,null,2,1,null,null),
(601,2,0,0,'content/uiconf/kaltura/drupal/cw_drupal.xml','drupal cw','680','480',null,'/flash/kcw/v1.5.4CE/ContributionWizard.swf','2008-06-10 15:30:00','2008-06-10 15:30:00',null,1,null,null,2,null,2,1,null,null),
(602,2,0,0,'content/uiconf/kaltura/drupal/cw_drupal_in_se.xml','drupal cw','680','480',null,'/flash/kcw/v1.5.4CE/ContributionWizard.swf','2008-06-10 15:30:00','2008-06-10 15:30:00',null,1,null,null,2,null,2,1,null,null),
(603,3,0,0,'content/uiconf/kaltura/drupal/se_drupal.xml','drupal simple editor','890','546','','/flash/kse/v2.1.8/simpleeditor.swf','2008-05-19 15:30:00','2008-05-19 15:30:00',null,1,null,null,2,null,2,1,null,null),
(604,1,0,0,'content/uiconf/kaltura/drupal/kdp_1.1.11/kdp_drupal_v2.1_dark_remix.xml','drupal dark kdp (remix)','','',null,'/flash/kdp/v1.2.3CE/kdp.swf','2008-06-10 15:30:00','2008-06-10 15:30:00','',1,null,null,2,null,2,1,null,null),
(605,1,0,0,'content/uiconf/kaltura/drupal/kdp_1.1.11/kdp_drupal_v2.1_dark_view.xml','drupal dark kdp (view)','','',null,'/flash/kdp/v1.2.3CE/kdp.swf','2008-06-10 15:30:00','2008-06-10 15:30:00','',1,null,null,2,null,2,1,null,null),
(606,1,0,0,'content/uiconf/kaltura/drupal/kdp_1.1.11/kdp_drupal_v2.1_gray_remix.xml','drupal gray kdp (remix)','','',null,'/flash/kdp/v1.2.3CE/kdp.swf','2008-06-10 15:30:00','2008-06-10 15:30:00','',1,null,null,2,null,2,1,null,null),
(607,1,0,0,'content/uiconf/kaltura/drupal/kdp_1.1.11/kdp_drupal_v2.1_gray_view.xml','drupal gray kdp (view)','','',null,'/flash/kdp/v1.2.3CE/kdp.swf','2008-06-10 15:30:00','2008-06-10 15:30:00','',1,null,null,2,null,2,1,null,null),
(608,1,0,0,'content/uiconf/kaltura/drupal/kdp_1.1.11/kdp_drupal_v2.1_whiteblue_remix.xml','drupal white-blue kdp (remix)','','',null,'/flash/kdp/v1.2.3CE/kdp.swf','2008-06-10 15:30:00','2008-06-10 15:30:00','',1,null,null,2,null,2,1,null,null),
(609,1,0,0,'content/uiconf/kaltura/drupal/kdp_1.1.11/kdp_drupal_v2.1_whiteblue_view.xml','drupal white-blue kdp (view)','','',null,'/flash/kdp/v1.2.3CE/kdp.swf','2008-06-10 15:30:00','2008-06-10 15:30:00','',1,null,null,2,null,2,1,null,null),
(520,1,0,0,'content/uiconf/kaltura/wordpress/kdp_1.1.11/kdp_wordpress_v2.1_whiteblue.xml','wordpress v2.1','410','364',null,'/flash/kdp/v1.2.3CE/kdp.swf','2008-11-30 15:30:00','2008-11-30 15:30:00',null,1,null,null,2,null,2,1,null,null),
(521,1,0,0,'content/uiconf/kaltura/wordpress/kdp_1.1.11/kdp_wordpress_v2.1_dark.xml','wordpress v2.1','410','364',null,'/flash/kdp/v1.2.3CE/kdp.swf','2008-11-30 15:30:00','2008-11-30 15:30:00',null,1,null,null,2,null,2,1,null,null),
(522,1,0,0,'content/uiconf/kaltura/wordpress/kdp_1.1.11/kdp_wordpress_v2.1_gray.xml','wordpress v2.1','410','364',null,'/flash/kdp/v1.2.3CE/kdp.swf','2008-11-30 15:30:00','2008-11-30 15:30:00',null,1,null,null,2,null,2,1,null,null),
(523,1,0,0,'content//uiconf/kaltura/wordpress/kdp_1.1.11/kdp_wordpress_thumb_v2.1_gray.xml','wordpress v2.2 thumbnails','410','364',null,'/flash/kdp/v1.2.3CE/kdp.swf','2008-11-30 15:30:00','2008-11-30 15:30:00',null,1,null,null,2,null,2,1,null,null),
(501,2,0,0,'content/uiconf/kaltura/wordpress/cw_wordpress.xml','wordpress cw','680','480',null,'/flash/kcw/v1.5.4CE/ContributionWizard.swf','2008-05-19 15:30:00','2008-05-19 15:30:00',null,1,null,null,2,null,2,1,null,null),
(502,3,0,0,'content/uiconf/kaltura/wordpress/se_wordpress.xml','wordpress simple editor','890','546','','/flash/kse/v2.1.3CE/simpleeditor.swf','2008-05-19 15:30:00','2008-05-19 15:30:00',null,1,null,null,2,null,2,1,null,null),
(503,2,0,0,'content/uiconf/kaltura/wordpress/cw_wordpress_comments.xml','wordpress cw','680','480',null,'/flash/kcw/v1.5.4CE/ContributionWizard.swf','2008-05-19 15:30:00','2008-05-19 15:30:00',null,1,null,null,2,null,2,1,null,null),
(504,2,0,0,'content/uiconf/kaltura/wordpress/cw_wordpress_in_se.xml','wordpress cw','680','480',null,'/flash/kcw/v1.5.4CE/ContributionWizard.swf','2008-05-19 15:30:00','2008-05-19 15:30:00',null,1,null,null,2,null,2,1,null,null),
(200,1,0,0,'content/uiconf/kaltura/default_player/kdp_2.5.2/kdp_default_dark.xml','kdp 2.5 kaltura default dark','400','335',null,'/flash/kdp/v2.7.0/kdp.swf',null,null,null,1,null,null,2,null,2,1,null,null),
(199,1,0,0,'content/uiconf/kaltura/default_player/kdp_2.0.0/kdp_default_dark.xml','kdp kaltura default dark','400','332','','/flash/kdp/v2.0.12/kdp.swf','2009-03-30 06:32:42','2009-03-30 06:32:42',null,1,null,null,2,null,2,1,null,null),
(47400,4,0,0,'content/uiconf/kaltura/generic/kae_1.0.10/kae_generic_generic.xml','ae','750','640','','/flash/kae/v1.0.10.23657/KalturaAdvancedVideoEditor.swf','2009-03-30 06:48:07','2009-03-30 06:48:07',null,1,null,null,2,null,2,1,null,null),
(47401,4,0,0,'content/uiconf/kaltura/generic/kae_1.0.10/kae_generic_generic_no_thumbnail.xml','ae','750','640','','/flash/kae/v1.0.10CE/KalturaAdvancedVideoEditor.swf','2009-03-30 06:48:07','2009-03-30 06:48:07',null,1,null,null,2,null,2,1,null,null),
(610,2,0,0,'content/uiconf/kaltura/drupal/cw_drupal_comments.xml','drupal cw','680','480',null,'/flash/kcw/v1.5.4CE/ContributionWizard.swf',null,null,null,1,null,null,2,null,2,1,null,null),
(530,1,0,0,'content/uiconf/kaltura/wordpress/kdp_2.0.12/kdp_wordpress_v2_blue.xml','wordpress v2.3','410','364',null,'/flash/kdp/v2.0.12/kdp.swf','2009-05-17 15:30:00','2009-05-17 15:30:00',null,1,null,null,2,null,2,1,null,null),
(531,1,0,0,'content/uiconf/kaltura/wordpress/kdp_2.0.12/kdp_wordpress_v2_dark.xml','wordpress v2.3','410','364',null,'/flash/kdp/v2.0.12/kdp.swf','2009-05-17 15:30:00','2009-05-17 15:30:00',null,1,null,null,2,null,2,1,null,null),
(532,1,0,0,'content/uiconf/kaltura/wordpress/kdp_2.0.12/kdp_wordpress_v2_light.xml','wordpress v2.3','410','364',null,'/flash/kdp/v2.0.12/kdp.swf','2009-05-17 15:30:00','2009-05-17 15:30:00',null,1,null,null,2,null,2,1,null,null),
(48304,1,0,0,'content/uiconf/kaltura/kmc/embedplayers/playlist_vertical_white_400_600.xml','Vertical Light','400','600','','/flash/kdp/v2.7.0/kdp.swf','2009-07-15 18:43:43','2009-07-15 18:43:43',null,1,'playlist',null,2,null,2,1,null,null),
(48305,1,0,0,'content/uiconf/kaltura/kmc/embedplayers/playlist_vertical_dark_400_600.xml','Vertical Dark','400','600','','/flash/kdp/v2.7.0/kdp.swf','2009-07-15 18:44:09','2009-07-15 18:44:09',null,1,'playlist',null,2,null,2,1,null,null),
(48306,1,0,0,'content/uiconf/kaltura/kmc/embedplayers/playlist_horizontal_white_740_335.xml','Horizontal Light','740','335','','/flash/kdp/v2.7.0/kdp.swf','2009-07-15 18:44:37','2009-07-15 18:44:37',null,1,'playlist',null,2,null,2,1,null,null),
(48307,1,0,0,'content/uiconf/kaltura/kmc/embedplayers/playlist_horizontal_dark_740_335.xml','Horizontal Dark','740','335','','/flash/kdp/v2.7.0/kdp.swf','2009-07-15 18:44:46','2009-07-15 18:44:46',null,1,'playlist',null,2,null,2,1,null,null),
(48506,1,0,0,'content/uiconf/kaltura/kmc/content/kdp_kmc_content_moderation.xml','KDP For KMC Moderation','0','0','','/flash/kdp3/v3.1.6/kdp3.swf','0001-01-01 00:00:00','0001-01-01 00:00:00',null,1,null,null,2,null,2,1,null,null),
(31008,8,0,0,'content/uiconf/kaltura/kmc/appstudio/kdp3/player_30_ui.xml','Player template kdp3 appstudio 2','400','360',null,'/flash/kdp3/v3.1.6/kdp3.swf','2011-02-22 16:35:53','2011-02-22 16:35:53',null,1,null,null,2,null,2,1,null,null),
(31009,8,0,0,'content/uiconf/kaltura/kmc/appstudio/kdp3/playlist_30_ui.xml','Playlist template appstudio 2','720','360',null,'/flash/kdp3/v3.1.6/kdp3.swf','2011-02-22 16:35:53','2011-02-22 16:35:53',null,1,null,null,2,null,2,1,null,null),
(48501,1,0,0,'content/uiconf/kaltura/kmc/content/kdp_kmc_content_light.xml','KDP3 light player','400','335','','/flash/kdp3/v3.3.9.2/kdp3.swf','2011-02-22 16:35:53','2011-02-22 16:35:53',null,1,'player',null,2,null,2,1,null,null),
(48502,1,0,0,'content/uiconf/kaltura/kmc/content/kdp_kmc_content_dark.xml','KDP3 dark player','400','335','','/flash/kdp3/v3.3.9.2/kdp3.swf','2011-02-22 16:35:53','2011-02-22 16:35:53',null,1,'player',null,2,null,2,1,null,null),
(1000005,1,99,9900,'content/templates/uiconf/kdp3/widescreenLightskin.xml','Widescreen player - light skin','400','285',null,'/flash/kdp3/v3.5.15/kdp3.swf','2011-02-22 16:35:53','2011-02-22 16:35:53','',1,'kdp3,player','a:2:{s:8:"autoplay";s:5:"false";s:9:"automuted";s:5:"false";}',2,null,2,2,'1',null),
(1000006,1,99,9900,'content/templates/uiconf/kdp3/widescreenPlaylistDark.xml','Widescreen playlist player - dark skin, minimal','740','255',null,'/flash/kdp3/v3.5.15/kdp3.swf','2011-02-22 16:35:53','2011-02-22 16:35:53','',1,'kdp3,playlist','a:2:{s:8:"autoplay";s:5:"false";s:9:"automuted";s:5:"false";}',2,null,2,2,'1',null),
(1000007,1,99,9900,'content/templates/uiconf/kdp3/playerNoShare.xml','Player with no share button','400','360',null,'/flash/kdp3/v3.5.15/kdp3.swf','2011-02-22 16:35:53','2011-02-22 16:35:53','',1,'kdp3,player','a:2:{s:8:"autoplay";s:5:"false";s:9:"automuted";s:5:"false";}',2,null,2,2,'1',null),
(1000008,1,99,9900,'content/templates/uiconf/kdp3/WatermarkPlayer.xml','Player with custom watermark','400','330',null,'/flash/kdp3/v3.5.15/kdp3.swf','2011-02-22 16:35:53','2011-02-22 16:35:53','',1,'kdp3,player','a:2:{s:8:"autoplay";s:5:"false";s:9:"automuted";s:5:"false";}',2,null,2,2,'1',null),
(1000009,1,99,9900,'content/templates/uiconf/kdp3/MultiPlaylists.xml','Multiple playlists - dark skin','740','330',null,'/flash/kdp3/v3.5.15/kdp3.swf','2011-02-22 16:35:53','2011-02-22 16:35:53',null,1,'kdp3,playlist','a:2:{s:8:"autoplay";s:5:"false";s:9:"automuted";s:5:"false";}',3,null,1,2,'1',null),
(1002217,2,0,0,'content/uiconf/special/1002217.xml','moodle KCW  vid only - Do not touch','640','480',null,'/flash/kcw/v2.1.2/ContributionWizard.swf','2011-02-22 16:41:25','2011-02-22 16:41:25','',1,'',null,2,null,2,3,null,null),
(1002225,2,0,0,'content/uiconf/special/1002225.xml','KCW Light','','',null,'/flash/kcw/v2.1.2/ContributionWizard.swf','2011-02-22 16:41:25','2011-02-22 16:41:25','',1,'',null,2,null,2,3,null,null),
(1002226,3,0,0,'content/uiconf/special/1002226.xml','KSE Light','','',null,'/flash/kse/v2.1.8/simpleeditor.swf','2011-02-22 16:41:25','2011-02-22 16:41:25','',1,'',null,2,null,2,3,null,null),
(1003069,1,0,0,'content/uiconf/special/1003069.xml','moodle extension vidpres player','780','358',null,'/flash/kdp/dev/2tor_sync/carousel/kdp.swf','2011-02-22 16:41:25','2011-02-22 16:41:25','',1,'',null,2,null,2,3,null,null),
(611,2,0,0,'content/uiconf/kaltura/drupal/cw_drupal_2.0_video_only.xml','CW Drupal 2.0 Video Only','','',null,'/flash/kcw/v2.0.7/ContributionWizard.swf','2011-02-22 16:41:25','2011-02-22 16:41:25',null,1,null,null,2,null,2,1,null,null),
(612,2,0,0,'content/uiconf/kaltura/drupal/cw_drupal_2.0_image_only.xml','CW Drupal 2.0 Image Only','','',null,'/flash/kcw/v2.0.7/ContributionWizard.swf','2011-02-22 16:41:25','2011-02-22 16:41:25',null,1,null,null,2,null,2,1,null,null),
(613,2,0,0,'content/uiconf/kaltura/drupal/cw_drupal_2.0_audio_only.xml','CW Drupal 2.0 Audio Only','','',null,'/flash/kcw/v2.0.7/ContributionWizard.swf','2011-02-22 16:41:25','2011-02-22 16:41:25',null,1,null,null,2,null,2,1,null,null),
(614,2,0,0,'content/uiconf/kaltura/drupal/cw_drupal_2.0_all.xml','CW Drupal 2.0 All','','',null,'/flash/kcw/v2.0.7/ContributionWizard.swf','2011-02-22 16:41:25','2011-02-22 16:41:25',null,1,null,null,2,null,2,1,null,null),
(1000865,4,0,0,'content/uiconf/kaltura/generic/kae_1.0.15/kae_generic_generic.xml','ae','750','640',null,'/flash/kae/v1.1.1/KalturaAdvancedVideoEditor.swf','2011-02-22 16:41:25','2011-02-22 16:41:25','',1,'',null,2,null,2,3,null,null),
(1638692,2,0,0,'content/uiconf/special/1638692.xml','drupal cw webcam only','680','480',null,'/flash/kcw/v2.0.7/ContributionWizard.swf','2011-02-22 16:41:25','2011-02-22 16:41:25','',1,'',null,2,null,2,3,null,null),
(1466342,8,0,0,'content/uiconf/special/1466342.xml','DO NOT DELETE- kdp3- moodle extension KDP','400','365',null,'/flash/kdp3/v3.3.9.2/kdp3.swf','2011-02-22 16:41:25','2011-02-22 16:41:25','',0,'','a:2:{s:8:"autoplay";b:0;s:9:"automuted";b:0;}',2,null,2,2,null,null),
(1466432,8,0,0,'content/uiconf/special/1466432.xml','DO NOT DELETE - KDP Light -- moodle extension KDP3','400','365',null,'/flash/kdp3/v3.3.9.2/kdp3.swf','2011-02-22 16:41:25','2011-02-22 16:41:25','',0,'','a:2:{s:8:"autoplay";b:0;s:9:"automuted";b:0;}',2,null,2,2,null,null),
(1466482,8,0,0,'content/uiconf/special/1466482.xml','DO NOT DELETE - Moodle - Dark with Remix kdp3','400','365',null,'/flash/kdp3/v3.3.9.2/kdp3.swf','2011-02-22 16:41:25','2011-02-22 16:41:25','',0,'','a:2:{s:8:"autoplay";b:0;s:9:"automuted";b:0;}',2,null,2,2,null,null),
(1496582,8,0,0,'content/uiconf/special/1496582.xml','DO NOT DELETE - Moodle - Light with Remix kdp3','400','365',null,'/flash/kdp3/v3.3.9.2/kdp3.swf','2011-02-22 16:41:25','2011-02-22 16:41:25','',0,'','a:2:{s:8:"autoplay";b:0;s:9:"automuted";b:0;}',2,null,2,2,null,null),
(1347302,8,0,0,'content/uiconf/special/1347302.xml','DO NOT DELETE - kdp for Joomla - NoEditNoShareLight','400','335',null,'/flash/kdp3/v3.3.9.2/kdp3.swf','2011-02-22 16:41:25','2011-02-22 16:41:25','',1,'PlayJoomlaKDP3ER','a:2:{s:8:"autoplay";b:0;s:9:"automuted";b:0;}',2,null,2,2,null,null),
(1347352,8,0,0,'content/uiconf/special/1347352.xml','DO NOT DELETE - kdp for Joomla-NoEditNoShareDark','400','335',null,'/flash/kdp3/v3.3.9.2/kdp3.swf','2011-02-22 16:41:25','2011-02-22 16:41:25','',1,'PlayJoomlaKDP3ER','a:2:{s:8:"autoplay";b:0;s:9:"automuted";b:0;}',2,null,2,2,null,null),
(1676202,8,0,0,'content/uiconf/special/1676202.xml','DO NOT DELETE - Joomla KDP-NoEditShareLight','400','335',null,'/flash/kdp3/v3.3.9.2/kdp3.swf','2011-02-22 16:41:25','2011-02-22 16:41:25','',1,'','a:2:{s:8:"autoplay";b:0;s:9:"automuted";b:0;}',2,null,2,2,null,null),
(1347462,8,0,0,'content/uiconf/special/1347462.xml','DO NOT DELETE - kdp for Joomla-NoEditShareDark','400','335',null,'/flash/kdp3/v3.3.9.2/kdp3.swf','2011-02-22 16:41:25','2011-02-22 16:41:25','',1,'PlayJoomlaKDP3ER',null,2,null,2,2,null,null),
(1433562,8,0,0,'content/uiconf/special/1433562.xml',' NOT DELETE - kdp for Joomla - NoShareLight','400','335',null,'/flash/kdp3/v3.3.9.2/kdp3.swf','2011-02-22 16:41:25','2011-02-22 16:41:25','',1,'',null,2,null,2,2,null,null),
(1435082,8,0,0,'content/uiconf/special/1435082.xml','DO NOT DELETE - kdp for Joomla-NoShareDark','400','335',null,'/flash/kdp3/v3.3.9.2/kdp3.swf','2011-02-22 16:41:25','2011-02-22 16:41:25','',1,'',null,2,null,2,2,null,null),
(1435152,8,0,0,'content/uiconf/special/1435152.xml','DO NOT DELETE - kdp for Joomla-ShareLight','400','335',null,'/flash/kdp3/v3.3.9.2/kdp3.swf','2011-02-22 16:41:25','2011-02-22 16:41:25','',1,'',null,2,null,2,2,null,null),
(1435202,8,0,0,'content/uiconf/special/1435202.xml','DO NOT DELETE - kdp for Joomla-ShareDark','400','335',null,'/flash/kdp3/v3.3.9.2/kdp3.swf','2011-02-22 16:41:25','2011-02-22 16:41:25','',1,'',null,2,null,2,2,null,null),
(1292302,8,0,0,'content/uiconf/special/1292302.xml','new drupal','400','330',null,'/flash/kdp3/v3.3.9.2/kdp3.swf','2011-02-22 16:41:25','2011-02-22 16:41:25','',1,'',null,2,null,2,3,null,null),
(1013682,2,0,0,'content/uiconf/special/1013682.xml','Joomla- Video Only','','',null,'/flash/kcw/v2.1.2/ContributionWizard.swf','2011-02-22 16:41:25','2011-02-22 16:41:25','',1,'',null,2,null,2,3,null,null),
(1013692,2,0,0,'content/uiconf/special/1013692.xml','Joomla-KCWFull','','',null,'/flash/kcw/v2.1.2/ContributionWizard.swf','2011-02-22 16:41:25','2011-02-22 16:41:25','',1,'',null,2,null,2,3,null,null),
(1103,5,0,0,'content/uiconf/special/1103.xml','kupload 1.0.7','','',null,'/flash/kupload/v1.1.7/KUpload.swf','2011-02-22 16:41:25','2011-02-22 16:41:25','',1,'','a:2:{s:8:"autoplay";b:0;s:9:"automuted";b:0;}',2,null,2,1,null,null),
(1002613,5,0,0,'content/uiconf/moodle/kuploader/kuploader_all.xml','moodle kuploader','','',null,'/flash/kupload/v1.1.23/KUpload.swf','2011-02-22 16:41:25','2011-02-22 16:41:25','',1,'','a:2:{s:8:"autoplay";b:0;s:9:"automuted";b:0;}',2,null,2,3,null,null),
(1000973,2,0,0,'content/uiconf/kaltura/generic/kcw_1.6.5/dark/kcw_noclose.xml','Kaltrua kcw - default dark no close button','682','362',null,'/flash/kcw/v1.6.5.24461/ContributionWizard.swf','2011-02-22 16:41:25','2011-02-22 16:41:25','',1,'',null,2,null,2,3,null,null),
(1727872,2,0,0,'content/uiconf/special/1727872.xml','CW Drupal 2.0 All for KAE and KSE','','',null,'/flash/kcw/v2.0.7/ContributionWizard.swf','2011-02-22 16:41:25','2011-02-22 16:41:25','',1,'',null,2,null,2,3,null,null),
(533,1,0,0,'content/uiconf/kaltura/wordpress/kdp_2.0.12/kdp_wordpress_v2_thumbnail.xml','wordpress v2.3','410','364',null,'/flash/kdp/v2.0.12/kdp.swf','2011-02-22 16:41:25','2011-02-22 16:41:25','disableUrlHashing=true',1,null,null,2,null,2,1,null,null),
(534,8,0,0,'content/uiconf/kaltura/wordpress/wordpress_2.5/kdp3_light.xml','WordPress v2.5 kdp3 light','400','330',null,'/flash/kdp3/v3.3.9.2/kdp3.swf','2011-02-22 16:41:25','2011-02-22 16:41:25','',1,'',null,2,null,2,1,null,null),
(535,8,0,0,'content/uiconf/special/1466342.xml','WordPress v2.5 kdp3 dark','400','330',null,'/flash/kdp3/v3.3.9.2/kdp3.swf','2011-02-22 16:41:25','2011-02-22 16:41:25','',1,'',null,2,null,2,3,null,null),
(540,3,0,0,'content/uiconf/kaltura/wordpress/wordpress_2.5/kse.xml','WordPress KSE (for v2.5)','','',null,'/flash/kse/v2.1.8/simpleeditor.swf','2011-02-22 16:41:25','2011-02-22 16:41:25',null,1,null,null,2,null,2,1,null,null),
(541,2,0,0,'content/uiconf/kaltura/wordpress/wordpress_2.5/kcw_for_kse.xml','WordPress KCW For SE (for v2.5)','','',null,'/flash/kcw/v2.0.7/ContributionWizard.swf','2011-02-22 16:41:25','2011-02-22 16:41:25',null,1,null,null,2,null,2,1,null,null),
(542,2,0,0,'content/uiconf/kaltura/wordpress/wordpress_2.5/kcw.xml','WordPress KCW (for v2.5)','','',null,'/flash/kcw/v2.0.7/ContributionWizard.swf','2011-02-22 16:41:25','2011-02-22 16:41:25',null,1,null,null,2,null,2,1,null,null),
(543,2,0,0,'content/uiconf/kaltura/wordpress/wordpress_2.5/kcw_admin.xml','WordPress KCW Admin (for v2.5)','','',null,'/flash/kcw/v2.0.7/ContributionWizard.swf','2011-02-22 16:41:25','2011-02-22 16:41:25','',1,'',null,2,null,2,1,null,null),
(544,2,0,0,'content/uiconf/kaltura/wordpress/wordpress_2.5/kcw_comments.xml','WordPress KCW Comments (for v2.5)','','',null,'/flash/kcw/v2.0.7/ContributionWizard.swf','2011-02-22 16:41:25','2011-02-22 16:41:25',null,1,null,null,2,null,2,1,null,null),
(4396041,2,0,0,'content/uiconf/special/4396041.xml','drupal video only','','',null,'/flash/kcw/v2.1.6.7/ContributionWizard.swf','2010-04-28 12:27:27','2010-04-28 12:33:50','',1,'',null,2,null,2,3,null,null),
(4396051,2,0,0,'content/uiconf/special/4396051.xml','drupal audio only','','',null,'/flash/kcw/v2.1.6.7/ContributionWizard.swf','2010-04-28 12:36:21','2010-04-28 12:39:05','',1,'',null,2,null,2,3,null,null),
(4396061,2,0,0,'content/uiconf/special/4396061.xml','drupal photo only','','',null,'/flash/kcw/v2.1.6.7/ContributionWizard.swf','2010-04-28 12:40:27','2010-04-28 12:45:03','',1,'',null,2,null,2,3,null,null),
(4396231,2,0,0,'content/uiconf/special/4396231.xml','drupal webcam only','','',null,'/flash/kcw/v2.1.6.7/ContributionWizard.swf','2010-04-28 12:45:46','2010-04-28 12:46:44','',1,'',null,2,null,2,3,null,null),
(4396241,2,0,0,'content/uiconf/special/4396241.xml','drupal all media','','',null,'/flash/kcw/v2.1.6.7/ContributionWizard.swf','2010-04-28 12:47:34','2010-04-28 12:49:00','',1,'',null,2,null,2,3,null,null),
(1426232,8,0,0,'content/uiconf/special/1426232.xml','Blackboard player - View Only','500','311',null,'/flash/kdp3/v3.3.9.2/kdp3.swf','2010-04-07 03:06:35','2010-07-13 06:34:56','',1,'',null,2,null,2,2,null,null),
(1426242,8,0,0,'content/uiconf/special/1426242.xml','Blackboard player - View and edit','500','311',null,'/flash/kdp3/v3.3.9.2/kdp3.swf','2010-04-07 03:11:57','2010-09-07 03:52:20','',1,'',null,2,null,2,2,null,null),
(1798342,3,0,0,'content/uiconf/special/1798342.xml','KSE uiconf for Blackboard','888','544',null,'/flash/kse/v2.1.8/simpleeditor.swf','2010-06-23 05:10:10','2010-06-23 05:38:29','',1,'',null,2,null,2,3,null,null),
(4421301,2,0,0,'content/uiconf/special/4421301.xml','blackboard video only','','',null,'/flash/kcw/v2.1.6.7/ContributionWizard.swf','2011-05-01 07:15:32','2011-05-19 14:25:44','',1,'',null,2,null,2,3,null,null),
(4421471,2,0,0,'content/uiconf/special/4421471.xml','blackboard all media','','',null,'/flash/kcw/v2.1.6.7/ContributionWizard.swf','2011-05-01 07:26:54','2011-05-18 04:53:03','',1,'',null,2,null,2,3,null,null),
(1522202,8,0,0,'content/uiconf/special/1522202.xml','DO NOT DELETE - UVA - dark view only','400','330',null,'/flash/kdp3/v3.5.6/kdp3.swf','2010-04-27 05:25:17','2010-10-20 10:46:30','',0,'',null,2,null,2,2,null,null),
(1522362,8,0,0,'content/uiconf/special/1522362.xml','DO NOT DELETE - UVA- dark view and capture','400','330',null,'/flash/kdp3/v3.5.6/kdp3.swf','2010-04-27 06:12:09','2010-12-16 08:00:35','',0,'','a:2:{s:8:"autoplay";b:0;s:9:"automuted";b:0;}',2,null,2,2,null,null),
(2011401,2,0,0,'content/uiconf/special/2011401.xml','new KCW for UVA','','',null,'/flash/kcw/v2.1.6.3/ContributionWizard.swf','2010-08-08 09:29:08','2011-01-10 03:16:05','',1,'',null,2,null,2,3,null,null),
(2158531,8,0,0,'content/uiconf/special/2158531.xml','Sakai_Default_AudioPlayer','400','100',null,'/flash/kdp3/v3.5.6/kdp3.swf','2010-08-29 06:32:53','2010-10-20 10:47:40','',1,'kdp3,player',null,2,null,2,2,null,null),
(2162571,8,0,0,'content/uiconf/special/2162571.xml','Sakai_Default_ImagePlayer','400','300',null,'/flash/kdp3/v3.5.6/kdp3.swf','2010-08-30 04:25:02','2010-10-20 10:47:02','',1,'kdp3,player',null,2,null,2,2,null,null),
(2733871,4,0,0,'content/uiconf/special/2733871.xml','KAE for UVA','','',null,'/flash/kae/v1.2.3/KalturaAdvancedVideoEditor.swf','2010-11-14 10:08:33','2010-12-06 13:30:19','',1,'','a:2:{s:8:"autoplay";b:0;s:9:"automuted";b:0;}',2,null,2,3,null,null);

insert into `user_login_data`(`id`,`login_email`,`first_name`,`last_name`,`sha1_password`,`salt`,`config_partner_id`,`login_blocked_until`,`created_at`,`updated_at`,`custom_data`) values
(1,'@TEMPLATE_PARTNER_MAIL@','Template',null,'@TEMPLATE_ADMIN_KUSER_SHA1@','@TEMPLATE_ADMIN_KUSER_SALT@',99,null,'2011-02-23 09:45:44','2011-02-23 09:45:44','a:4:{s:14:"login_attempts";N;s:17:"password_hash_key";N;s:18:"previous_passwords";N;s:21:"last_login_partner_id";i:99;}'),
(2,'@BATCH_KUSER_MAIL@','batch','admin','@BATCH_KUSER_SHA1@','@BATCH_KUSER_SALT@',-1,null,'2011-02-23 09:45:44','2011-02-23 09:45:44','a:4:{s:14:"login_attempts";N;s:17:"password_hash_key";N;s:18:"previous_passwords";N;s:21:"last_login_partner_id";i:-1;}'),
(3,'@ADMIN_CONSOLE_KUSER_MAIL@','console','admin','@ADMIN_CONSOLE_KUSER_SHA1@','@ADMIN_CONSOLE_KUSER_SALT@',-2,null,'2011-02-23 09:45:44','2011-02-23 09:45:44','a:4:{s:14:"login_attempts";N;s:17:"password_hash_key";N;s:18:"previous_passwords";N;s:21:"last_login_partner_id";i:-2;}'),
(4,'@SYSTEM_USER_ADMIN_EMAIL@','admin','admin','@SYSTEM_USER_ADMIN_SHA1@','@SYSTEM_USER_ADMIN_SALT@',-2,null,'2011-02-23 09:46:01','2011-02-23 09:46:01','a:3:{s:14:"login_attempts";i:0;s:19:"password_updated_at";s:19:"2011-02-23 09:46:01";s:21:"last_login_partner_id";i:-2;}');


insert into `user_role`(`id`,`str_id`,`name`,`description`,`partner_id`,`status`,`permission_names`,`tags`,`created_at`,`updated_at`,`custom_data`) values
(1,'BASE_USER_SESSION_ROLE','Basic User Session Role','Allowed actions for a basic user with no special permissions',0,1,'BASE_USER_SESSION_PERMISSION',null,'13/04/2011 17:42:54', '13/04/2011 17:42:54',null),
(2,'PARTNER_ADMIN_ROLE','Publisher Administrator','Full control over publisher account and user management functionalities',0,1,'*','kmc,partner_admin','13/04/2011 17:42:54', '13/04/2011 17:42:54',null),
(3,'','Manager','Full control over publisher account functionalities',99,1,'KMC_ACCESS,KMC_READ_ONLY,CONTENT_INGEST_UPLOAD,CONTENT_INGEST_BULK_UPLOAD,CONTENT_INGEST_FEED,CONTENT_MANAGE_DISTRIBUTION_BASE,CONTENT_MANAGE_DISTRIBUTION_WHERE,CONTENT_MANAGE_DISTRIBUTION_SEND,CONTENT_MANAGE_DISTRIBUTION_REMOVE,CONTENT_MANAGE_DISTRIBUTION_PROFILE_MODIFY,CONTENT_MANAGE_VIRUS_SCAN,CONTENT_MANAGE_MIX,CONTENT_MANAGE_BASE,CONTENT_MANAGE_METADATA,CONTENT_MANAGE_ASSIGN_CATEGORIES,CONTENT_MANAGE_THUMBNAIL,CONTENT_MANAGE_SCHEDULE,CONTENT_MANAGE_ACCESS_CONTROL,CONTENT_MANAGE_CUSTOM_DATA,CONTENT_MANAGE_DELETE,CONTENT_MANAGE_RECONVERT,CONTENT_MANAGE_EDIT_CATEGORIES,CONTENT_MANAGE_ANNOTATION,CONTENT_MANAGE_SHARE,CONTENT_MANAGE_DOWNLOAD,LIVE_STREAM_ADD,LIVE_STREAM_UPDATE,CONTENT_MODERATE_BASE,CONTENT_MODERATE_METADATA,CONTENT_MODERATE_CUSTOM_DATA,CONTENT_MODERATE_APPROVE_REJECT,PLAYLIST_BASE,PLAYLIST_ADD,PLAYLIST_UPDATE,PLAYLIST_DELETE,SYNDICATION_BASE,SYNDICATION_ADD,SYNDICATION_UPDATE,SYNDICATION_DELETE,STUDIO_BASE,STUDIO_ADD_UICONF,STUDIO_UPDATE_UICONF,STUDIO_DELETE_UICONF,ACCOUNT_BASE,INTEGRATION_BASE,ACCESS_CONTROL_BASE,ACCESS_CONTROL_ADD,ACCESS_CONTROL_UPDATE,ACCESS_CONTROL_DELETE,TRANSCODING_BASE,TRANSCODING_ADD,TRANSCODING_UPDATE,TRANSCODING_DELETE,CUSTOM_DATA_PROFILE_BASE,CUSTOM_DATA_PROFILE_ADD,CUSTOM_DATA_PROFILE_UPDATE,CUSTOM_DATA_PROFILE_DELETE,CUSTOM_DATA_FIELD_ADD,CUSTOM_DATA_FIELD_UPDATE,CUSTOM_DATA_FIELD_DELETE,ANALYTICS_BASE,WIDGET_ADMIN,SEARCH_SERVICE,ANALYTICS_SEND_DATA,AUDIT_TRAIL_BASE,AUDIT_TRAIL_ADD,ADVERTISING_BASE,ADVERTISING_UPDATE_SETTINGS,PLAYLIST_EMBED_CODE,STUDIO_BRAND_UICONF,STUDIO_SELECT_CONTENT,CONTENT_MANAGE_EMBED_CODE,PLAYLIST_EMBED_CODE','kmc','13/04/2011 17:42:54', '13/04/2011 17:42:54',null),
(4,'','Content Uploader','Access to content ingestion and management functionalities',99,1,'KMC_ACCESS,KMC_READ_ONLY,CONTENT_INGEST_UPLOAD,CONTENT_INGEST_BULK_UPLOAD,CONTENT_MANAGE_BASE','kmc','2011-08-11 17:17:54','2011-08-11 17:17:54',null),
(5,'','Content Moderator','Access to publisher content moderation panel',99,1,'KMC_ACCESS,KMC_READ_ONLY,CONTENT_MODERATE_APPROVE_REJECT,CONTENT_MODERATE_BASE,CONTENT_MODERATE_METADATA,CONTENT_MODERATE_CUSTOM_DATA','kmc','2011-08-11 17:17:54','2011-08-11 17:17:54',null),
(6,'','Player Designer','Access to publisher studio',99,1,'KMC_ACCESS,KMC_READ_ONLY,STUDIO_BASE,STUDIO_ADD_UICONF,STUDIO_UPDATE_UICONF,STUDIO_DELETE_UICONF,STUDIO_BRAND_UICONF','kmc','2011-08-11 17:17:54', '2011-08-11 17:17:54',null),
(7,'','System Administrator','Full permissions to all functionalities',-2,1,'*','admin_console','2011-08-11 17:17:54', '2011-08-11 17:17:54',null),
(8,'','Support Manager','Support manager',-2,1,'SYSTEM_ADMIN_BASE,SYSTEM_ADMIN_PUBLISHER_BASE,SYSTEM_ADMIN_PUBLISHER_KMC_ACCESS,SYSTEM_ADMIN_PUBLISHER_CONFIG,SYSTEM_ADMIN_PUBLISHER_BLOCK,SYSTEM_ADMIN_PUBLISHER_ADD,SYSTEM_ADMIN_PUBLISHER_USAGE,SYSTEM_ADMIN_DEVELOPERS_TAB,SYSTEM_ADMIN_BATCH_CONTROL,SYSTEM_ADMIN_CONTENT_DISTRIBUTION_BASE,SYSTEM_ADMIN_CONTENT_DISTRIBUTION_MODIFY,SYSTEM_ADMIN_PUBLISHER_RESET_USER_PASSWORD,systemPartner.SYSTEM_ADMIN_PUBLISHER_CONFIG_ACCOUNT_INFO,systemPartner.SYSTEM_ADMIN_PUBLISHER_CONFIG_GROUP_OPTIONS','admin_console','2011-08-11 17:17:54','2011-08-11 17:17:54',null),
(9,'','Publisher Administrator','Publishers Administrator',-2,1,'SYSTEM_ADMIN_BASE,SYSTEM_ADMIN_PUBLISHER_BASE,SYSTEM_ADMIN_PUBLISHER_KMC_ACCESS,SYSTEM_ADMIN_PUBLISHER_CONFIG,SYSTEM_ADMIN_PUBLISHER_BLOCK,SYSTEM_ADMIN_PUBLISHER_ADD,SYSTEM_ADMIN_PUBLISHER_USAGE,SYSTEM_ADMIN_DEVELOPERS_TAB','admin_console','2011-08-11 17:17:54','2011-08-11 17:17:54',null),
(10,'','Guest','Guest',-2,1,'SYSTEM_ADMIN_BASE','admin_console','2011-08-11 17:17:54','2011-08-11 17:17:54',null);
insert into `widget`(`id`,`int_id`,`source_widget_id`,`root_widget_id`,`partner_id`,`subp_id`,`kshow_id`,`entry_id`,`ui_conf_id`,`custom_data`,`security_type`,`security_policy`,`created_at`,`updated_at`,`partner_data`) values 
('_99',1,null,null,99,9900,null,null,200,null,null,null,'2011-02-22 16:38:16','2011-02-22 16:38:16',null);